method,pearson_correlation,spearman_correlation,mae,rmse,accuracy_within_1,accuracy_within_2,avg_response_time,total_predictions
zero_shot,0.3419277207701472,0.4428583969101795,2.82,3.4957116585897072,0.28,0.48,0.5940794467926025,50
few_shot,0.39164826254842156,0.4322720494901713,3.94,4.921381919745713,0.22,0.38,0.5792733573913574,50
