{
  "zero_shot_metrics": {
    "mae": 6.723076923076923,
    "rmse": 8.398717850866378,
    "pearson_correlation": 0.3998228399101626,
    "spearman_correlation": 0.41507796137213376,
    "accuracy_within_1": 0.07692307692307693,
    "accuracy_within_2": 0.15384615384615385,
    "total_predictions": 65
  },
  "few_shot_metrics": {
    "mae": 4.630769230769231,
    "rmse": 5.373725251343157,
    "pearson_correlation": 0.40883351994339806,
    "spearman_correlation": 0.382608453822491,
    "accuracy_within_1": 0.12307692307692308,
    "accuracy_within_2": 0.2153846153846154,
    "total_predictions": 65
  }
}