{
  "total_cost": 1.61259,
  "cost_per_method": {
    "zero_shot": {
      "total_cost": 0.7501499999999999,
      "cost_per_prediction": 0.03750749999999999,
      "tokens_used": 19236,
      "input_tokens": 13465,
      "output_tokens": 5770
    },
    "few_shot": {
      "total_cost": 0.86244,
      "cost_per_prediction": 0.043122,
      "tokens_used": 22115,
      "input_tokens": 15480,
      "output_tokens": 6634
    }
  },
  "cost_per_prediction": 0.040314749999999996,
  "token_distribution": {}
}