{
  "project_name": "jirasoftware_filtered",
  "test_samples": 65,
  "few_shot_examples": 5,
  "zero_shot_metrics": {
    "pearson_correlation": 0.3253523574065968,
    "spearman_correlation": 0.2553061030513824,
    "mean_absolute_error": 5.584615384615384,
    "root_mean_squared_error": 6.986800742499002,
    "accuracy_within_1": 0.12307692307692308,
    "accuracy_within_2": 0.24615384615384617,
    "total_predictions": 65
  },
  "few_shot_metrics": {
    "pearson_correlation": 0.5012582718343028,
    "spearman_correlation": 0.5378694969268445,
    "mean_absolute_error": 1.4307692307692308,
    "root_mean_squared_error": 2.1943984632205282,
    "accuracy_within_1": 0.6153846153846154,
    "accuracy_within_2": 0.8,
    "total_predictions": 65
  }
}