method,pearson_correlation,spearman_correlation,mae,rmse,accuracy_within_1,accuracy_within_2,avg_response_time,total_predictions
zero_shot,0.21476453313129312,0.21714752864319253,0,0,0.27692307692307694,0.4461538461538462,0,65
few_shot,0.47806676799092285,0.5477933982775332,0,0,0.1076923076923077,0.2923076923076923,0,65
