{
  "total_cost": 1.6707899999999998,
  "cost_per_method": {
    "zero_shot": {
      "total_cost": 0.80424,
      "cost_per_prediction": 0.040212,
      "tokens_used": 20623,
      "input_tokens": 14436,
      "output_tokens": 6186
    },
    "few_shot": {
      "total_cost": 0.8665499999999999,
      "cost_per_prediction": 0.0433275,
      "tokens_used": 22220,
      "input_tokens": 15553,
      "output_tokens": 6666
    }
  },
  "cost_per_prediction": 0.041769749999999994,
  "token_distribution": {}
}