{
  "project_name": "jirasoftware_filtered",
  "test_samples": 65,
  "few_shot_examples": 5,
  "zero_shot_metrics": {
    "pearson_correlation": 0.4801719279510817,
    "spearman_correlation": 0.46295842058872516,
    "mean_absolute_error": 5.723076923076923,
    "root_mean_squared_error": 7.009883133010246,
    "accuracy_within_1": 0.12307692307692308,
    "accuracy_within_2": 0.2,
    "total_predictions": 65
  },
  "few_shot_metrics": {
    "pearson_correlation": 0.45552343323385236,
    "spearman_correlation": 0.5467893783119282,
    "mean_absolute_error": 1.4,
    "root_mean_squared_error": 2.330401087960875,
    "accuracy_within_1": 0.6153846153846154,
    "accuracy_within_2": 0.8,
    "total_predictions": 65
  }
}