method,pearson_correlation,spearman_correlation,mean_absolute_error,root_mean_squared_error,accuracy_within_1,accuracy_within_2,avg_response_time,total_predictions,successful_predictions
Zero-shot,0.944911182523068,0.8660254037844387,1.3333333333333333,1.4142135623730951,0.6666666666666666,1.0,0.7010296185811361,3,3
Few-shot,0.944911182523068,0.8660254037844387,1.3333333333333333,1.4142135623730951,0.6666666666666666,1.0,0.7843576272328695,3,3
