{
  "project_name": "jirasoftware_filtered",
  "test_samples": 65,
  "few_shot_examples": 5,
  "zero_shot_metrics": {
    "pearson_correlation": 0.16897242477344834,
    "spearman_correlation": 0.31920578753799733,
    "mean_absolute_error": 3.523076923076923,
    "root_mean_squared_error": 5.797877595757314,
    "accuracy_within_1": 0.3076923076923077,
    "accuracy_within_2": 0.46153846153846156,
    "total_predictions": 65
  },
  "few_shot_metrics": {
    "pearson_correlation": 0.40602295425170265,
    "spearman_correlation": 0.3758286897938245,
    "mean_absolute_error": 5.1692307692307695,
    "root_mean_squared_error": 6.937079855607612,
    "accuracy_within_1": 0.2,
    "accuracy_within_2": 0.35384615384615387,
    "total_predictions": 65
  }
}