dataset,run_index,issuekey_xi,issuekey_xj,title_xi,description_xi,title_xj,description_xj,predicted_Yi,actual_Yi,storypoint_xi,storypoint_xj,request_started_at,request_finished_at,request_runtime_seconds,raw_response
duracloud,5,DURACLOUD-1042,DURACLOUD-1009,Add CORS headers to Elastic Beanstalk config,We need to perform the same config on 4.x that we did on 3.x,upgrade spring security in snapshot,,-1,-1,1,2,2026-05-14T20:44:39Z,2026-05-14T20:58:30Z,830.875,"{""Decision"": -1}"
duracloud,5,DURACLOUD-886,DURACLOUD-887,Restricted Streaming,"- DuraCloud would continue to use CloudFront to stream files, but would add an option to limit access to streamed content. There would be two options when setting a space to be streamed: open streaming (which is how we do streaming now) and restricted streaming.(the new feature). - When using restricted streaming, no files would be directly accessible. Instead, to expose a file, a new DuraCloud REST method would be provided which could be called to retrieve a signed URL that could then be used to stream the file. - The new REST call would require providing the username and password of a DuraCloud user with administrative rights. - The new REST call would require an ending date and time parameter, after which the returned URL is no longer valid. - The new REST call would allow for providing an optional parameter indicating the IP address or range of addresses that can be used to access the content.  The consumer of this service (UNC in this case) will be responsible for: - Verifying that a user of their system should have access to the content that is to be streamed - Making the call to DuraCloud (with appropriate DuraCloud permissions) to request and retrieve the signed URL - Inserting the URL into an RTMP player (e.g. Flowplayer, JWPlayer, etc) which will allow the user to view the content",User IP limits,"- DuraCloud would add a new user attribute which defines an IP address or range (using CIDR notation) - Once this attribute for a user is filled out, all future attempts to log in as that user (both in DuraCloud instances and the Management Console) would require that the user be coming from that IP address or range. - Users would be able to update this attribute in the Management Console. - Note: This feature would need to support multiple IP address/range entries, as there could be 2 or 3 specific IPs where the user needs to be able to log in from.",1,1,8,3,2026-05-14T20:44:39Z,2026-05-14T20:58:31Z,831.751,"{""Decision"": 1}"
duracloud,5,DURACLOUD-898,DURACLOUD-1006,Spaces no longer loading in Firefox 33.0+ in duradmin,After upgrading to Firefox 33.0 spaces are not longer loading.,Investigate automate deployment to beanstalk,"As a first step, it would be very helpful if commits to development version were automatically deployed to a test beanstalk environment.  Additionally it would be good if integration tests were run as part of that process.    NB: Since dependencies such as duracloud-db have *-SNAPSHOT versions while each duracloud instance is in development,  it would be good if duracloud-db commits also trigger a rebuild of duracloud and management-console.",-1,-1,1,4,2026-05-14T20:44:39Z,2026-05-14T20:58:31Z,832.295,"{""Decision"": -1}"
duracloud,5,DURACLOUD-1005,DURACLOUD-1018,MC:  global properties form does not give useful feedback when data is invalid,,Management Console: Deleting a user from an account is failing,HTTP Status 403 - Invalid CSRF Token 'null' was found on the request parameter '_csrf' or header 'X-CSRF-TOKEN'.    Probably is due to the fact that  CSRF tokens are on by default in the new spring security.,-1,-1,1,2,2026-05-14T20:44:39Z,2026-05-14T20:58:32Z,832.804,"{""Decision"": -1}"
duracloud,5,DURACLOUD-917,DURACLOUD-884,Storage report display values are inconsistent,"The storage report charts in the DurAdmin display do not show consistent values between the line chart (historical size) and the pie charts. This inconsistency is because one of the two uses GiB (Gibibytes) and the other uses GB (Gigabytes). A GiB is 1024^3 bytes, while a GB is 1000^3 bytes.    This issue should be resolved by updating the storage reports to make use of GB rather than GiB. This will provide greater consistency.    Note that this is also an issue reported in DURACHRON-79, where the inconsistency is between the storage reports and the snapshot.",Better handling for content files added with an incorrect checksum,"Currently when a content item is added to a storage provider via a PUT content REST call, if the checksum included with that content item does not match the checksum computed by the provider, a 500 response is generated, and the file itself remains on the storage provider.  This task is to: 1. Ensure that if content fails the checksum check, it is either not added to or is removed from the space. 2. Return a response with an error code and body text that better describes the issue.",-1,-1,1,3,2026-05-14T20:44:39Z,2026-05-14T20:58:32Z,833.075,"{""Decision"": -1}"
duracloud,5,DURACLOUD-980,DURACLOUD-930,OpenstackProvider marker and prefix params are not url encoded on space listing calls,This problem applies to both get spaces and get spaces chunked calls.  It appears that this problem was addresses for get content calls.  So the OpenStackStorageProvider performs a url encode as well as some other encoding magic to get things to work properly.   These issues were identified for  jclouds 1.8.0 (the version we're using) in this jira: https://issues.apache.org/jira/browse/JCLOUDS-217 .  According to the issue details it was resolved in jclouds 2.0.0.   Short term solution is to apply the fix to the OpenStackStorageProvider.  I believe the longer term fix is to upgrade to jclouds 2.0.0.  That later fix will likely be somewhat involved since there were major api changes between 1.x and 2.x.,Turning off space streaming clears space permissions,"On a space with streaming enabled, setting streaming to off (via the UI) will cause the bucket property which maintains space permissions to be removed. This effectively deletes all space permissions (making the space and the contents of the space unavailable to anyone beyond administrators).     Note that this clearing of permissions is not immediately reflected in the UI, as the permissions set is cached.",-1,1,2,1,2026-05-14T20:44:39Z,2026-05-14T20:58:32Z,833.081,"{""Decision"": -1}"
duracloud,5,DURACLOUD-1050,DURACLOUD-1019,Update Duplication Monitor to work with DuraCloud 4.x,1. Remove obsolete dependencies on database  2. Retrieve space counts from storage stats rather than making a content item count by means of looping through all the content ids.  3. Ensure monitor username and password is encrypted,Management console: Logout link results in 404,,1,1,3,1,2026-05-14T20:44:39Z,2026-05-14T20:58:32Z,833.298,"{""Decision"": 1}"
duracloud,5,DURACLOUD-866,DURACLOUD-863,Set up local logging to capture read and write storage actions,The AuditStorageProvider already captures read and write events. This work is to have that information written out to local log files,Remove ActiveMQ,This work is to remove the use of ActiveMQ in DuraCloud. Storage events should be now captured by the AuditStorageProvider.,-1,-1,1,2,2026-05-14T20:44:39Z,2026-05-14T20:58:33Z,833.919,"{""Decision"": -1}"
duracloud,5,DURACLOUD-987,DURACLOUD-1004,Mill:  Handle corner case of missing storage provider,Currently the looping task producers  will enter an infinite loop if a storage provider is missing.  It should retry a few times.  If it continues to fail it should send and an email and move on.,Remove duracloud user and password from GlobalProperties in Management Console,,1,1,2,1,2026-05-14T20:44:39Z,2026-05-14T20:58:33Z,834.161,"{""Decision"": 1}"
duracloud,5,DURACLOUD-974,DURACLOUD-924,Finish storage report conversion:  relative space byte and item count sizes.,For beanstalk version implement storage stats pie chart view of space size and space item count as of x day to match what is currently available in duracloud 3.6.0.,Instance not initialized call should return something other than a 503,Each of the DuraCloud apps currently responds to a /init REST call with either a 200 if the app is initialized and ready for use or a 503 if the app is available but not yet initialized.    This task is to update this to change the 503 to another code. The reason is that Apache also returns 503 responses as a DuraCloud instance is starting when it is not yet able to make a connection to Tomcat. This results in the Management Console thinking that an instance is ready to be initialized when  it is not yet available.    Note that this change will require a companion change in the MC to ensure that the correct HTTP code is expected on init.,1,1,3,1,2026-05-14T20:44:39Z,2026-05-14T20:58:34Z,834.953,"{""Decision"": 1}"
duracloud,5,DURACLOUD-936,DURACLOUD-869,Durastore incorrectly reports duplicate space.,"To reproduce the issue:     1. create a space called ""my-space""  2. create a space called ""my.space""  3. the second call should fail and report a duplicate space.    Note that performing the above calls in reverse order succeeds.    Finally,  after performing call in reverse order, notice that deleting the my.space  results in both my.space and my-space being deleted.",Sync Tool: add content ID prefix option,"In a discussion with NCDCR, they noted that they would like to be able to break up their data set, and perform syncs at lower levels in their path hierarchy, but are prevented from doing so because they would like the full directory path to be included in the content ID. Currently, the only way to do this is (in a Windows environment) to either run the Sync/Upload tool from a high level directory, or move content around. Moving content around, in their production storage system is not practical.  The new feature requested to resolve this problem: Allow for a prefix option, that would be prepended on all content items being transferred.  To keep this simple, the prefix provided would apply to all files in all specified content directories.",-1,-1,1,2,2026-05-14T20:44:39Z,2026-05-14T20:58:35Z,835.683,"{""Decision"": -1}"
duracloud,5,DURACLOUD-869,DURACLOUD-904,Sync Tool: add content ID prefix option,"In a discussion with NCDCR, they noted that they would like to be able to break up their data set, and perform syncs at lower levels in their path hierarchy, but are prevented from doing so because they would like the full directory path to be included in the content ID. Currently, the only way to do this is (in a Windows environment) to either run the Sync/Upload tool from a high level directory, or move content around. Moving content around, in their production storage system is not practical.  The new feature requested to resolve this problem: Allow for a prefix option, that would be prepended on all content items being transferred.  To keep this simple, the prefix provided would apply to all files in all specified content directories.",SyncTool: Make sure files restored from change list on re-start are in the current set of content directories,"An issue reported by NCDCR:  The SyncTool performed a restart and picked up an old change list file even though the set of content directories was completely different. This happened because the SyncTool was started (writing the config) then killed before the old change list could be overwritten. On the next run, the config matched, so a restarted was carried out, pulling in change list files which really should have been ignored.    To fix this problem, the proposal is add a check on restart, just after the change list is read in, to remove any files from the change list that don't actually exist in the list of content directories.",1,1,2,1,2026-05-14T20:44:39Z,2026-05-14T20:58:36Z,836.491,"{""Decision"": 1}"
duracloud,5,DURACLOUD-858,DURACLOUD-1024,Upgrade to tomcat7,,"In the CleanUpSnapshotTask,  read all items before generating delete messages","Currently the CleanupSnapshot task streams manifest items using a streaming iterator.  For each item, a  delete audit message is generated.  Under the covers the manifest item streamer pulls items in 10K item pages.   If the manifest processor in the mill begins working the list before all pages have been pulled,  the manifest streamer will miss some records.    To resolve,  write entire list of content Ids to file before generating audit tasks.",-1,1,2,1,2026-05-14T20:44:39Z,2026-05-14T20:58:36Z,836.495,"{""Decision"": -1}"
duracloud,5,DURACLOUD-1004,DURACLOUD-991,Remove duracloud user and password from GlobalProperties in Management Console,,Setup Bit integrity producer to run automatically,"It would be beneficial to rerun failed bit integrity runs in order to reduce the time spent managing bit integrity failures.     To achieve this end we must  1. Ensure that if an instance of the producer is currently running, do not run.  2.  modify the bit integrity producer to ignore any space that has run successfully within the last 60 days.",-1,-1,1,2,2026-05-14T20:44:39Z,2026-05-14T20:58:37Z,837.446,"{""Decision"": -1}"
duracloud,5,DURACLOUD-1024,DURACLOUD-989,"In the CleanUpSnapshotTask,  read all items before generating delete messages","Currently the CleanupSnapshot task streams manifest items using a streaming iterator.  For each item, a  delete audit message is generated.  Under the covers the manifest item streamer pulls items in 10K item pages.   If the manifest processor in the mill begins working the list before all pages have been pulled,  the manifest streamer will miss some records.    To resolve,  write entire list of content Ids to file before generating audit tasks.",Changes to users in management console does not always trigger update in duracloud,The following scenarios appear not to cause a cache update in duracloud:    1. Removing a user from an account  2. Adding a new user to an account  3. Updating a user's rights on an account.    also: double check deleting a user from all accounts works.,1,-1,1,2,2026-05-14T20:44:39Z,2026-05-14T20:58:37Z,837.819,"{""Decision"": 1}"
duracloud,5,DURACLOUD-896,DURACLOUD-917,Add SyncTool feature which allows for skipping existance checks for new content sets,"This feature allows initial transfers of data sets to proceed without the usual checks to see if the content is already in DuraCloud (since we know that it is not.) Instead, all files will simply be transferred.  The need for this feature comes from GSU. With a large set of small files (4.7 million under 1 MB), the overhead of doing the checks for each file was slowing down the overall transfer considerably.",Storage report display values are inconsistent,"The storage report charts in the DurAdmin display do not show consistent values between the line chart (historical size) and the pie charts. This inconsistency is because one of the two uses GiB (Gibibytes) and the other uses GB (Gigabytes). A GiB is 1024^3 bytes, while a GB is 1000^3 bytes.    This issue should be resolved by updating the storage reports to make use of GB rather than GiB. This will provide greater consistency.    Note that this is also an issue reported in DURACHRON-79, where the inconsistency is between the storage reports and the snapshot.",1,1,2,1,2026-05-14T20:44:39Z,2026-05-14T20:58:38Z,838.536,"{""Decision"": 1}"
duracloud,5,DURACLOUD-998,DURACLOUD-876,Create dev AMI for  DuraCloud 4.x testing.,,Create 3.0.1 AMI,Updates: - Use 3.0.1 code baseline - Add lumberjack - Update ssh users - Root pw - SSL cert update,1,1,2,1,2026-05-14T20:44:39Z,2026-05-14T20:58:38Z,838.642,"{""Decision"": 1}"
duracloud,5,DURACLOUD-1000,DURACLOUD-929,Improve indexing of management console database,,Multiple space selection does not work,"In DuraCloud v3.3.0, when multiple spaces are selected, the UI displays as if no spaces were selected. There is no option to delete the selected spaces or edit properties (as there was in 3.2.2 and previous versions)    To reproduce:    1. Select a space.  2. Click on the checkbox of another space.  3. The multiple space selection panel does not show up in the detail area.",1,1,2,1,2026-05-14T20:44:39Z,2026-05-14T20:58:38Z,838.75,"{""Decision"": 1}"
duracloud,5,DURACLOUD-867,DURACLOUD-983,Space listing not being displayed in Chrome browser,"When loading the DurAdmin application in the Google Chrome browser, the list of spaces is not displayed. If there are multiple providers configured, selecting a different provider from the dropdown, and then returning to the primary provider allows the spaces listing to show up. If there is only one configured storage provider, there is no clear way to get the spaces listing to display.",Durastore:  TaskProviderFactory is not aware of global account repo,"With the recent beanstalk-oriented changes, any durastore instance can serve requests for any account.    However it appears that the TaskProviderFactoryImpl is not aware of these changes.  It is still thinking that it must be initialized externally as opposed to reading from the global account store.",-1,-1,1,2,2026-05-14T20:44:39Z,2026-05-14T20:58:38Z,839.267,"{""Decision"": -1}"
duracloud,5,DURACLOUD-1013,DURACLOUD-941,Non-admin users not able to see snapshots,"On a DuraCloud Vault instance (vault.d.o), I gave read/write permissions to two spaces to a non-admin user. Both of those spaces had snapshots (one complete, one in process). When logged in as the user, both spaces were visible, but no snapshots were displayed.    A call to the get-snapshots REST endpoint as the user shows the two expects snapshots are listed. This is likely an issue in the UI layer.",Streaming: Allow streaming URL requests for content IDs not in storage,"In order to stream mp3 files through Cloudfront, the files themselves must have the "".mp3"" file extension, but the streaming URL must be requested without the file extension. Currently, there is a check to make sure that a call to get a streaming URL corresponds to a content ID already in storage. In this case, though, the content ID and the ""stream"" ID don't quite match.    This task is to remove the check to see if a content ID is in place before a streaming URL can be requested. This should solve the problem noted above, and make it possible to pre-generate URLs for content files prior to upload, which may be useful as well.",1,1,2,1,2026-05-14T20:44:39Z,2026-05-14T20:58:39Z,839.846,"{""Decision"": 1}"
duracloud,5,DURACLOUD-847,DURACLOUD-825,SyncTool/StoreClient failing when attempting to connect to a DuraCloud instance with a configured Glacier provider,"From ucar customer, when attempting to run the sync tool (version 2.1.0) against a DuraCloud 2.4 instance with a Glacier storage provider configured, the following error appears:  Starting up the Sync Tool ...Exception in thread ""main"" java.lang.RuntimeException: Could not create connection to DuraStore due to Error retrieving content stores. null at org.duracloud.sync.util.StoreClientUtil.createContentStore(StoreClientUtil.java:40) at org.duracloud.sync.SyncTool.startSyncManager(SyncTool.java:148) at org.duracloud.sync.SyncTool.runSyncTool(SyncTool.java:292) at org.duracloud.sync.SyncTool.main(SyncTool.java:355) Caused by: org.duracloud.error.ContentStoreException: Error retrieving content stores. null at org.duracloud.client.ContentStoreManagerImpl.getStorageAccounts(ContentStoreManagerImpl.java:164) at org.duracloud.client.ContentStoreManagerImpl.getPrimaryContentStore(ContentStoreManagerImpl.java:118) at org.duracloud.sync.util.StoreClientUtil.createContentStore(StoreClientUtil.java:37) ... 3 more Caused by: java.lang.NullPointerException at org.duracloud.storage.domain.StorageAccountManager.initialize(StorageAccountManager.java:50) at org.duracloud.client.ContentStoreManagerImpl.getStorageAccounts(ContentStoreManagerImpl.java:152) ... 5 more",S3StorageProvider: Remove dependency on a particular access key,"The S3StorageProvider makes use of the AWS access key as a prefix for bucket names, just to guarantee that the names are unique. The listing of buckets is also limited to only those with a matching access key.  Now that AWS does not make the secret key (essentially the password) available, if we were to lose the secret key, we would have to create another credential pair. If we were to do that, though, the S3StorageProvider would show an empty space listing because the new access key will not match the bucket prefix. This also currently makes it impossible to use the AWS IAM service, which is a best practice.  This task is to allow the S3StorageProvider to display and work with buckets regardless of the access key prefix. The prefix should still be used, since uniqueness is still necessary, and should still be stripped before displaying the space names for users. However, rather than requiring a specific access key, any key should work.  Since this match will likely require a regex: According to AWS docs, the Access Key ID is a 20-character, alphanumeric sequence.",-1,-1,1,2,2026-05-14T20:44:39Z,2026-05-14T20:58:39Z,840.378,"{""Decision"": -1}"
duracloud,5,DURACLOUD-971,DURACLOUD-923,Add REST API call to retrieve latest fixity report for a given space,"As discussed in DPS-123, Jim Tuttle from Duke needs a way to easily retrieve bit integrity reports generated by the DuraCloud Mill. This task is to add a new REST API call to the DuraStore API which will allow for retrieving the latest report file.",Add byte-range option to DuraStore get content REST API request,"Discussions with Ilya Kreymer from webrecorder.io have suggested that there could be an integration with that service to allow playback of WARC files directly from DuraCloud storage, which could be quite beneficial for Archive-It users storing content in DuraCloud.    In order to make this happen, the DuraStore API needs to support range requests, allowing for only portions of a file to be retrieved from storage, rather than the entire file. This is supported in S3 and OpenStack Swift, so should be something we can support across all providers.",-1,-1,1,3,2026-05-14T20:44:39Z,2026-05-14T20:58:40Z,840.769,"{""Decision"": -1}"
duracloud,5,DURACLOUD-837,DURACLOUD-942,List MD5 option for space listing function of Retrieval Tool,It would be nice to be able to optionally list all the md5s as well as the raw list of contentIds for a space.,Add support for S3 - Infrequently Accessed storage option,"According to this announcement: https://aws.amazon.com/blogs/aws/aws-storage-update-new-lower-cost-s3-storage-option-glacier-price-reduction/?sc_ichannel=em&sc_icountry=global&sc_icampaigntype=launch&sc_icampaign=em_148542750&sc_idetail=em_2049897831&ref_=pe_430550_148542750_7, Amazon is now offering the option of a lower cost S3 tier for infrequently accessed data. This task is to transition all DuraCloud content to this new option.    The best way to take advantage of S3 - IA is via bucket lifecycle policies. Because of the additional cost of content deletes in the first 30 days, it would be best to set these policies to transition content from S3 Standard storage to S3 - IA storage after the content has been stored for 30 days. This policy should be created when a new space is created (via the S3StorageProvider)    As part of this work, the current S3 task which transitions content to Reduced Redundancy storage should be replaced with a task that adds the bucket policy for S3 - IA to an existing bucket. To complete this transition, a script will need to be written which uses this task to update all current accounts.    The storage class init parameter should also be removed (from both app-config, and from the MC). It no longer makes sense to support reduced redundancy storage.",-1,-1,1,2,2026-05-14T20:44:39Z,2026-05-14T20:58:40Z,840.954,"{""Decision"": -1}"
duracloud,5,DURACLOUD-940,DURACLOUD-1013,Bit Integrity Reports are not showing up in duradmin for secondary providers.,"(from an email from bbranan)  I was looking at some bit integrity results this morning and noticed in all of the accounts I looked at (colum, icpsr, and demo), that there are no green bit integrity bars on any of the spaces in any secondary providers. I spot checked a few, and there are successful bit report entries for those spaces in the mill db, they just aren't being shown in the UI.    When I select a space on SDSC providers in duradmin, it takes a while for the space to load. It appears to be attempting to get the bit integrity report, but it fails to do so. Looking at the logs, I see consistent errors like this:    ERROR  2015/09/11 13:26:40 [ajp-bio-8009-exec-25212] (SpaceController.java:117) [populateBitIntegrityResults()] - failed to populate bit integrity results due to error:Error attempting to get bit integrity report  properties 'carissa-folder-test' due to: Response code was 500, expected value was 200. Response body value: null  org.duracloud.error.ContentStoreException: Error attempting to get bit integrity report properties 'carissa-folder-test' due to: Response code was 500, expected value was 200. Response body value: null          at org.duracloud.client.ContentStoreImpl.getBitIntegrityReportProperties(ContentStoreImpl.java:1214) ~[storeclient-3.3.0.jar:na]          at org.duracloud.duradmin.spaces.controller.SpaceController.populateBitIntegrityResults(SpaceController.java:109) [SpaceController.class:na]          at org.duracloud.duradmin.spaces.controller.SpaceController.get(SpaceController.java:96) [SpaceController.class:na]",Non-admin users not able to see snapshots,"On a DuraCloud Vault instance (vault.d.o), I gave read/write permissions to two spaces to a non-admin user. Both of those spaces had snapshots (one complete, one in process). When logged in as the user, both spaces were visible, but no snapshots were displayed.    A call to the get-snapshots REST endpoint as the user shows the two expects snapshots are listed. This is likely an issue in the UI layer.",1,-1,1,2,2026-05-14T20:44:39Z,2026-05-14T20:58:41Z,842.154,"{""Decision"": 1}"
duracloud,5,DURACLOUD-1008,DURACLOUD-903,upgrade spring security in management console,,Clicking content checkbox unexpectedly deselects after loading the content detail,Steps to reproduce:    1. Load a space in duradmin  2. Make sure no content items are selected.  3. Click on the checkbox next to a content item.  4. Notice that it is initially checked but then unchecks itself while remaining selected.,1,1,2,1,2026-05-14T20:44:39Z,2026-05-14T20:58:41Z,842.212,"{""Decision"": 1}"
duracloud,5,DURACLOUD-838,DURACLOUD-1051,"List contents of space from a ""pre-chunked"" point of view (Retrieval Tool)","It would be handy to be able to optionally list a space contents as it  will appear when retrieved.  That is, only list contentIds as they will appear after they are restitched (do not show chunks or manifests).  It's a kind of dry run for the retrieval tool in a way.",Ensure that management console uses beanstalk settings to require https,It should work just like the duracloud elastic beanstalk.,1,-1,1,2,2026-05-14T20:44:39Z,2026-05-14T20:58:42Z,842.748,"{""Decision"": 1}"
duracloud,5,DURACLOUD-1018,DURACLOUD-895,Management Console: Deleting a user from an account is failing,HTTP Status 403 - Invalid CSRF Token 'null' was found on the request parameter '_csrf' or header 'X-CSRF-TOKEN'.    Probably is due to the fact that  CSRF tokens are on by default in the new spring security.,Synctool fails when the max file size is greater than max java integer value,"Using the synctool, uploads of files greater than Integer.MAX_VALUE fail when the max file size is set appropriately high (ie > 2 GBs).",-1,1,2,1,2026-05-14T20:44:39Z,2026-05-14T20:58:42Z,843.29,"{""Decision"": -1}"
duracloud,5,DURACLOUD-965,DURACLOUD-916,Duradmin must use new durastore storage stats api,"Duradmin must use new durastore storage stats api rather than pulling, parsing and caching results in memory.      The ContentStore interface will need to be extended.   Duradmin code for parsing and caching storage reports must be removed.",Secure streaming cannot be turned back on in DurAdmin,"If a space is set to secure streaming it shows up in DurAdmin as having streaming turned on. If, however, you then turn streaming off via DurAdmin and later attempt to turn it back on again, it fails with an error: ""Task enable-streamingis not supported"". This works fine with a space set to open streaming.",1,1,3,1,2026-05-14T20:44:39Z,2026-05-14T20:58:43Z,843.521,"{""Decision"": 1}"
duracloud,5,DURACLOUD-876,DURACLOUD-860,Create 3.0.1 AMI,Updates: - Use 3.0.1 code baseline - Add lumberjack - Update ssh users - Root pw - SSL cert update,Remove all services dependencies from duradmin,,1,-1,1,2,2026-05-14T20:44:39Z,2026-05-14T20:58:43Z,843.9,"{""Decision"": 1}"
duracloud,5,DURACLOUD-928,DURACLOUD-988,Allow user-level users to see bit integrity notice and manifest button,Users with USER role should be able to see the bit integrity notice and should be able to see and use the space manifest button. Currently these are only available to users with ADMIN role or above.,Ensure DuraCloud dependencies are version consistent and secure,"This task is to add two new checks to the DuraCloud dependency chain:  1. Add the dependency convergence option to the maven enforcer (https://maven.apache.org/enforcer/enforcer-rules/dependencyConvergence.html). This compares versions in the dependency tree to ensure that only a single version of any given artifact is referenced in the build.  2. Add the enforce-victims-rule to the maven enforcer (https://github.com/victims/victims-enforcer). This checks the dependency tree against a list of dependencies known to have security vulnerabilities.    After adding these requirements, there will be changes needed in the codebase to comply with any issues that are uncovered.",-1,-1,1,5,2026-05-14T20:44:39Z,2026-05-14T20:58:43Z,844.371,"{""Decision"": -1}"
duracloud,5,DURACLOUD-930,DURACLOUD-824,Turning off space streaming clears space permissions,"On a space with streaming enabled, setting streaming to off (via the UI) will cause the bucket property which maintains space permissions to be removed. This effectively deletes all space permissions (making the space and the contents of the space unavailable to anyone beyond administrators).     Note that this clearing of permissions is not immediately reflected in the UI, as the permissions set is cached.",Sync Tool: Ability to restart on system reboot,"This task is to provide a way, on Windows, Mac, and Linux systems for a Sync Tool that is running on shutdown to restart and continue running after a system restart.",1,-1,1,3,2026-05-14T20:44:39Z,2026-05-14T20:58:44Z,844.539,"{""Decision"": 1}"
duracloud,5,DURACLOUD-994,DURACLOUD-1045,Duplicate response headers from REST API,"Calling the REST API for GetContentProperties return some duplicate headers, excerpted below:    $ curl -I -u ""${DURACLOUD_USER}:${DURACLOUD_PASSWORD}"" https://${DURACLOUD_HOST}/durastore/rest-api-testing/foo2    HTTP/1.1 200 OK  Date: Tue, 05 Apr 2016 19:38:14 GMT  ETag: 26dc5f719443fb5ff49b87b3853d5d7c  ETag: 26dc5f719443fb5ff49b87b3853d5d7c  Content-MD5: 26dc5f719443fb5ff49b87b3853d5d7c  Content-MD5: 26dc5f719443fb5ff49b87b3853d5d7c  Last-Modified: 2016-04-05T18:36:52  Last-Modified: 2016-04-05T18:36:52",Use Manifest to Count items and Bytes for Glacier for Storage Stats,,-1,-1,1,2,2026-05-14T20:44:39Z,2026-05-14T20:58:45Z,845.899,"{""Decision"": -1}"
duracloud,5,DURACLOUD-890,DURACLOUD-1003,Problem running the latest synctool installer works on osx mavericks,"Michele was having trouble launching the installer 3.1.1 on Mavericks.  At first it seemed that the problem was the lack of java.  Danny had her install java 8.  Still no luck.  Danny was able to reproduce: Symptoms:   After downloading the latest synctool installer (3.1.1), double clicking on the icon appears to do nothing.  The system log is showing this output less than completely helpful output:  Sep 29 15:54:30 panna com.apple.launchd.peruser.501[241] (com.bitrock.appinstaller.81696[42342]): Job failed to exec(3) for weird reason: 13 Sep 29 15:54:30 panna Finder[259]: 8837325: Attempting to SIGCONT to pid #42342 failed, with errno=#3, or the process failed to actually start Sep 29 15:54:30 --- last message repeated 2 times ---",root URI does not  redirect to /duradmin/ in 4.0.0 on beanstalk,https://<account>.duracloud.org does not redirect to  https://<account>.duracloud.org/duradmin as it does in the current production 3.x line.,1,-1,1,2,2026-05-14T20:44:39Z,2026-05-14T20:58:46Z,846.625,"{""Decision"": 1}"
duracloud,5,DURACLOUD-864,DURACLOUD-1042,Update media streaming to work without Media Streamer service,The Media Streamer service is being removed. Media streaming still needs to work. This task is to allow the existing S3StorageProvider streaming Tasks handle the work the service used to manage.,Add CORS headers to Elastic Beanstalk config,We need to perform the same config on 4.x that we did on 3.x,1,1,2,1,2026-05-14T20:44:39Z,2026-05-14T20:58:46Z,846.766,"{""Decision"": 1}"
duracloud,5,DURACLOUD-887,DURACLOUD-865,User IP limits,"- DuraCloud would add a new user attribute which defines an IP address or range (using CIDR notation) - Once this attribute for a user is filled out, all future attempts to log in as that user (both in DuraCloud instances and the Management Console) would require that the user be coming from that IP address or range. - Users would be able to update this attribute in the Management Console. - Note: This feature would need to support multiple IP address/range entries, as there could be 2 or 3 specific IPs where the user needs to be able to log in from.",Create AuditStorageProvider to push AuditTasks to audit queue,"An AuditStorageProvider needs to be created which is a decorator for StorageProvider. This new class will capture read and write events and write them to an SQS queue as AuditTasks, to be processed later.  Note that this item overlaps with DURACHRON-35.",1,-1,3,5,2026-05-14T20:44:39Z,2026-05-14T20:58:46Z,846.943,"{""Decision"": 1}"
duracloud,5,DURACLOUD-894,DURACLOUD-1000,Make org.duracloud.common.DateUtil  threadsafe,Neither parse nor format operations are threadsafe.,Improve indexing of management console database,,1,-1,1,2,2026-05-14T20:44:39Z,2026-05-14T20:58:46Z,847.021,"{""Decision"": 1}"
duracloud,5,DURACLOUD-1028,DURACLOUD-867,"Update Bridge dependencies to rely on latest duracloud,spring, etc.","Update dependencies for duracloud, spring, hibernate, etc.  Resolve any issues the upgrade creates.",Space listing not being displayed in Chrome browser,"When loading the DurAdmin application in the Google Chrome browser, the list of spaces is not displayed. If there are multiple providers configured, selecting a different provider from the dropdown, and then returning to the primary provider allows the spaces listing to show up. If there is only one configured storage provider, there is no clear way to get the spaces listing to display.",1,1,2,1,2026-05-14T20:44:39Z,2026-05-14T20:58:47Z,848.066,"{""Decision"": 1}"
duracloud,5,DURACLOUD-984,DURACLOUD-967,Remove classic init from DuraCloud,"As we move towards an Elastic Beanstalk oriented deployment,  we no longer need to support classic two phase init (ie xml posted to the application).",Remove storage report generation code,"Remove duraboss, reporter, report client, and any dependencies on these modules.",-1,1,3,1,2026-05-14T20:44:39Z,2026-05-14T20:58:47Z,848.132,"{""Decision"": -1}"
duracloud,5,DURACLOUD-954,DURACLOUD-965,Users with USER role should be able to view streams on open spaces,"When a space is set to open streaming (by turning streaming on via DurAdmin), any user with read access to that space should be able to view media (audio/video) that is streamed through the built-in player. Currently, this works fine for admin users, but users with only USER role just see ""Unable to stream file"" where the player should be.    This is very likely to be caused by the fact that a task call is being made to retrieve the streaming URL, but that task call is limited to admin users. A user with access to a space should be able to make the task request to stream content from that space.",Duradmin must use new durastore storage stats api,"Duradmin must use new durastore storage stats api rather than pulling, parsing and caching results in memory.      The ContentStore interface will need to be extended.   Duradmin code for parsing and caching storage reports must be removed.",-1,-1,1,3,2026-05-14T20:44:39Z,2026-05-14T20:58:47Z,848.289,"{""Decision"": -1}"
duracloud,5,DURACLOUD-966,DURACLOUD-866,Write utility for adding storage report data to space_stats table in mill db,"Currently the storage history of all spaces are stored in xml files found in x-duracloud-admin on the various instances.   We want to extract this data and store it in the mill db space_stats table.      To accomplish this task,  we will need a tool that can convert storage reports for a single account by looping through the list of reports,  extracting the data for each space  and inserting a record in the space_stats table.",Set up local logging to capture read and write storage actions,The AuditStorageProvider already captures read and write events. This work is to have that information written out to local log files,1,1,3,1,2026-05-14T20:44:39Z,2026-05-14T20:58:47Z,848.293,"{""Decision"": 1}"
duracloud,5,DURACLOUD-946,DURACLOUD-859,Use CloudWatch rather than DuraBoss to generate storage reports,"Cloudwatch now provides metrics for S3, providing a daily total of files and total size per bucket in an account. We need to use this rather than running DuraBoss for reporting, at least on S3 and Glacier stores. Ideally we can discontinue the use of DuraBoss completely.",Modify SpaceWriteAccessVoter.java so that the primary storage provider is inferred when no storeId is specified in the URL.,,1,1,5,1,2026-05-14T20:44:39Z,2026-05-14T20:58:48Z,848.659,"{""Decision"": 1}"
duracloud,5,DURACLOUD-1019,DURACLOUD-896,Management console: Logout link results in 404,,Add SyncTool feature which allows for skipping existance checks for new content sets,"This feature allows initial transfers of data sets to proceed without the usual checks to see if the content is already in DuraCloud (since we know that it is not.) Instead, all files will simply be transferred.  The need for this feature comes from GSU. With a large set of small files (4.7 million under 1 MB), the overhead of doing the checks for each file was slowing down the overall transfer considerably.",-1,-1,1,2,2026-05-14T20:44:39Z,2026-05-14T20:58:49Z,849.717,"{""Decision"": -1}"
duracloud,5,DURACLOUD-846,DURACLOUD-992,Update to the latest JClouds,In DuraCloud release 2.4 an issue with the JClouds library that was used (the latest at the time) was that it would not perform reauthentication when the auth token expired. This required a work around in DuraStore. The issue has now been fixed: https://issues.apache.org/jira/browse/JCLOUDS-178.  This task is to update to the latest JClouds library when possible.,Looping task producers should ignore Inactive Accounts,Currently inactive accounts are not ignored.,1,-1,1,2,2026-05-14T20:44:39Z,2026-05-14T20:58:49Z,850.023,"{""Decision"": 1}"
duracloud,5,DURACLOUD-1029,DURACLOUD-1053,Chart data calls are returning 500 error from DuraStore,,"Management Console:  Changing a root user's profile (password, etc) does not reset all caches",Resetting a root user's profile should reset all user data caches.   Currently a USERS_CHANGED message is being sent with no accountId.  The result is that instances are not registering the change.,-1,1,2,1,2026-05-14T20:44:39Z,2026-05-14T20:58:49Z,850.088,"{""Decision"": -1}"
duracloud,5,DURACLOUD-992,DURACLOUD-935,Looping task producers should ignore Inactive Accounts,Currently inactive accounts are not ignored.,Audit and Manifest links fail in duradmin when space id has a period in it.,"To reproduce  1. Add a space with a period (such as ""test.space1"") and then add a couple of items to it.  2. Wait a minute.    3. Click on manifest or audit links   4. Page will return blank without downloading a file.    Problem may be that spring is parsing everything to the right of the period in order to serve up content based on the apparent file type extension.  Problem does not exist in durastore - in duradmin only.",-1,1,2,1,2026-05-14T20:44:39Z,2026-05-14T20:58:49Z,850.121,"{""Decision"": -1}"
duracloud,5,DURACLOUD-935,DURACLOUD-987,Audit and Manifest links fail in duradmin when space id has a period in it.,"To reproduce  1. Add a space with a period (such as ""test.space1"") and then add a couple of items to it.  2. Wait a minute.    3. Click on manifest or audit links   4. Page will return blank without downloading a file.    Problem may be that spring is parsing everything to the right of the period in order to serve up content based on the apparent file type extension.  Problem does not exist in durastore - in duradmin only.",Mill:  Handle corner case of missing storage provider,Currently the looping task producers  will enter an infinite loop if a storage provider is missing.  It should retry a few times.  If it continues to fail it should send and an email and move on.,-1,-1,1,2,2026-05-14T20:44:39Z,2026-05-14T20:58:50Z,851.072,"{""Decision"": -1}"
duracloud,5,DURACLOUD-923,DURACLOUD-994,Add byte-range option to DuraStore get content REST API request,"Discussions with Ilya Kreymer from webrecorder.io have suggested that there could be an integration with that service to allow playback of WARC files directly from DuraCloud storage, which could be quite beneficial for Archive-It users storing content in DuraCloud.    In order to make this happen, the DuraStore API needs to support range requests, allowing for only portions of a file to be retrieved from storage, rather than the entire file. This is supported in S3 and OpenStack Swift, so should be something we can support across all providers.",Duplicate response headers from REST API,"Calling the REST API for GetContentProperties return some duplicate headers, excerpted below:    $ curl -I -u ""${DURACLOUD_USER}:${DURACLOUD_PASSWORD}"" https://${DURACLOUD_HOST}/durastore/rest-api-testing/foo2    HTTP/1.1 200 OK  Date: Tue, 05 Apr 2016 19:38:14 GMT  ETag: 26dc5f719443fb5ff49b87b3853d5d7c  ETag: 26dc5f719443fb5ff49b87b3853d5d7c  Content-MD5: 26dc5f719443fb5ff49b87b3853d5d7c  Content-MD5: 26dc5f719443fb5ff49b87b3853d5d7c  Last-Modified: 2016-04-05T18:36:52  Last-Modified: 2016-04-05T18:36:52",1,1,3,1,2026-05-14T20:44:39Z,2026-05-14T20:58:50Z,851.438,"{""Decision"": 1}"
duracloud,5,DURACLOUD-942,DURACLOUD-838,Add support for S3 - Infrequently Accessed storage option,"According to this announcement: https://aws.amazon.com/blogs/aws/aws-storage-update-new-lower-cost-s3-storage-option-glacier-price-reduction/?sc_ichannel=em&sc_icountry=global&sc_icampaigntype=launch&sc_icampaign=em_148542750&sc_idetail=em_2049897831&ref_=pe_430550_148542750_7, Amazon is now offering the option of a lower cost S3 tier for infrequently accessed data. This task is to transition all DuraCloud content to this new option.    The best way to take advantage of S3 - IA is via bucket lifecycle policies. Because of the additional cost of content deletes in the first 30 days, it would be best to set these policies to transition content from S3 Standard storage to S3 - IA storage after the content has been stored for 30 days. This policy should be created when a new space is created (via the S3StorageProvider)    As part of this work, the current S3 task which transitions content to Reduced Redundancy storage should be replaced with a task that adds the bucket policy for S3 - IA to an existing bucket. To complete this transition, a script will need to be written which uses this task to update all current accounts.    The storage class init parameter should also be removed (from both app-config, and from the MC). It no longer makes sense to support reduced redundancy storage.","List contents of space from a ""pre-chunked"" point of view (Retrieval Tool)","It would be handy to be able to optionally list a space contents as it  will appear when retrieved.  That is, only list contentIds as they will appear after they are restitched (do not show chunks or manifests).  It's a kind of dry run for the retrieval tool in a way.",1,1,2,1,2026-05-14T20:44:39Z,2026-05-14T20:58:51Z,851.938,"{""Decision"": 1}"
duracloud,5,DURACLOUD-1053,DURACLOUD-1008,"Management Console:  Changing a root user's profile (password, etc) does not reset all caches",Resetting a root user's profile should reset all user data caches.   Currently a USERS_CHANGED message is being sent with no accountId.  The result is that instances are not registering the change.,upgrade spring security in management console,,-1,-1,1,2,2026-05-14T20:44:39Z,2026-05-14T20:58:52Z,853.076,"{""Decision"": -1}"
duracloud,5,DURACLOUD-888,DURACLOUD-857,Make Audit and Manifest REST methods consistent with other durastore calls,"Namely, make sure that storeID parameter can be null and if so, the primary storage provider is used.",upgrade for spring 4.0.2,,-1,-1,1,3,2026-05-14T20:44:39Z,2026-05-14T20:58:53Z,853.481,"{""Decision"": -1}"
duracloud,5,DURACLOUD-904,DURACLOUD-1021,SyncTool: Make sure files restored from change list on re-start are in the current set of content directories,"An issue reported by NCDCR:  The SyncTool performed a restart and picked up an old change list file even though the set of content directories was completely different. This happened because the SyncTool was started (writing the config) then killed before the old change list could be overwritten. On the next run, the config matched, so a restarted was carried out, pulling in change list files which really should have been ignored.    To fix this problem, the proposal is add a check on restart, just after the change list is read in, to remove any files from the change list that don't actually exist in the list of content directories.",Mill: Dup Task Processor should perform delete on destination only if the source does not contain item.,"In order to cover the case of content disappearing (due to provider failure) from the source provider we must make sure to delete destination store content only if the content is no longer in the source manifest.  Currently if a dup task comes to dup content from a source to a dest provider, if the item doesn't exist in the primary we delete it in the destination.   However  the looping dup producer adds dup messages for items not in the source that are in the destination in order to synchronize any missed deletes.   Thus a file that disappears from the source unexpectedly will be deleted resulting in data loss.    So to fix this problem: if dup task targets a content item that does not exist in the source provider,  ensure that it is not in the source manifest before deleting from destination.",-1,-1,1,2,2026-05-14T20:44:39Z,2026-05-14T20:58:53Z,853.764,"{""Decision"": -1}"
duracloud,5,DURACLOUD-1017,DURACLOUD-897,SyncTool chunking error,I have an issue chunking files larger than the max size:     ERROR 2016/05/07 02:46:37 [pool-3-thread-2] (SyncWorker.java:68) [run()] - Exception syncing file /srv/perkins/duracloud/spaces/repository.duke.edu-dev/BINARIES/d4/a6/22/d4a622b5a2a64e750e3e01abaf687eceebfe06d5 was MaxChunkSize must be multiple of 1024: 1000000000   org.duracloud.common.error.DuraCloudRuntimeException: MaxChunkSize must be multiple of 1024: 1000000000           at org.duracloud.chunk.ChunkableContent.calculateBufferSize(ChunkableContent.java:93) ~[duracloudsync-3.7.3.jar:na]           at org.duracloud.chunk.ChunkableContent.<init>(ChunkableContent.java:61) ~[duracloudsync-3.7.3.jar:na]           at org.duracloud.chunk.ChunkableContent.<init>(ChunkableContent.java:53) ~[duracloudsync-3.7.3.jar:na]           at org.duracloud.chunk.FileChunker.doAddContent(FileChunker.java:226) ~[duracloudsync-3.7.3.jar:na]           at org.duracloud.chunk.FileChunker.addContent(FileChunker.java:152) ~[duracloudsync-3.7.3.jar:na]           at org.duracloud.sync.endpoint.DuraStoreChunkSyncEndpoint.addUpdateContent(DuraStoreChunkSyncEndpoint.java:164) ~[duracloudsync-3.7.3.jar:na]           at org.duracloud.sync.endpoint.DuraStoreSyncEndpoint.addUpdateContent(DuraStoreSyncEndpoint.java:304) ~[duracloudsync-3.7.3.jar:na]           at org.duracloud.sync.endpoint.DuraStoreSyncEndpoint.doAddContent(DuraStoreSyncEndpoint.java:262) ~[duracloudsync-3.7.3.jar:na]           at org.duracloud.sync.endpoint.DuraStoreSyncEndpoint.syncFileAndReturnDetailedResult(DuraStoreSyncEndpoint.java:229) ~[duracloudsync-3.7.3.jar:na]           at org.duracloud.sync.mgmt.SyncWorker.run(SyncWorker.java:65) ~[duracloudsync-3.7.3.jar:na]           at java.util.concurrent.ThreadPoolExecutor.runWorker(ThreadPoolExecutor.java:1142) [na:1.8.0_91]           at java.util.concurrent.ThreadPoolExecutor$Worker.run(ThreadPoolExecutor.java:617) [na:1.8.0_91]           at java.lang.Thread.run(Thread.java:745) [na:1.8.0_91],Add REST API for Accessing Bit Integrity Reports in DuraStore,"The rest api should support a call to get the last bit integrity report for a space.  It should include, along with the body of the latest report, the status of the report (success if all went well, failure if there are errors) as well as the date the report was completed.  The properties should be accessible through a HEAD call, while the content (as well as properties) will be accessed with a GET.",-1,-1,1,2,2026-05-14T20:44:39Z,2026-05-14T20:58:53Z,854.373,"{""Decision"": -1}"
duracloud,5,DURACLOUD-910,DURACLOUD-843,Clicking on the checkbox next to a space causes the application to hang.,To reproduce the issue:    Open duradmin.  Select a single space by clicking on the checkbox.  Notice that the throbber spins continuously.,Make use of S3 Server Side Encryption,This task is to update the S3StorageProvider to make use of the Server Side Encryption feature provided by S3 (http://aws.amazon.com/about-aws/whats-new/2011/10/04/amazon-s3-announces-server-side-encryption-support/)  Implementation details: http://docs.aws.amazon.com/AmazonS3/latest/dev/SSEUsingJavaSDK.html  Storing content with encryption should be the default.  Another task will be needed to update existing content in S3 to make use of encryption. This will likely need to be done by performing a copy action on all existing content such that the copied item is encrypted as it is written to S3.,-1,-1,1,2,2026-05-14T20:44:39Z,2026-05-14T20:58:54Z,855.086,"{""Decision"": -1}"
duracloud,5,DURACLOUD-912,DURACLOUD-877,Copy dialog in UI has multiple progress spinners next to space selection,"As shown in the attached image, when performing a copy via DurAdmin, multiple spinning circles to indicate loading or progress are shown next to the space drop-down selection. This becomes more of an issue when the storage provider selection is used to change the selected provider.    Previously, there was one of these spinners, which was present as the list of spaces was generated and then went away one the list was populated. That was great. Now when I transition between storage providers, a string of these are presented (I've counted at least 9) with overlapping text (making the text impossible to read). Some of the spinners do disappear, but 2 seem to remain even after the space listing is fully populated.",Provide a way by which users can determine the optimal SyncTool thread setting,"Currently, to determine the ideal number of threads to maximize throughput, users of the SyncTool need to run the SyncRate tool with a variety of settings, record the speed values, then compare them. This is time consuming and difficult. This task is to make determining the thread number for optimal throughput as simple as possible.",1,-1,1,3,2026-05-14T20:44:39Z,2026-05-14T20:58:55Z,855.535,"{""Decision"": 1}"
duracloud,5,DURACLOUD-975,DURACLOUD-1016,Remove dashboard from duradmin,No longer supported.,Refactor storage report API endpoints to be more consistent with the rest of the DuraCloud API,"Current API endpoints:    # Provides a listing of totals for content in a space over a time range  /storagestats/timeseries ? spaceID & storeID & start & end    # For a single day, provides a list of report details for each space in a store  /storagestats/snapshot-by-day ? storeID & date    Should be changed to:    # Summary of a space, listed by day  /report/space/{spaceID} ? storeID & startDate & endDate    # Summary of a store, listed by day  /report/store ? storeID & startDate & endDate      # Summary of a store (for a single day), listed by space  /report/store/{date} ? storeID    - storeID should be optional, default to primary store    Note: No changes need be made to the functionality, just to the REST endpoints.",-1,-1,1,2,2026-05-14T20:44:39Z,2026-05-14T20:58:56Z,856.457,"{""Decision"": -1}"
duracloud,5,DURACLOUD-825,DURACLOUD-957,S3StorageProvider: Remove dependency on a particular access key,"The S3StorageProvider makes use of the AWS access key as a prefix for bucket names, just to guarantee that the names are unique. The listing of buckets is also limited to only those with a matching access key.  Now that AWS does not make the secret key (essentially the password) available, if we were to lose the secret key, we would have to create another credential pair. If we were to do that, though, the S3StorageProvider would show an empty space listing because the new access key will not match the bucket prefix. This also currently makes it impossible to use the AWS IAM service, which is a best practice.  This task is to allow the S3StorageProvider to display and work with buckets regardless of the access key prefix. The prefix should still be used, since uniqueness is still necessary, and should still be stripped before displaying the space names for users. However, rather than requiring a specific access key, any key should work.  Since this match will likely require a regex: According to AWS docs, the Access Key ID is a 20-character, alphanumeric sequence.",Backup thread runs too frequently on synctool.,Currently the synctool's backup thread is running on the same schedule as the directory polling period which is 10 seconds by default.  The back up thread period should not be tied to the polling period.  Instead it should run at least every 5 minutes by default.  Also thread synchronization on on the ChangedList.persist method is causing threads to wait until the backup file is completely written rather than waiting only until the file list is copied in memory.,1,1,2,1,2026-05-14T20:44:39Z,2026-05-14T20:58:56Z,856.967,"{""Decision"": 1}"
duracloud,5,DURACLOUD-1021,DURACLOUD-879,Mill: Dup Task Processor should perform delete on destination only if the source does not contain item.,"In order to cover the case of content disappearing (due to provider failure) from the source provider we must make sure to delete destination store content only if the content is no longer in the source manifest.  Currently if a dup task comes to dup content from a source to a dest provider, if the item doesn't exist in the primary we delete it in the destination.   However  the looping dup producer adds dup messages for items not in the source that are in the destination in order to synchronize any missed deletes.   Thus a file that disappears from the source unexpectedly will be deleted resulting in data loss.    So to fix this problem: if dup task targets a content item that does not exist in the source provider,  ensure that it is not in the source manifest before deleting from destination.",Update mimetype determination method,"The MimetypeUtil class in common currently uses FileNameMap (http://docs.oracle.com/javase/7/docs/api/java/net/FileNameMap.html) to determine the mimetype of a file based on its file extension. This class is used by the SyncTool to generate mimetype values for files being transferred to DuraCloud. The current method depends on a mapping file found in each individual user's JRE, make it difficult to update.  A better option would be to use MimetypesFileTypeMap (http://docs.oracle.com/javase/7/docs/api/javax/activation/MimetypesFileTypeMap.html) for this purpose, which would allow us to include our own mapping file (and therefore be much more comprehensive).",1,1,2,1,2026-05-14T20:44:39Z,2026-05-14T20:58:57Z,857.785,"{""Decision"": 1}"
duracloud,5,DURACLOUD-844,DURACLOUD-839,Sync Tool: Uninstalling with app running (on Windows) pops up error dialog,"If the sync tool is uninstalled while the application is running, the uninstall works properly, the application is stopped and all files are removed as expected, but an error dialog is popped up stating ""Program ended with an error exit code"".   This popup does not show up if the application is not running when the uninstaller is run.  The dialog is popped up when the command: ""taskkill /f /t /im duracloudsync.exe"" is run by the uninstaller.  In testing for the 2.4 release I found that if the taskkill command is run without the ""/f"" force flag, the error dialog does not pop up and the exe process stops (the icon is removed from the task bar), but the java process continues to run, so the application is still available. If the command above, with the force flag is then run, the java app is stopped without a popup dialog. This is why a second call was added to the uninstaller, to try running without the force flag first. Unfortunately, this did not work, the error dialog remains.",Retrieval Tool:  Verify chunked manifests when generating prechunked listing,"It would be nice if we could tell the retrieval tool to verify that the manifest points to a complete set of chunks and that the chunk md5s match the manifest md5s.    This will be a handy addition to  https://jira.duraspace.org/browse/DURACLOUD-837 and https://jira.duraspace.org/browse/DURACLOUD-838  In verify mode, it would probably be a good idea to add a couple of columns to the output: verification status (success, failure) and an explanation column where there is a problem.",1,1,2,1,2026-05-14T20:44:39Z,2026-05-14T20:58:57Z,857.939,"{""Decision"": 1}"
duracloud,5,DURACLOUD-827,DURACLOUD-841,add sync tool prepend source path (include top level directory) flag to synctoolui,,Image gallery viewer,"In a cloud service strategy meeting on Aug 6, 2013 (https://wiki.duraspace.org/display/DSPINT/2013-08-06+-+Cloud+Service+Strategy) there was a discussion about a need expressed by UNC to have a way to view images in DuraCloud as a gallery, in order to aid in the finding of images in their collection.  I was thinking that this could be accomplished with an html/css/javascript app that is stored in one of the user's spaces, and allows them to select a space (if that's actually necessary, could be hard coded to the one that is their image library) and view a set of images. The javascript would need to make calls to the DuraCloud REST API to get the list of content items and display each one. The images would likely be scaled down a bit, to make browsing easier, and clicking on them would display the (slightly) larger size. The REST API would also be used to allow paging through the content items (and not trying to display too many at once). The option to specify a prefix for filtering would need to be there, and the user would need to be able to see the full content ID of the item they are viewing, since that will be the link back to the full size archival image on their internal system.  There is an expectation that the UNC folks will be generating the necessary low-res images that would be viewed through this gallery viewer, and would load those images into a DuraCloud space.",-1,-1,1,2,2026-05-14T20:44:39Z,2026-05-14T20:58:57Z,857.956,"{""Decision"": -1}"
duracloud,5,DURACLOUD-873,DURACLOUD-847,SyncToolUI: Option to set threads,The UI for the SyncTool should provide an option to set the number of threads used for processing. This can just be a drop-down box on the configuration screen.,SyncTool/StoreClient failing when attempting to connect to a DuraCloud instance with a configured Glacier provider,"From ucar customer, when attempting to run the sync tool (version 2.1.0) against a DuraCloud 2.4 instance with a Glacier storage provider configured, the following error appears:  Starting up the Sync Tool ...Exception in thread ""main"" java.lang.RuntimeException: Could not create connection to DuraStore due to Error retrieving content stores. null at org.duracloud.sync.util.StoreClientUtil.createContentStore(StoreClientUtil.java:40) at org.duracloud.sync.SyncTool.startSyncManager(SyncTool.java:148) at org.duracloud.sync.SyncTool.runSyncTool(SyncTool.java:292) at org.duracloud.sync.SyncTool.main(SyncTool.java:355) Caused by: org.duracloud.error.ContentStoreException: Error retrieving content stores. null at org.duracloud.client.ContentStoreManagerImpl.getStorageAccounts(ContentStoreManagerImpl.java:164) at org.duracloud.client.ContentStoreManagerImpl.getPrimaryContentStore(ContentStoreManagerImpl.java:118) at org.duracloud.sync.util.StoreClientUtil.createContentStore(StoreClientUtil.java:37) ... 3 more Caused by: java.lang.NullPointerException at org.duracloud.storage.domain.StorageAccountManager.initialize(StorageAccountManager.java:50) at org.duracloud.client.ContentStoreManagerImpl.getStorageAccounts(ContentStoreManagerImpl.java:152) ... 5 more",-1,1,3,1,2026-05-14T20:44:39Z,2026-05-14T20:58:57Z,858.432,"{""Decision"": -1}"
duracloud,5,DURACLOUD-951,DURACLOUD-828,Beanstalk: DuraStore calls to accounts,All calls through DuraStore in a beanstalk setup will need to pull account information then perform the expected requests on the appropriate account.,Retrieval Tool: Hidden password option,DURACLOUD-759 added a hidden password for the Sync Tool. This task is to make use of the same environment variable to pick up the password for the Retrieval Tool. This will help to keep the functionality of the two tools in sync.,1,1,2,1,2026-05-14T20:44:39Z,2026-05-14T20:58:57Z,858.441,"{""Decision"": 1}"
duracloud,5,DURACLOUD-881,DURACLOUD-826,Cannot configure or turn off logging of Retrier in ContentStoreImpl,"The ContentStoreImpl currently has hardcoded settings for how it logs errors encountered during ""retries"".  Unfortunately, this is not ideal for all use cases of the API.  For example, in the Replication Task Suite, we use ContentStoreImpl.getContentProperties() method as a way to tell whether content already exists in DuraCloud. If that content does not exist, we expect to receive a NotFoundException. This lets us perform logic like: ""If content exists in DuraCloud, see what checksum DuraCloud reports. If DuraCloud checksum differs from local checksum, re-upload the content.""  Unfortunately, however, getContentProperties() logs this same warning message to log4j 4 times in a row (1 + 3 retries) if the content does NOT yet exist in DuraCloud:  2014-07-14 16:46:28,336 WARN  org.duracloud.client.ContentStoreImpl @ Error attempting to get properties 'ITEM@10673-10.zip' in 'dspace-dev-backup' due to: Response code was 404, expected value was 200. Response body value: null  This causes the logs for the Replication Task Suite to actually fill up with unnecessary warnings from the DuraCloud v3.1.1 API. For example, anytime we want to upload NEW content to DuraCloud, we first check if it already exists (which logs that error x 4) before the new content is uploaded. The logged warnings would cause unnecessary worry for anyone looking at the logs -- in reality they are harmless in this scenario, as the content obviously doesn't exist before it is first uploaded.  It looks like the WARN message is generated by ""doGetContentProperties"" here: https://github.com/duracloud/duracloud/blob/master/storeclient/src/main/java/org/duracloud/client/ContentStoreImpl.java#L904  It is then repeated 4 times as a ""log.warn"" in the default execute() method (which is configured to do 3 retries): https://github.com/duracloud/duracloud/blob/master/storeclient/src/main/java/org/duracloud/client/ContentStoreImpl.java#L216  Ideally, there should be some way to configure the logging in the ContentStoreImpl. I like that this same task is retried 3 times. But in many scenarios, I'd rather it just throw me a final Error if all retries failed, rather than logging the same error message multiple times in a row.   If logging cannot be easily configurable, then switching the default execute() method to just do a ""log.debug"" would be better. That way I can see the underlying error if I turn on debugging, but by default my logs don't get filled with the same errors repeated.  NOTE: This was discovered while attempting to upgrade the DSpace Replication Task Suite to use DuraCloud API version 3.1.1 (JARS: storeclient, storeprovider, common). Unfortunately, until logging is cleaned up in some way, it's unlikely I'll release the upgraded Replication Task Suite code.",Retrieval Tool: Use logback for logging,"In DURACLOUD-774 (in particular, the changes in code r1072) changed over the Sync Tool from using log4j to using logback as the underlying logger. This task is to update the Retrieval Tool in the same way.",1,1,2,1,2026-05-14T20:44:39Z,2026-05-14T20:58:59Z,859.734,"{""Decision"": 1}"
duracloud,5,DURACLOUD-950,DURACLOUD-1005,Beanstalk: Account determination,"All calls going through DuraStore will need to determine the account for which the call should be processed. By default this should be done using the subdomain of the host used for the call. There should also be an optional query parameter added to each API call which allows specifying the accountID, as this will be necessary for testing and may be needed by other scenarios.    Part of this work will be to ensure that the combination of the account and user credentials still ensures that only users with access to an account are able to make calls that affect that account.",MC:  global properties form does not give useful feedback when data is invalid,,1,1,3,1,2026-05-14T20:44:39Z,2026-05-14T20:58:59Z,860.141,"{""Decision"": 1}"
duracloud,5,DURACLOUD-862,DURACLOUD-832,Remove services system,"This work is to remove all of the services from DuraCloud. This should include removing DuraService, the entire set of existing services, and components (like the executor) which support or depend on services.",RetrievalTool NullPointerException when using all spaces option (-a),"The retrievaltool throws a NullPointerException when using the ""all-spaces"" or ""-a"" command line option and the ""spaces"" or ""-s"" option is not specified, which the ""spaces"" option shouldn't need to be when using ""all-spaces"".  The culprit is in RetrievalTool#startRetrievalManager at the line: boolean createSpaceDir = retConfig.getSpaces().size() > 1; because RetrievalToolConfig#getSpaces returns null when the ""spaces"" command line option is not used.",1,1,3,1,2026-05-14T20:44:39Z,2026-05-14T20:58:59Z,860.378,"{""Decision"": 1}"
duracloud,5,DURACLOUD-861,DURACLOUD-993,Modify duradmin to control streaming service via ContentStore interface and space properties,,500 error attempting to download file through DurAdmin,"In the UNC account, the file named 20304_VT0010_0001.mp4 in the space sfc20304-open cannot be downloaded using the ""Download"" button. Selecting the download button results in a 500 error, which is captured in the attached ""500-error-trace.txt"" file. The error which is generated on the server side is captured in the attached ""500-error-server-side-catalina-out.txt"" file.    The file in question is 4.5 GB in size. It is in a streamed space, and streaming works properly. The file can be downloaded from S3 and from DuraStore, so the issue seems to be occurring within DurAdmin.",1,1,2,1,2026-05-14T20:44:39Z,2026-05-14T20:59:00Z,860.547,"{""Decision"": 1}"
duracloud,5,DURACLOUD-969,DURACLOUD-886,SyncTool fails to connect when using a password with special characters,"When a DuraCloud user sets their password to a value which includes special characters they are able to log in to the DuraCloud UI just fine, but attempting to connect using the command line SyncTool results in a stacktrace like the following:    Starting up the Sync Tool ...Exception in thread ""main"" java.lang.RuntimeException: Could not create connection to DuraCloud (test.duracloud.org:443/durastore). Cause: invalid credentials. Check your username and password and try again.          at org.duracloud.client.util.StoreClientUtil.createContentStore(StoreClientUtil.java:42)          at org.duracloud.sync.SyncTool.startSyncManager(SyncTool.java:154)          at org.duracloud.sync.SyncTool.runSyncTool(SyncTool.java:294)          at org.duracloud.sync.SyncToolInitializer.runSyncTool(SyncToolInitializer.java:34)          at org.duracloud.sync.SyncToolInitializer.main(SyncToolInitializer.java:23)          at org.duracloud.syncui.SyncSelector.main(SyncSelector.java:33)    An example password which provokes this issue is: H89v$2oRlaD?5Qe\YT3j. This password works fine with the SyncTool if all special characters are removed (H89v2oRlaD5QeYT3j), but fails if any remain.    Once fixed, this needs to be tested in the SyncTool UI, the Retrieval Tool, as well as the chunk, stitch, and sync-optimize tools.",Restricted Streaming,"- DuraCloud would continue to use CloudFront to stream files, but would add an option to limit access to streamed content. There would be two options when setting a space to be streamed: open streaming (which is how we do streaming now) and restricted streaming.(the new feature). - When using restricted streaming, no files would be directly accessible. Instead, to expose a file, a new DuraCloud REST method would be provided which could be called to retrieve a signed URL that could then be used to stream the file. - The new REST call would require providing the username and password of a DuraCloud user with administrative rights. - The new REST call would require an ending date and time parameter, after which the returned URL is no longer valid. - The new REST call would allow for providing an optional parameter indicating the IP address or range of addresses that can be used to access the content.  The consumer of this service (UNC in this case) will be responsible for: - Verifying that a user of their system should have access to the content that is to be streamed - Making the call to DuraCloud (with appropriate DuraCloud permissions) to request and retrieve the signed URL - Inserting the URL into an RTMP player (e.g. Flowplayer, JWPlayer, etc) which will allow the user to view the content",-1,-1,1,8,2026-05-14T20:44:39Z,2026-05-14T20:59:00Z,860.58,"{""Decision"": -1}"
duracloud,5,DURACLOUD-1020,DURACLOUD-910,Move Bit Integrity Producer on to the Sentinel,In order to better utilize our AWS resources we should do the following:      1. Retire the Bit Integrity Producer  Autoscale group and configuration.  2. Move the bit integrity producer process onto the sentinel and have it run continuously.  3. Upgrade the sentinel to an m3.medium.   4. Ensure that the bit report autoscale group is scaling down when the bit report queue has been empty for more than 3 hours.,Clicking on the checkbox next to a space causes the application to hang.,To reproduce the issue:    Open duradmin.  Select a single space by clicking on the checkbox.  Notice that the throbber spins continuously.,1,1,2,1,2026-05-14T20:44:39Z,2026-05-14T20:59:01Z,861.986,"{""Decision"": 1}"
duracloud,5,DURACLOUD-851,DURACLOUD-864,Add CORS headers to apache config in new AMI,Add the CORS headers to the apache config when the new ami is built:  See  https://jira.duraspace.org/browse/DPS-23 for modifications.  This change enables api calls to be made from javascript hosted on other domains.,Update media streaming to work without Media Streamer service,The Media Streamer service is being removed. Media streaming still needs to work. This task is to allow the existing S3StorageProvider streaming Tasks handle the work the service used to manage.,-1,-1,1,2,2026-05-14T20:44:39Z,2026-05-14T20:59:02Z,862.498,"{""Decision"": -1}"
duracloud,5,DURACLOUD-962,DURACLOUD-881,SyncTool chunk size settings should be multiples of 1000,"In the rest of DuraCloud, GB is defined as a multiple of 1000 (a decimal representation.) The Sync Tool currently uses a multiple of 2 (decimal representation). The Sync Tool should be updated to set the GB value to 1000^3.",Cannot configure or turn off logging of Retrier in ContentStoreImpl,"The ContentStoreImpl currently has hardcoded settings for how it logs errors encountered during ""retries"".  Unfortunately, this is not ideal for all use cases of the API.  For example, in the Replication Task Suite, we use ContentStoreImpl.getContentProperties() method as a way to tell whether content already exists in DuraCloud. If that content does not exist, we expect to receive a NotFoundException. This lets us perform logic like: ""If content exists in DuraCloud, see what checksum DuraCloud reports. If DuraCloud checksum differs from local checksum, re-upload the content.""  Unfortunately, however, getContentProperties() logs this same warning message to log4j 4 times in a row (1 + 3 retries) if the content does NOT yet exist in DuraCloud:  2014-07-14 16:46:28,336 WARN  org.duracloud.client.ContentStoreImpl @ Error attempting to get properties 'ITEM@10673-10.zip' in 'dspace-dev-backup' due to: Response code was 404, expected value was 200. Response body value: null  This causes the logs for the Replication Task Suite to actually fill up with unnecessary warnings from the DuraCloud v3.1.1 API. For example, anytime we want to upload NEW content to DuraCloud, we first check if it already exists (which logs that error x 4) before the new content is uploaded. The logged warnings would cause unnecessary worry for anyone looking at the logs -- in reality they are harmless in this scenario, as the content obviously doesn't exist before it is first uploaded.  It looks like the WARN message is generated by ""doGetContentProperties"" here: https://github.com/duracloud/duracloud/blob/master/storeclient/src/main/java/org/duracloud/client/ContentStoreImpl.java#L904  It is then repeated 4 times as a ""log.warn"" in the default execute() method (which is configured to do 3 retries): https://github.com/duracloud/duracloud/blob/master/storeclient/src/main/java/org/duracloud/client/ContentStoreImpl.java#L216  Ideally, there should be some way to configure the logging in the ContentStoreImpl. I like that this same task is retried 3 times. But in many scenarios, I'd rather it just throw me a final Error if all retries failed, rather than logging the same error message multiple times in a row.   If logging cannot be easily configurable, then switching the default execute() method to just do a ""log.debug"" would be better. That way I can see the underlying error if I turn on debugging, but by default my logs don't get filled with the same errors repeated.  NOTE: This was discovered while attempting to upgrade the DSpace Replication Task Suite to use DuraCloud API version 3.1.1 (JARS: storeclient, storeprovider, common). Unfortunately, until logging is cleaned up in some way, it's unlikely I'll release the upgraded Replication Task Suite code.",-1,-1,1,2,2026-05-14T20:44:39Z,2026-05-14T20:59:02Z,862.727,"{""Decision"": -1}"
duracloud,5,DURACLOUD-1006,DURACLOUD-969,Investigate automate deployment to beanstalk,"As a first step, it would be very helpful if commits to development version were automatically deployed to a test beanstalk environment.  Additionally it would be good if integration tests were run as part of that process.    NB: Since dependencies such as duracloud-db have *-SNAPSHOT versions while each duracloud instance is in development,  it would be good if duracloud-db commits also trigger a rebuild of duracloud and management-console.",SyncTool fails to connect when using a password with special characters,"When a DuraCloud user sets their password to a value which includes special characters they are able to log in to the DuraCloud UI just fine, but attempting to connect using the command line SyncTool results in a stacktrace like the following:    Starting up the Sync Tool ...Exception in thread ""main"" java.lang.RuntimeException: Could not create connection to DuraCloud (test.duracloud.org:443/durastore). Cause: invalid credentials. Check your username and password and try again.          at org.duracloud.client.util.StoreClientUtil.createContentStore(StoreClientUtil.java:42)          at org.duracloud.sync.SyncTool.startSyncManager(SyncTool.java:154)          at org.duracloud.sync.SyncTool.runSyncTool(SyncTool.java:294)          at org.duracloud.sync.SyncToolInitializer.runSyncTool(SyncToolInitializer.java:34)          at org.duracloud.sync.SyncToolInitializer.main(SyncToolInitializer.java:23)          at org.duracloud.syncui.SyncSelector.main(SyncSelector.java:33)    An example password which provokes this issue is: H89v$2oRlaD?5Qe\YT3j. This password works fine with the SyncTool if all special characters are removed (H89v2oRlaD5QeYT3j), but fails if any remain.    Once fixed, this needs to be tested in the SyncTool UI, the Retrieval Tool, as well as the chunk, stitch, and sync-optimize tools.",1,1,4,1,2026-05-14T20:44:39Z,2026-05-14T20:59:02Z,863.419,"{""Decision"": 1}"
duracloud,5,DURACLOUD-919,DURACLOUD-959,Durastore init xml is incorrect in the documentation.,This chunk is not right.    <storageProviderAccounts>    <storageAcct ownerId='0' isPrimary='true'>...</storageAcct>    <storageAudit>...</storageAudit>    <millDbConfig>...</millDbConfig>  </storageProviderAccounts>    millDbConfig and storageAudit should be siblings of storageProviderAccounts.    See xml document for correct format.,Beanstalk: Set up topic subscription on DuraStore init,"On DuraStore init, an SNS topic subscription is set up. The SNS connection details are stored in the MC DB. When a message comes through that subscription, it picks up what changes were made and updates local cache.",-1,-1,1,3,2026-05-14T20:44:39Z,2026-05-14T20:59:03Z,863.548,"{""Decision"": -1}"
duracloud,5,DURACLOUD-986,DURACLOUD-890,Duradmin must be aware of AccountChangeEvents,,Problem running the latest synctool installer works on osx mavericks,"Michele was having trouble launching the installer 3.1.1 on Mavericks.  At first it seemed that the problem was the lack of java.  Danny had her install java 8.  Still no luck.  Danny was able to reproduce: Symptoms:   After downloading the latest synctool installer (3.1.1), double clicking on the icon appears to do nothing.  The system log is showing this output less than completely helpful output:  Sep 29 15:54:30 panna com.apple.launchd.peruser.501[241] (com.bitrock.appinstaller.81696[42342]): Job failed to exec(3) for weird reason: 13 Sep 29 15:54:30 panna Finder[259]: 8837325: Attempting to SIGCONT to pid #42342 failed, with errno=#3, or the process failed to actually start Sep 29 15:54:30 --- last message repeated 2 times ---",1,1,2,1,2026-05-14T20:44:39Z,2026-05-14T20:59:04Z,864.852,"{""Decision"": 1}"
duracloud,5,DURACLOUD-884,DURACLOUD-833,Better handling for content files added with an incorrect checksum,"Currently when a content item is added to a storage provider via a PUT content REST call, if the checksum included with that content item does not match the checksum computed by the provider, a 500 response is generated, and the file itself remains on the storage provider.  This task is to: 1. Ensure that if content fails the checksum check, it is either not added to or is removed from the space. 2. Return a response with an error code and body text that better describes the issue.",synctoolui: unchecking options in configuration tab causes 404 error,The problem:  the controller dependends on the presence of property name in query param while uncheck form fields are not sent as empty values.,1,1,3,1,2026-05-14T20:44:39Z,2026-05-14T20:59:04Z,865.038,"{""Decision"": 1}"
duracloud,5,DURACLOUD-949,DURACLOUD-842,Beanstalk: Connect DuraStore to MC database,"In order to have all of the information that is needed, DuraStore in beanstalk will need to have a direct connection to the MC database. Much of the code for setting up this connection should be already available from the MC or Mill (share/reuse where possible).    Options for getting the database connection information:  - As system properties specified in JAVA_OPTS (using beanstalk environment variables, note that there is a 256 character limit)  - Use JAVA_OPTS to point to a config file S3 URL, and pull that in on startup.    In order for the DuraStore calls to complete quickly, and to keep the database load down, information from the DB should be cached. This could be done preemptively or lazily, but in either case, there will need to be handling for invalidation, to ensure updates to the database are picked up.",DurAdmin: Uploaded files should include same metadata as generated by Sync Tool,"When adding files, the Sync Tool captures metadata for the files. DurAdmin should capture the same metadata. The metadata items created by the Sync Tool includes: - creator - content-file-last-accessed - content-file-path - content-file-modified - content-file-created",1,1,2,1,2026-05-14T20:44:39Z,2026-05-14T20:59:04Z,865.115,"{""Decision"": 1}"
duracloud,5,DURACLOUD-824,DURACLOUD-1017,Sync Tool: Ability to restart on system reboot,"This task is to provide a way, on Windows, Mac, and Linux systems for a Sync Tool that is running on shutdown to restart and continue running after a system restart.",SyncTool chunking error,I have an issue chunking files larger than the max size:     ERROR 2016/05/07 02:46:37 [pool-3-thread-2] (SyncWorker.java:68) [run()] - Exception syncing file /srv/perkins/duracloud/spaces/repository.duke.edu-dev/BINARIES/d4/a6/22/d4a622b5a2a64e750e3e01abaf687eceebfe06d5 was MaxChunkSize must be multiple of 1024: 1000000000   org.duracloud.common.error.DuraCloudRuntimeException: MaxChunkSize must be multiple of 1024: 1000000000           at org.duracloud.chunk.ChunkableContent.calculateBufferSize(ChunkableContent.java:93) ~[duracloudsync-3.7.3.jar:na]           at org.duracloud.chunk.ChunkableContent.<init>(ChunkableContent.java:61) ~[duracloudsync-3.7.3.jar:na]           at org.duracloud.chunk.ChunkableContent.<init>(ChunkableContent.java:53) ~[duracloudsync-3.7.3.jar:na]           at org.duracloud.chunk.FileChunker.doAddContent(FileChunker.java:226) ~[duracloudsync-3.7.3.jar:na]           at org.duracloud.chunk.FileChunker.addContent(FileChunker.java:152) ~[duracloudsync-3.7.3.jar:na]           at org.duracloud.sync.endpoint.DuraStoreChunkSyncEndpoint.addUpdateContent(DuraStoreChunkSyncEndpoint.java:164) ~[duracloudsync-3.7.3.jar:na]           at org.duracloud.sync.endpoint.DuraStoreSyncEndpoint.addUpdateContent(DuraStoreSyncEndpoint.java:304) ~[duracloudsync-3.7.3.jar:na]           at org.duracloud.sync.endpoint.DuraStoreSyncEndpoint.doAddContent(DuraStoreSyncEndpoint.java:262) ~[duracloudsync-3.7.3.jar:na]           at org.duracloud.sync.endpoint.DuraStoreSyncEndpoint.syncFileAndReturnDetailedResult(DuraStoreSyncEndpoint.java:229) ~[duracloudsync-3.7.3.jar:na]           at org.duracloud.sync.mgmt.SyncWorker.run(SyncWorker.java:65) ~[duracloudsync-3.7.3.jar:na]           at java.util.concurrent.ThreadPoolExecutor.runWorker(ThreadPoolExecutor.java:1142) [na:1.8.0_91]           at java.util.concurrent.ThreadPoolExecutor$Worker.run(ThreadPoolExecutor.java:617) [na:1.8.0_91]           at java.lang.Thread.run(Thread.java:745) [na:1.8.0_91],1,1,3,1,2026-05-14T20:44:39Z,2026-05-14T20:59:04Z,865.121,"{""Decision"": 1}"
duracloud,5,DURACLOUD-1003,DURACLOUD-1048,root URI does not  redirect to /duradmin/ in 4.0.0 on beanstalk,https://<account>.duracloud.org does not redirect to  https://<account>.duracloud.org/duradmin as it does in the current production 3.x line.,Tags for USER role with read-only permission are presented with no spaces,"When a user with USER role is given read access to a space, they are able to see the content, but when they select the content in the UI, the list of tags are listed with no space between the tags, so they all appear as if they are a single word.    Example: If the tags on a file are ""test"", ""popcorn"", and ""bicycle"", then they are displayed as ""testpopcornbicycle""",1,1,2,1,2026-05-14T20:44:39Z,2026-05-14T20:59:04Z,865.343,"{""Decision"": 1}"
duracloud,5,DURACLOUD-959,DURACLOUD-928,Beanstalk: Set up topic subscription on DuraStore init,"On DuraStore init, an SNS topic subscription is set up. The SNS connection details are stored in the MC DB. When a message comes through that subscription, it picks up what changes were made and updates local cache.",Allow user-level users to see bit integrity notice and manifest button,Users with USER role should be able to see the bit integrity notice and should be able to see and use the space manifest button. Currently these are only available to users with ADMIN role or above.,1,1,3,1,2026-05-14T20:44:39Z,2026-05-14T20:59:05Z,866.271,"{""Decision"": 1}"
duracloud,5,DURACLOUD-1045,DURACLOUD-874,Use Manifest to Count items and Bytes for Glacier for Storage Stats,,SyncToolUI: Option to include prefix,DURACLOUD-869 added a prefix option to the SyncTool. This task is to provide a way for users of the UI to make use of that new feature.,1,1,2,1,2026-05-14T20:44:39Z,2026-05-14T20:59:06Z,866.496,"{""Decision"": 1}"
duracloud,5,DURACLOUD-1016,DURACLOUD-915,Refactor storage report API endpoints to be more consistent with the rest of the DuraCloud API,"Current API endpoints:    # Provides a listing of totals for content in a space over a time range  /storagestats/timeseries ? spaceID & storeID & start & end    # For a single day, provides a list of report details for each space in a store  /storagestats/snapshot-by-day ? storeID & date    Should be changed to:    # Summary of a space, listed by day  /report/space/{spaceID} ? storeID & startDate & endDate    # Summary of a store, listed by day  /report/store ? storeID & startDate & endDate      # Summary of a store (for a single day), listed by space  /report/store/{date} ? storeID    - storeID should be optional, default to primary store    Note: No changes need be made to the functionality, just to the REST endpoints.",SyncTool UI: Add warning about use of the sync deletes feature,It has been noted several times that the sync deletes feature in the SyncTool can be dangerous. It provides the opportunity for a user to delete their entire corpus of content if it's not used carefully.    This task is to add a warning dialog when anyone selects the option to turn on the sync deletes feature which describes the dangers and asks them if they are sure this is what they would like to do.,1,1,2,1,2026-05-14T20:44:39Z,2026-05-14T20:59:07Z,867.517,"{""Decision"": 1}"
duracloud,5,DURACLOUD-1015,DURACLOUD-1007,Add restful error handling to the Storage Report REST API,Currently failures are returning 500 errors.,Make MC able to read properties from S3,,-1,1,2,1,2026-05-14T20:44:39Z,2026-05-14T20:59:07Z,867.522,"{""Decision"": -1}"
duracloud,5,DURACLOUD-914,DURACLOUD-986,Remove extra authentication provider from duradmin security config,"<authentication-provider user-service-ref=""userDetailsSvc""/>",Duradmin must be aware of AccountChangeEvents,,-1,-1,1,2,2026-05-14T20:44:39Z,2026-05-14T20:59:07Z,867.524,"{""Decision"": -1}"
duracloud,5,DURACLOUD-989,DURACLOUD-1046,Changes to users in management console does not always trigger update in duracloud,The following scenarios appear not to cause a cache update in duracloud:    1. Removing a user from an account  2. Adding a new user to an account  3. Updating a user's rights on an account.    also: double check deleting a user from all accounts works.,Error message on Chronopolis provider says DPN,"If a communication or other error occurs within the Chronopolis provider, an error dialog is shown that includes the text: ""DuraCloud is not currently able to connect to DPN"".     This error continues to make sense for the DPN provider, but not for the Chronopolis provider. Making the error more generic, so that it could apply to either provider, would be sufficient.",1,1,2,1,2026-05-14T20:44:39Z,2026-05-14T20:59:07Z,868.028,"{""Decision"": 1}"
duracloud,5,DURACLOUD-983,DURACLOUD-894,Durastore:  TaskProviderFactory is not aware of global account repo,"With the recent beanstalk-oriented changes, any durastore instance can serve requests for any account.    However it appears that the TaskProviderFactoryImpl is not aware of these changes.  It is still thinking that it must be initialized externally as opposed to reading from the global account store.",Make org.duracloud.common.DateUtil  threadsafe,Neither parse nor format operations are threadsafe.,1,1,2,1,2026-05-14T20:44:39Z,2026-05-14T20:59:08Z,868.537,"{""Decision"": 1}"
duracloud,5,DURACLOUD-967,DURACLOUD-946,Remove storage report generation code,"Remove duraboss, reporter, report client, and any dependencies on these modules.",Use CloudWatch rather than DuraBoss to generate storage reports,"Cloudwatch now provides metrics for S3, providing a daily total of files and total size per bucket in an account. We need to use this rather than running DuraBoss for reporting, at least on S3 and Glacier stores. Ideally we can discontinue the use of DuraBoss completely.",1,-1,1,5,2026-05-14T20:44:39Z,2026-05-14T20:59:08Z,869.257,"{""Decision"": 1}"
duracloud,5,DURACLOUD-860,DURACLOUD-846,Remove all services dependencies from duradmin,,Update to the latest JClouds,In DuraCloud release 2.4 an issue with the JClouds library that was used (the latest at the time) was that it would not perform reauthentication when the auth token expired. This required a work around in DuraStore. The issue has now been fixed: https://issues.apache.org/jira/browse/JCLOUDS-178.  This task is to update to the latest JClouds library when possible.,1,1,2,1,2026-05-14T20:44:39Z,2026-05-14T20:59:08Z,869.261,"{""Decision"": 1}"
duracloud,5,DURACLOUD-897,DURACLOUD-919,Add REST API for Accessing Bit Integrity Reports in DuraStore,"The rest api should support a call to get the last bit integrity report for a space.  It should include, along with the body of the latest report, the status of the report (success if all went well, failure if there are errors) as well as the date the report was completed.  The properties should be accessible through a HEAD call, while the content (as well as properties) will be accessed with a GET.",Durastore init xml is incorrect in the documentation.,This chunk is not right.    <storageProviderAccounts>    <storageAcct ownerId='0' isPrimary='true'>...</storageAcct>    <storageAudit>...</storageAudit>    <millDbConfig>...</millDbConfig>  </storageProviderAccounts>    millDbConfig and storageAudit should be siblings of storageProviderAccounts.    See xml document for correct format.,1,1,2,1,2026-05-14T20:44:39Z,2026-05-14T20:59:08Z,869.262,"{""Decision"": 1}"
duracloud,5,DURACLOUD-882,DURACLOUD-848,Fixity check green bar not being displayed,The green bar that show the date of the last fixity check is not being displayed in DuraCloud 3.1. This feature needs to be re-instated as the new bit integrity system is put in place to allow users to see the dates of health checks.,Bulk Select/Delete Tool,"Several customers have requested the need for a tool that will allow them to perform a bulk delete of a subset of content in a space. They need a tool that will allow them to, first, specify which content to delete from a space and then, second, perform a bulk delete for that content.",-1,1,3,1,2026-05-14T20:44:39Z,2026-05-14T20:59:09Z,869.609,"{""Decision"": -1}"
duracloud,5,DURACLOUD-868,DURACLOUD-978,Upgrade from Maven2 to Maven3,Upgrade from Maven2 to Maven3. Update POMs to be compatible with Maven3.  Fix all build warnings and errors.,Bit Integrity Report REST call incorrectly returns 204 code when space is not found.,It should be returning 404,1,1,3,1,2026-05-14T20:44:39Z,2026-05-14T20:59:09Z,870.04,"{""Decision"": 1}"
duracloud,5,DURACLOUD-968,DURACLOUD-851,Beanstalk: Connect DurAdmin to MC database and allow for calls to any account,DURACLOUD-949 and DURACLOUD-951 updated DuraStore to connect to the MC database and pull the information needed to work for all DuraCloud accounts. This work also involved caching the database information and refreshing that cache on change notificatoin. This task is to carry that work forward into a similar capability for DurAdmin.,Add CORS headers to apache config in new AMI,Add the CORS headers to the apache config when the new ami is built:  See  https://jira.duraspace.org/browse/DPS-23 for modifications.  This change enables api calls to be made from javascript hosted on other domains.,1,1,2,1,2026-05-14T20:44:39Z,2026-05-14T20:59:10Z,870.991,"{""Decision"": 1}"
duracloud,5,DURACLOUD-859,DURACLOUD-911,Modify SpaceWriteAccessVoter.java so that the primary storage provider is inferred when no storeId is specified in the URL.,,Failure with space and %20 in content ID on SDSC,"Several failures have been noted recently in the mill when attempting to perform a duplication of a content item with a content ID that includes ""%20"" in the content ID from Amazon to SDSC. (Note that %20 is the url encoding for a blank space.) The attached file is a set of errors from the mill dead letter queue.    I was able to reproduce the issue by attempting to create a content item in SDSC with the name: ""test-file spaces%20percents.txt"". Note that I did not see an issue with ""test-file spaces.txt"" or ""test-file%20percents.txt"", so it would appear that the combination of the two characters (an actual space, and ""%20"") is necessary to provoke the issue.",-1,-1,1,2,2026-05-14T20:44:39Z,2026-05-14T20:59:11Z,871.816,"{""Decision"": -1}"
duracloud,5,DURACLOUD-939,DURACLOUD-831,Relax check for existing content ID on streaming url request,"In order to successfully stream an mp3 file through Cloudfront, the file must be stored with the "".mp3"" extension, but the task call to generate the URL must leave the extension off of the file.    Example: If a file is named ""myAudioFile.mp3"", it should be stored in DuraCloud (S3 provider) with that name. To stream that file, the content ID would be specified as: ""myAudioFile"", without the extension.    Right now there is a check in the task calls to create URLs to verify that the specified content ID actually exists. In the example above, this causes problems because the stored file name and the ID provided for the get URL call differ.    This task is to change the task code to skip the content ID check altogether. This will also allow for generating URLs for content items which have not yet been uploaded (but for which the IDs are known).    Note that I've only tested this with secure streaming, but expect it will work the same with open streaming.",Support multiple instances of synctool ui on one machine,"Currently the synctoolui assumes only one user per machine will be using the synctool.  If this assumption is incorrect, we may need to look into adding port negotiation into the installer mix to enable multiple installs of the synctoolui on a single machine.",-1,-1,1,2,2026-05-14T20:44:39Z,2026-05-14T20:59:11Z,871.824,"{""Decision"": -1}"
duracloud,5,DURACLOUD-995,DURACLOUD-975,Beanstalk:  ACLStorageProvider must be reloaded on ACL change,"ACLs are currently cached in the ACLStorageProvider in order to improve performance of space reads.  This works fine when a single instance of ACLStorageProvider can be assumed.  However in beanstalk mode we expect that each node may have a copy of the same ACLStorageProviderCache.  Changes to groups or users that occur in the management console will generate a notification to all of these instances.  However,  changes to the permissions made via Duradmin or the Durastore API must also cause nodes to reload their caches.      One approach to resolve the issue will be to have the ACLStorageProvider generate a notification to the other nodes.    It might be useful to include the source IP address in the notification so that message receivers can opt to ignore messages received from themselves.",Remove dashboard from duradmin,No longer supported.,1,1,3,1,2026-05-14T20:44:39Z,2026-05-14T20:59:11Z,872.103,"{""Decision"": 1}"
duracloud,5,DURACLOUD-833,DURACLOUD-844,synctoolui: unchecking options in configuration tab causes 404 error,The problem:  the controller dependends on the presence of property name in query param while uncheck form fields are not sent as empty values.,Sync Tool: Uninstalling with app running (on Windows) pops up error dialog,"If the sync tool is uninstalled while the application is running, the uninstall works properly, the application is stopped and all files are removed as expected, but an error dialog is popped up stating ""Program ended with an error exit code"".   This popup does not show up if the application is not running when the uninstaller is run.  The dialog is popped up when the command: ""taskkill /f /t /im duracloudsync.exe"" is run by the uninstaller.  In testing for the 2.4 release I found that if the taskkill command is run without the ""/f"" force flag, the error dialog does not pop up and the exe process stops (the icon is removed from the task bar), but the java process continues to run, so the application is still available. If the command above, with the force flag is then run, the java app is stopped without a popup dialog. This is why a second call was added to the uninstaller, to try running without the force flag first. Unfortunately, this did not work, the error dialog remains.",-1,-1,1,2,2026-05-14T20:44:39Z,2026-05-14T20:59:12Z,872.661,"{""Decision"": -1}"
duracloud,5,DURACLOUD-916,DURACLOUD-980,Secure streaming cannot be turned back on in DurAdmin,"If a space is set to secure streaming it shows up in DurAdmin as having streaming turned on. If, however, you then turn streaming off via DurAdmin and later attempt to turn it back on again, it fails with an error: ""Task enable-streamingis not supported"". This works fine with a space set to open streaming.",OpenstackProvider marker and prefix params are not url encoded on space listing calls,This problem applies to both get spaces and get spaces chunked calls.  It appears that this problem was addresses for get content calls.  So the OpenStackStorageProvider performs a url encode as well as some other encoding magic to get things to work properly.   These issues were identified for  jclouds 1.8.0 (the version we're using) in this jira: https://issues.apache.org/jira/browse/JCLOUDS-217 .  According to the issue details it was resolved in jclouds 2.0.0.   Short term solution is to apply the fix to the OpenStackStorageProvider.  I believe the longer term fix is to upgrade to jclouds 2.0.0.  That later fix will likely be somewhat involved since there were major api changes between 1.x and 2.x.,-1,-1,1,2,2026-05-14T20:44:39Z,2026-05-14T20:59:12Z,873.323,"{""Decision"": -1}"
duracloud,5,DURACLOUD-841,DURACLOUD-939,Image gallery viewer,"In a cloud service strategy meeting on Aug 6, 2013 (https://wiki.duraspace.org/display/DSPINT/2013-08-06+-+Cloud+Service+Strategy) there was a discussion about a need expressed by UNC to have a way to view images in DuraCloud as a gallery, in order to aid in the finding of images in their collection.  I was thinking that this could be accomplished with an html/css/javascript app that is stored in one of the user's spaces, and allows them to select a space (if that's actually necessary, could be hard coded to the one that is their image library) and view a set of images. The javascript would need to make calls to the DuraCloud REST API to get the list of content items and display each one. The images would likely be scaled down a bit, to make browsing easier, and clicking on them would display the (slightly) larger size. The REST API would also be used to allow paging through the content items (and not trying to display too many at once). The option to specify a prefix for filtering would need to be there, and the user would need to be able to see the full content ID of the item they are viewing, since that will be the link back to the full size archival image on their internal system.  There is an expectation that the UNC folks will be generating the necessary low-res images that would be viewed through this gallery viewer, and would load those images into a DuraCloud space.",Relax check for existing content ID on streaming url request,"In order to successfully stream an mp3 file through Cloudfront, the file must be stored with the "".mp3"" extension, but the task call to generate the URL must leave the extension off of the file.    Example: If a file is named ""myAudioFile.mp3"", it should be stored in DuraCloud (S3 provider) with that name. To stream that file, the content ID would be specified as: ""myAudioFile"", without the extension.    Right now there is a check in the task calls to create URLs to verify that the specified content ID actually exists. In the example above, this causes problems because the stored file name and the ID provided for the get URL call differ.    This task is to change the task code to skip the content ID check altogether. This will also allow for generating URLs for content items which have not yet been uploaded (but for which the IDs are known).    Note that I've only tested this with secure streaming, but expect it will work the same with open streaming.",1,1,2,1,2026-05-14T20:44:39Z,2026-05-14T20:59:13Z,873.47,"{""Decision"": 1}"
duracloud,5,DURACLOUD-972,DURACLOUD-940,Remove integration-test and unit-test-db modules,"The tests in the integration-test module have been disabled since 4/25/2011. The most important of these, the tests for storage provider connections, have been recreated in the ""integration"" module. Many of the remaining tests are likely far out of date.    This task is to review the test in integration-test, move those which have real value to the integration module, then remove integration-test and its dependent unit-test-db from the codebase.",Bit Integrity Reports are not showing up in duradmin for secondary providers.,"(from an email from bbranan)  I was looking at some bit integrity results this morning and noticed in all of the accounts I looked at (colum, icpsr, and demo), that there are no green bit integrity bars on any of the spaces in any secondary providers. I spot checked a few, and there are successful bit report entries for those spaces in the mill db, they just aren't being shown in the UI.    When I select a space on SDSC providers in duradmin, it takes a while for the space to load. It appears to be attempting to get the bit integrity report, but it fails to do so. Looking at the logs, I see consistent errors like this:    ERROR  2015/09/11 13:26:40 [ajp-bio-8009-exec-25212] (SpaceController.java:117) [populateBitIntegrityResults()] - failed to populate bit integrity results due to error:Error attempting to get bit integrity report  properties 'carissa-folder-test' due to: Response code was 500, expected value was 200. Response body value: null  org.duracloud.error.ContentStoreException: Error attempting to get bit integrity report properties 'carissa-folder-test' due to: Response code was 500, expected value was 200. Response body value: null          at org.duracloud.client.ContentStoreImpl.getBitIntegrityReportProperties(ContentStoreImpl.java:1214) ~[storeclient-3.3.0.jar:na]          at org.duracloud.duradmin.spaces.controller.SpaceController.populateBitIntegrityResults(SpaceController.java:109) [SpaceController.class:na]          at org.duracloud.duradmin.spaces.controller.SpaceController.get(SpaceController.java:96) [SpaceController.class:na]",-1,1,3,1,2026-05-14T20:44:39Z,2026-05-14T20:59:13Z,873.964,"{""Decision"": -1}"
duracloud,5,DURACLOUD-839,DURACLOUD-995,Retrieval Tool:  Verify chunked manifests when generating prechunked listing,"It would be nice if we could tell the retrieval tool to verify that the manifest points to a complete set of chunks and that the chunk md5s match the manifest md5s.    This will be a handy addition to  https://jira.duraspace.org/browse/DURACLOUD-837 and https://jira.duraspace.org/browse/DURACLOUD-838  In verify mode, it would probably be a good idea to add a couple of columns to the output: verification status (success, failure) and an explanation column where there is a problem.",Beanstalk:  ACLStorageProvider must be reloaded on ACL change,"ACLs are currently cached in the ACLStorageProvider in order to improve performance of space reads.  This works fine when a single instance of ACLStorageProvider can be assumed.  However in beanstalk mode we expect that each node may have a copy of the same ACLStorageProviderCache.  Changes to groups or users that occur in the management console will generate a notification to all of these instances.  However,  changes to the permissions made via Duradmin or the Durastore API must also cause nodes to reload their caches.      One approach to resolve the issue will be to have the ACLStorageProvider generate a notification to the other nodes.    It might be useful to include the source IP address in the notification so that message receivers can opt to ignore messages received from themselves.",-1,-1,1,3,2026-05-14T20:44:39Z,2026-05-14T20:59:13Z,873.999,"{""Decision"": -1}"
duracloud,5,DURACLOUD-911,DURACLOUD-888,Failure with space and %20 in content ID on SDSC,"Several failures have been noted recently in the mill when attempting to perform a duplication of a content item with a content ID that includes ""%20"" in the content ID from Amazon to SDSC. (Note that %20 is the url encoding for a blank space.) The attached file is a set of errors from the mill dead letter queue.    I was able to reproduce the issue by attempting to create a content item in SDSC with the name: ""test-file spaces%20percents.txt"". Note that I did not see an issue with ""test-file spaces.txt"" or ""test-file%20percents.txt"", so it would appear that the combination of the two characters (an actual space, and ""%20"") is necessary to provoke the issue.",Make Audit and Manifest REST methods consistent with other durastore calls,"Namely, make sure that storeID parameter can be null and if so, the primary storage provider is used.",1,1,2,1,2026-05-14T20:44:39Z,2026-05-14T20:59:13Z,874.139,"{""Decision"": 1}"
duracloud,5,DURACLOUD-848,DURACLOUD-952,Bulk Select/Delete Tool,"Several customers have requested the need for a tool that will allow them to perform a bulk delete of a subset of content in a space. They need a tool that will allow them to, first, specify which content to delete from a space and then, second, perform a bulk delete for that content.",Beanstalk: Handling of roots,"DuraStore through beanstalk will no longer have access to a single root user. Instead it will need to allow any user with the root role to have root-level access. This work is to ensure that root user access works properly.    Since DuracloudUser has a root boolean property, we need to take that into account when loading user details managers from the global account repo. Currently we are relying on ROLE_ROOT associations in the account rights.",1,-1,1,2,2026-05-14T20:44:39Z,2026-05-14T20:59:14Z,875.186,"{""Decision"": 1}"
duracloud,5,DURACLOUD-863,DURACLOUD-971,Remove ActiveMQ,This work is to remove the use of ActiveMQ in DuraCloud. Storage events should be now captured by the AuditStorageProvider.,Add REST API call to retrieve latest fixity report for a given space,"As discussed in DPS-123, Jim Tuttle from Duke needs a way to easily retrieve bit integrity reports generated by the DuraCloud Mill. This task is to add a new REST API call to the DuraStore API which will allow for retrieving the latest report file.",1,1,2,1,2026-05-14T20:44:39Z,2026-05-14T20:59:15Z,875.811,"{""Decision"": 1}"
duracloud,5,DURACLOUD-1048,DURACLOUD-1020,Tags for USER role with read-only permission are presented with no spaces,"When a user with USER role is given read access to a space, they are able to see the content, but when they select the content in the UI, the list of tags are listed with no space between the tags, so they all appear as if they are a single word.    Example: If the tags on a file are ""test"", ""popcorn"", and ""bicycle"", then they are displayed as ""testpopcornbicycle""",Move Bit Integrity Producer on to the Sentinel,In order to better utilize our AWS resources we should do the following:      1. Retire the Bit Integrity Producer  Autoscale group and configuration.  2. Move the bit integrity producer process onto the sentinel and have it run continuously.  3. Upgrade the sentinel to an m3.medium.   4. Ensure that the bit report autoscale group is scaling down when the bit report queue has been empty for more than 3 hours.,-1,-1,1,2,2026-05-14T20:44:39Z,2026-05-14T20:59:15Z,875.817,"{""Decision"": -1}"
duracloud,5,DURACLOUD-941,DURACLOUD-974,Streaming: Allow streaming URL requests for content IDs not in storage,"In order to stream mp3 files through Cloudfront, the files themselves must have the "".mp3"" file extension, but the streaming URL must be requested without the file extension. Currently, there is a check to make sure that a call to get a streaming URL corresponds to a content ID already in storage. In this case, though, the content ID and the ""stream"" ID don't quite match.    This task is to remove the check to see if a content ID is in place before a streaming URL can be requested. This should solve the problem noted above, and make it possible to pre-generate URLs for content files prior to upload, which may be useful as well.",Finish storage report conversion:  relative space byte and item count sizes.,For beanstalk version implement storage stats pie chart view of space size and space item count as of x day to match what is currently available in duracloud 3.6.0.,-1,-1,1,3,2026-05-14T20:44:39Z,2026-05-14T20:59:15Z,875.819,"{""Decision"": -1}"
duracloud,5,DURACLOUD-880,DURACLOUD-949,Media streaming URL not being displayed in space properties,"When media streaming is turned on for a space, a property is added to the space tags called ""streaming-host"" which provides the host value needed to stream the files in the space (this change was made for DURACLOUD-864).   Unfortunately, as of the 3.1.0 release, DurAdmin is not displaying the streaming host value as one of the space properties, so users cannot actually use streaming even after it has been turned on.",Beanstalk: Connect DuraStore to MC database,"In order to have all of the information that is needed, DuraStore in beanstalk will need to have a direct connection to the MC database. Much of the code for setting up this connection should be already available from the MC or Mill (share/reuse where possible).    Options for getting the database connection information:  - As system properties specified in JAVA_OPTS (using beanstalk environment variables, note that there is a 256 character limit)  - Use JAVA_OPTS to point to a config file S3 URL, and pull that in on startup.    In order for the DuraStore calls to complete quickly, and to keep the database load down, information from the DB should be cached. This could be done preemptively or lazily, but in either case, there will need to be handling for invalidation, to ensure updates to the database are picked up.",-1,-1,1,2,2026-05-14T20:44:39Z,2026-05-14T20:59:15Z,876.004,"{""Decision"": -1}"
duracloud,5,DURACLOUD-1027,DURACLOUD-898,Add Chronopolis storage provider,"This will be a subclass of the snapshot provider, to provide the ability to push to Chronopolis, not DPN.",Spaces no longer loading in Firefox 33.0+ in duradmin,After upgrading to Firefox 33.0 spaces are not longer loading.,1,1,5,1,2026-05-14T20:44:39Z,2026-05-14T20:59:15Z,876.346,"{""Decision"": 1}"
duracloud,5,DURACLOUD-857,DURACLOUD-1027,upgrade for spring 4.0.2,,Add Chronopolis storage provider,"This will be a subclass of the snapshot provider, to provide the ability to push to Chronopolis, not DPN.",1,-1,3,5,2026-05-14T20:44:39Z,2026-05-14T20:59:17Z,877.855,"{""Decision"": 1}"
duracloud,5,DURACLOUD-1007,DURACLOUD-1001,Make MC able to read properties from S3,,Beanstalk: Load duracloud properties from S3,Currently -Dduracloud.config.file only supports files.  In order to make it possible for us to use a plain vanilla beanstalk ami it would be better for us to load config from S3.     Loading from S3 would make the instances more secure by now storing credentials on the instances themselves.,-1,-1,1,2,2026-05-14T20:44:39Z,2026-05-14T20:59:17Z,878.019,"{""Decision"": -1}"
duracloud,5,DURACLOUD-988,DURACLOUD-962,Ensure DuraCloud dependencies are version consistent and secure,"This task is to add two new checks to the DuraCloud dependency chain:  1. Add the dependency convergence option to the maven enforcer (https://maven.apache.org/enforcer/enforcer-rules/dependencyConvergence.html). This compares versions in the dependency tree to ensure that only a single version of any given artifact is referenced in the build.  2. Add the enforce-victims-rule to the maven enforcer (https://github.com/victims/victims-enforcer). This checks the dependency tree against a list of dependencies known to have security vulnerabilities.    After adding these requirements, there will be changes needed in the codebase to comply with any issues that are uncovered.",SyncTool chunk size settings should be multiples of 1000,"In the rest of DuraCloud, GB is defined as a multiple of 1000 (a decimal representation.) The Sync Tool currently uses a multiple of 2 (decimal representation). The Sync Tool should be updated to set the GB value to 1000^3.",1,1,5,1,2026-05-14T20:44:39Z,2026-05-14T20:59:17Z,878.157,"{""Decision"": 1}"
duracloud,5,DURACLOUD-929,DURACLOUD-1029,Multiple space selection does not work,"In DuraCloud v3.3.0, when multiple spaces are selected, the UI displays as if no spaces were selected. There is no option to delete the selected spaces or edit properties (as there was in 3.2.2 and previous versions)    To reproduce:    1. Select a space.  2. Click on the checkbox of another space.  3. The multiple space selection panel does not show up in the detail area.",Chart data calls are returning 500 error from DuraStore,,-1,-1,1,2,2026-05-14T20:44:39Z,2026-05-14T20:59:18Z,878.532,"{""Decision"": -1}"
duracloud,5,DURACLOUD-978,DURACLOUD-861,Bit Integrity Report REST call incorrectly returns 204 code when space is not found.,It should be returning 404,Modify duradmin to control streaming service via ContentStore interface and space properties,,-1,-1,1,2,2026-05-14T20:44:39Z,2026-05-14T20:59:18Z,879.189,"{""Decision"": -1}"
duracloud,5,DURACLOUD-828,DURACLOUD-1050,Retrieval Tool: Hidden password option,DURACLOUD-759 added a hidden password for the Sync Tool. This task is to make use of the same environment variable to pick up the password for the Retrieval Tool. This will help to keep the functionality of the two tools in sync.,Update Duplication Monitor to work with DuraCloud 4.x,1. Remove obsolete dependencies on database  2. Retrieve space counts from storage stats rather than making a content item count by means of looping through all the content ids.  3. Ensure monitor username and password is encrypted,-1,-1,1,3,2026-05-14T20:44:39Z,2026-05-14T20:59:19Z,879.906,"{""Decision"": -1}"
duracloud,5,DURACLOUD-1009,DURACLOUD-837,upgrade spring security in snapshot,,List MD5 option for space listing function of Retrieval Tool,It would be nice to be able to optionally list all the md5s as well as the raw list of contentIds for a space.,1,1,2,1,2026-05-14T20:44:39Z,2026-05-14T20:59:19Z,880.215,"{""Decision"": 1}"
duracloud,5,DURACLOUD-957,DURACLOUD-966,Backup thread runs too frequently on synctool.,Currently the synctool's backup thread is running on the same schedule as the directory polling period which is 10 seconds by default.  The back up thread period should not be tied to the polling period.  Instead it should run at least every 5 minutes by default.  Also thread synchronization on on the ChangedList.persist method is causing threads to wait until the backup file is completely written rather than waiting only until the file list is copied in memory.,Write utility for adding storage report data to space_stats table in mill db,"Currently the storage history of all spaces are stored in xml files found in x-duracloud-admin on the various instances.   We want to extract this data and store it in the mill db space_stats table.      To accomplish this task,  we will need a tool that can convert storage reports for a single account by looping through the list of reports,  extracting the data for each space  and inserting a record in the space_stats table.",1,-1,1,3,2026-05-14T20:44:39Z,2026-05-14T20:59:19Z,880.316,"{""Decision"": 1}"
duracloud,5,DURACLOUD-879,DURACLOUD-858,Update mimetype determination method,"The MimetypeUtil class in common currently uses FileNameMap (http://docs.oracle.com/javase/7/docs/api/java/net/FileNameMap.html) to determine the mimetype of a file based on its file extension. This class is used by the SyncTool to generate mimetype values for files being transferred to DuraCloud. The current method depends on a mapping file found in each individual user's JRE, make it difficult to update.  A better option would be to use MimetypesFileTypeMap (http://docs.oracle.com/javase/7/docs/api/javax/activation/MimetypesFileTypeMap.html) for this purpose, which would allow us to include our own mapping file (and therefore be much more comprehensive).",Upgrade to tomcat7,,-1,-1,1,2,2026-05-14T20:44:39Z,2026-05-14T20:59:20Z,880.826,"{""Decision"": -1}"
duracloud,5,DURACLOUD-865,DURACLOUD-998,Create AuditStorageProvider to push AuditTasks to audit queue,"An AuditStorageProvider needs to be created which is a decorator for StorageProvider. This new class will capture read and write events and write them to an SQS queue as AuditTasks, to be processed later.  Note that this item overlaps with DURACHRON-35.",Create dev AMI for  DuraCloud 4.x testing.,,1,1,5,2,2026-05-14T20:44:39Z,2026-05-14T20:59:20Z,881.338,"{""Decision"": 1}"
duracloud,5,DURACLOUD-877,DURACLOUD-880,Provide a way by which users can determine the optimal SyncTool thread setting,"Currently, to determine the ideal number of threads to maximize throughput, users of the SyncTool need to run the SyncRate tool with a variety of settings, record the speed values, then compare them. This is time consuming and difficult. This task is to make determining the thread number for optimal throughput as simple as possible.",Media streaming URL not being displayed in space properties,"When media streaming is turned on for a space, a property is added to the space tags called ""streaming-host"" which provides the host value needed to stream the files in the space (this change was made for DURACLOUD-864).   Unfortunately, as of the 3.1.0 release, DurAdmin is not displaying the streaming host value as one of the space properties, so users cannot actually use streaming even after it has been turned on.",1,1,3,1,2026-05-14T20:44:39Z,2026-05-14T20:59:21Z,881.477,"{""Decision"": 1}"
duracloud,5,DURACLOUD-1046,DURACLOUD-882,Error message on Chronopolis provider says DPN,"If a communication or other error occurs within the Chronopolis provider, an error dialog is shown that includes the text: ""DuraCloud is not currently able to connect to DPN"".     This error continues to make sense for the DPN provider, but not for the Chronopolis provider. Making the error more generic, so that it could apply to either provider, would be sufficient.",Fixity check green bar not being displayed,The green bar that show the date of the last fixity check is not being displayed in DuraCloud 3.1. This feature needs to be re-instated as the new bit integrity system is put in place to allow users to see the dates of health checks.,-1,-1,1,3,2026-05-14T20:44:39Z,2026-05-14T20:59:21Z,881.85,"{""Decision"": -1}"
duracloud,5,DURACLOUD-885,DURACLOUD-968,Limit storage provider details,"The current DuraCloud REST API call to determine the available storage providers on an instance provides in its response the set of properties from init that are beyond the standard set of StorageProvider values. In the case of the SnapshotStorageProvider, some of these details should not be shared.",Beanstalk: Connect DurAdmin to MC database and allow for calls to any account,DURACLOUD-949 and DURACLOUD-951 updated DuraStore to connect to the MC database and pull the information needed to work for all DuraCloud accounts. This work also involved caching the database information and refreshing that cache on change notificatoin. This task is to carry that work forward into a similar capability for DurAdmin.,-1,-1,1,2,2026-05-14T20:44:39Z,2026-05-14T20:59:21Z,882.309,"{""Decision"": -1}"
duracloud,5,DURACLOUD-915,DURACLOUD-950,SyncTool UI: Add warning about use of the sync deletes feature,It has been noted several times that the sync deletes feature in the SyncTool can be dangerous. It provides the opportunity for a user to delete their entire corpus of content if it's not used carefully.    This task is to add a warning dialog when anyone selects the option to turn on the sync deletes feature which describes the dangers and asks them if they are sure this is what they would like to do.,Beanstalk: Account determination,"All calls going through DuraStore will need to determine the account for which the call should be processed. By default this should be done using the subdomain of the host used for the call. There should also be an optional query parameter added to each API call which allows specifying the accountID, as this will be necessary for testing and may be needed by other scenarios.    Part of this work will be to ensure that the combination of the account and user credentials still ensures that only users with access to an account are able to make calls that affect that account.",-1,-1,1,3,2026-05-14T20:44:39Z,2026-05-14T20:59:22Z,882.811,"{""Decision"": -1}"
duracloud,5,DURACLOUD-1051,DURACLOUD-961,Ensure that management console uses beanstalk settings to require https,It should work just like the duracloud elastic beanstalk.,Allow for setting chunk size in SyncTool UI,The UI version of the Sync Tool should have a setting (on the configuration tab) which allows for the size of chunks to be set.,-1,1,2,1,2026-05-14T20:44:39Z,2026-05-14T20:59:23Z,883.66,"{""Decision"": -1}"
duracloud,5,DURACLOUD-991,DURACLOUD-885,Setup Bit integrity producer to run automatically,"It would be beneficial to rerun failed bit integrity runs in order to reduce the time spent managing bit integrity failures.     To achieve this end we must  1. Ensure that if an instance of the producer is currently running, do not run.  2.  modify the bit integrity producer to ignore any space that has run successfully within the last 60 days.",Limit storage provider details,"The current DuraCloud REST API call to determine the available storage providers on an instance provides in its response the set of properties from init that are beyond the standard set of StorageProvider values. In the case of the SnapshotStorageProvider, some of these details should not be shared.",1,1,2,1,2026-05-14T20:44:39Z,2026-05-14T20:59:24Z,885.04,"{""Decision"": 1}"
duracloud,5,DURACLOUD-843,DURACLOUD-936,Make use of S3 Server Side Encryption,This task is to update the S3StorageProvider to make use of the Server Side Encryption feature provided by S3 (http://aws.amazon.com/about-aws/whats-new/2011/10/04/amazon-s3-announces-server-side-encryption-support/)  Implementation details: http://docs.aws.amazon.com/AmazonS3/latest/dev/SSEUsingJavaSDK.html  Storing content with encryption should be the default.  Another task will be needed to update existing content in S3 to make use of encryption. This will likely need to be done by performing a copy action on all existing content such that the copied item is encrypted as it is written to S3.,Durastore incorrectly reports duplicate space.,"To reproduce the issue:     1. create a space called ""my-space""  2. create a space called ""my.space""  3. the second call should fail and report a duplicate space.    Note that performing the above calls in reverse order succeeds.    Finally,  after performing call in reverse order, notice that deleting the my.space  results in both my.space and my-space being deleted.",-1,1,2,1,2026-05-14T20:44:39Z,2026-05-14T20:59:24Z,885.433,"{""Decision"": -1}"
duracloud,5,DURACLOUD-895,DURACLOUD-972,Synctool fails when the max file size is greater than max java integer value,"Using the synctool, uploads of files greater than Integer.MAX_VALUE fail when the max file size is set appropriately high (ie > 2 GBs).",Remove integration-test and unit-test-db modules,"The tests in the integration-test module have been disabled since 4/25/2011. The most important of these, the tests for storage provider connections, have been recreated in the ""integration"" module. Many of the remaining tests are likely far out of date.    This task is to review the test in integration-test, move those which have real value to the integration module, then remove integration-test and its dependent unit-test-db from the codebase.",1,-1,1,3,2026-05-14T20:44:39Z,2026-05-14T20:59:25Z,885.489,"{""Decision"": 1}"
duracloud,5,DURACLOUD-903,DURACLOUD-1015,Clicking content checkbox unexpectedly deselects after loading the content detail,Steps to reproduce:    1. Load a space in duradmin  2. Make sure no content items are selected.  3. Click on the checkbox next to a content item.  4. Notice that it is initially checked but then unchecks itself while remaining selected.,Add restful error handling to the Storage Report REST API,Currently failures are returning 500 errors.,-1,-1,1,2,2026-05-14T20:44:39Z,2026-05-14T20:59:25Z,885.676,"{""Decision"": -1}"
duracloud,5,DURACLOUD-832,DURACLOUD-951,RetrievalTool NullPointerException when using all spaces option (-a),"The retrievaltool throws a NullPointerException when using the ""all-spaces"" or ""-a"" command line option and the ""spaces"" or ""-s"" option is not specified, which the ""spaces"" option shouldn't need to be when using ""all-spaces"".  The culprit is in RetrievalTool#startRetrievalManager at the line: boolean createSpaceDir = retConfig.getSpaces().size() > 1; because RetrievalToolConfig#getSpaces returns null when the ""spaces"" command line option is not used.",Beanstalk: DuraStore calls to accounts,All calls through DuraStore in a beanstalk setup will need to pull account information then perform the expected requests on the appropriate account.,-1,-1,1,2,2026-05-14T20:44:39Z,2026-05-14T20:59:25Z,886.257,"{""Decision"": -1}"
duracloud,5,DURACLOUD-842,DURACLOUD-868,DurAdmin: Uploaded files should include same metadata as generated by Sync Tool,"When adding files, the Sync Tool captures metadata for the files. DurAdmin should capture the same metadata. The metadata items created by the Sync Tool includes: - creator - content-file-last-accessed - content-file-path - content-file-modified - content-file-created",Upgrade from Maven2 to Maven3,Upgrade from Maven2 to Maven3. Update POMs to be compatible with Maven3.  Fix all build warnings and errors.,-1,-1,1,3,2026-05-14T20:44:39Z,2026-05-14T20:59:25Z,886.366,"{""Decision"": -1}"
duracloud,5,DURACLOUD-997,DURACLOUD-954,Do a test run of 4.0.0-SNAPSHOT on beanstalk.,,Users with USER role should be able to view streams on open spaces,"When a space is set to open streaming (by turning streaming on via DurAdmin), any user with read access to that space should be able to view media (audio/video) that is streamed through the built-in player. Currently, this works fine for admin users, but users with only USER role just see ""Unable to stream file"" where the player should be.    This is very likely to be caused by the fact that a task call is being made to retrieve the streaming URL, but that task call is limited to admin users. A user with access to a space should be able to make the task request to stream content from that space.",-1,1,2,1,2026-05-14T20:44:39Z,2026-05-14T20:59:26Z,886.844,"{""Decision"": -1}"
duracloud,5,DURACLOUD-924,DURACLOUD-997,Instance not initialized call should return something other than a 503,Each of the DuraCloud apps currently responds to a /init REST call with either a 200 if the app is initialized and ready for use or a 503 if the app is available but not yet initialized.    This task is to update this to change the 503 to another code. The reason is that Apache also returns 503 responses as a DuraCloud instance is starting when it is not yet able to make a connection to Tomcat. This results in the Management Console thinking that an instance is ready to be initialized when  it is not yet available.    Note that this change will require a companion change in the MC to ensure that the correct HTTP code is expected on init.,Do a test run of 4.0.0-SNAPSHOT on beanstalk.,,1,-1,1,2,2026-05-14T20:44:39Z,2026-05-14T20:59:27Z,887.771,"{""Decision"": 1}"
duracloud,5,DURACLOUD-831,DURACLOUD-914,Support multiple instances of synctool ui on one machine,"Currently the synctoolui assumes only one user per machine will be using the synctool.  If this assumption is incorrect, we may need to look into adding port negotiation into the installer mix to enable multiple installs of the synctoolui on a single machine.",Remove extra authentication provider from duradmin security config,"<authentication-provider user-service-ref=""userDetailsSvc""/>",1,1,2,1,2026-05-14T20:44:39Z,2026-05-14T20:59:27Z,888.293,"{""Decision"": 1}"
duracloud,5,DURACLOUD-826,DURACLOUD-984,Retrieval Tool: Use logback for logging,"In DURACLOUD-774 (in particular, the changes in code r1072) changed over the Sync Tool from using log4j to using logback as the underlying logger. This task is to update the Retrieval Tool in the same way.",Remove classic init from DuraCloud,"As we move towards an Elastic Beanstalk oriented deployment,  we no longer need to support classic two phase init (ie xml posted to the application).",-1,-1,1,3,2026-05-14T20:44:39Z,2026-05-14T20:59:27Z,888.437,"{""Decision"": -1}"
duracloud,5,DURACLOUD-1001,DURACLOUD-827,Beanstalk: Load duracloud properties from S3,Currently -Dduracloud.config.file only supports files.  In order to make it possible for us to use a plain vanilla beanstalk ami it would be better for us to load config from S3.     Loading from S3 would make the instances more secure by now storing credentials on the instances themselves.,add sync tool prepend source path (include top level directory) flag to synctoolui,,1,1,2,1,2026-05-14T20:44:39Z,2026-05-14T20:59:28Z,888.624,"{""Decision"": 1}"
duracloud,5,DURACLOUD-993,DURACLOUD-873,500 error attempting to download file through DurAdmin,"In the UNC account, the file named 20304_VT0010_0001.mp4 in the space sfc20304-open cannot be downloaded using the ""Download"" button. Selecting the download button results in a 500 error, which is captured in the attached ""500-error-trace.txt"" file. The error which is generated on the server side is captured in the attached ""500-error-server-side-catalina-out.txt"" file.    The file in question is 4.5 GB in size. It is in a streamed space, and streaming works properly. The file can be downloaded from S3 and from DuraStore, so the issue seems to be occurring within DurAdmin.",SyncToolUI: Option to set threads,The UI for the SyncTool should provide an option to set the number of threads used for processing. This can just be a drop-down box on the configuration screen.,1,-1,1,3,2026-05-14T20:44:39Z,2026-05-14T20:59:28Z,889.251,"{""Decision"": 1}"
duracloud,5,DURACLOUD-874,DURACLOUD-862,SyncToolUI: Option to include prefix,DURACLOUD-869 added a prefix option to the SyncTool. This task is to provide a way for users of the UI to make use of that new feature.,Remove services system,"This work is to remove all of the services from DuraCloud. This should include removing DuraService, the entire set of existing services, and components (like the executor) which support or depend on services.",-1,-1,1,3,2026-05-14T20:44:39Z,2026-05-14T20:59:29Z,889.864,"{""Decision"": -1}"
duracloud,5,DURACLOUD-961,DURACLOUD-1028,Allow for setting chunk size in SyncTool UI,The UI version of the Sync Tool should have a setting (on the configuration tab) which allows for the size of chunks to be set.,"Update Bridge dependencies to rely on latest duracloud,spring, etc.","Update dependencies for duracloud, spring, hibernate, etc.  Resolve any issues the upgrade creates.",-1,-1,1,2,2026-05-14T20:44:39Z,2026-05-14T20:59:30Z,890.461,"{""Decision"": -1}"
duracloud,5,DURACLOUD-952,DURACLOUD-912,Beanstalk: Handling of roots,"DuraStore through beanstalk will no longer have access to a single root user. Instead it will need to allow any user with the root role to have root-level access. This work is to ensure that root user access works properly.    Since DuracloudUser has a root boolean property, we need to take that into account when loading user details managers from the global account repo. Currently we are relying on ROLE_ROOT associations in the account rights.",Copy dialog in UI has multiple progress spinners next to space selection,"As shown in the attached image, when performing a copy via DurAdmin, multiple spinning circles to indicate loading or progress are shown next to the space drop-down selection. This becomes more of an issue when the storage provider selection is used to change the selected provider.    Previously, there was one of these spinners, which was present as the list of spaces was generated and then went away one the list was populated. That was great. Now when I transition between storage providers, a string of these are presented (I've counted at least 9) with overlapping text (making the text impossible to read). Some of the spinners do disappear, but 2 seem to remain even after the space listing is fully populated.",1,1,2,1,2026-05-14T20:44:39Z,2026-05-14T20:59:30Z,890.51,"{""Decision"": 1}"
