dataset,run_index,issuekey_xi,issuekey_xj,title_xi,description_xi,title_xj,description_xj,predicted_Yi,actual_Yi,storypoint_xi,storypoint_xj,request_started_at,request_finished_at,request_runtime_seconds,raw_response
mule,5,MULE-9120,MULE-8700,Remove devkit-support module,Remove module from the Mule 4 project,Incorrect XSD generated for extension built using extension API,"Reviewing the code or extensions API implementation, found that the XSD sceham generated for the test Heinsenberg extension's killOne operation is wrong.  {code}      <xs:element xmlns=""http://www.mulesoft.org/schema/mule/heisenberg"" type=""KillOneType"" substitutionGroup=""heisenberg-empire"" name=""kill-one""></xs:element>      <xs:complexType name=""KillOneType"">          <xs:complexContent>              <xs:extension xmlns:mule=""http://www.mulesoft.org/schema/mule/core"" base=""mule:abstractMessageProcessorType"">                  <xs:sequence>                      <xs:element minOccurs=""1"" name=""kill-operation"">                          <xs:complexType>                              <xs:group xmlns=""http://www.mulesoft.org/schema/mule/heisenberg"" minOccurs=""1"" maxOccurs=""1"" ref=""heisenberg-empire-group""></xs:group>                          </xs:complexType>                      </xs:element>                  </xs:sequence>                  <xs:attribute type=""mule:substitutableName"" use=""optional"" name=""config-ref"">                      <xs:annotation>                          <xs:documentation>Specify which configuration to use for this invocation.</xs:documentation>                      </xs:annotation>                  </xs:attribute>                  <xs:attribute type=""mule:expressionString"" use=""required"" name=""reason""></xs:attribute>              </xs:extension>          </xs:complexContent>      </xs:complexType>  {code}    From that snipet, a XML like the following would be valid if checked against a schame validation tool:  {code}          <heisenberg:kill-one  reason=""I'm the one who knocks"">              <heisenberg:kill-operation>                  <heisenberg:kill-with-custom-message victim=""Gustavo Fring"" goodbyeMessage=""bye bye""/>              </heisenberg:kill-operation>              <heisenberg:kill-operation>                  <heisenberg:kill-with-custom-message victim=""Gustavo Fring"" goodbyeMessage=""bye bye""/>              </heisenberg:kill-operation>          </heisenberg:kill-one>  {code}",-1,-1,2,3,2026-05-14T20:44:39Z,2026-05-14T21:04:11Z,1172.361,"{""Decision"": -1}"
mule,5,MULE-8535,MULE-9069,Ensure that transformers use a proper return datatype,"Transformers define an output dataType which is set on the message after the transformation.  In order to properly propagate message dataType, transformers must return the proper type, mimeType and encoding that corresponds to the executed transformation.",ExecutionInterceptor causes a 50% regression in the proxy scenario.,"We found on the PerfCI test that the three proxy scenarios:  [Module|https://github.com/mulesoft/performanceworks/tree/master/APPS/PROXY-MCD/1KB/http_module_proxy], [Transport|https://github.com/mulesoft/performanceworks/tree/master/APPS/PROXY-MCD/1KB/http_transport_proxy] and [Jetty|https://github.com/mulesoft/performanceworks/tree/master/APPS/PROXY-MCD/1KB/jetty_transport_proxy]    Testing back with different builds we found that the regression was introduced between the builds 73 and 76, which relates to the dates 10/02/2015 and 10/05/2015, this reduces the list of possible changes to three commits, reading them one of them was spotted: [commit|https://github.com/mulesoft/mule/commit/3426f8762ced0f18b3193ab5384d0ea27b8f6696]    We rollbacked the change in the ce distribution and was found that this is the cause of the problem, we encourage the team to define how to fix the previous issue to not impact on performance.    Also during profilling a big contention was found tha ill attache in the logs output that may be the result of this changes regression.",-1,1,8,5,2026-05-14T20:44:39Z,2026-05-14T21:04:13Z,1174.025,"{""Decision"": -1}"
mule,5,MULE-9217,MULE-8725,Update spring schemas to 3.8,Update spring schemas to 3.8,Implememnt multitenant configuration eviction policy,When using configs multitenant with extenision API there should be a way to evict (dispose) config that are not longer used.     This is critical to avoid OOM and wasting resources for use cases where there may be hundreds or thousands config created over time.,-1,-1,1,8,2026-05-14T20:44:39Z,2026-05-14T21:04:13Z,1174.39,"{""Decision"": -1}"
mule,5,MULE-8779,MULE-8834,Hostname verification not working correctly with HTTPS proxy,"When configuring the http requester with HTTPS and a proxy, hostname verification is done against the proxy instead of the real host. This makes the request fail, as the certificate doesn't contain the url of the proxy. The verification should be made against the host of the request.    This is a bug in AHC, it is fixed in AHC 1.9.27, so a possible solution to this is updating at least to this version.",Fix ext-api version in 3.x,Further development of the ext-api will continue on the Mule 4 branch and thus the version of it should be fix for 3.x,1,1,5,1,2026-05-14T20:44:39Z,2026-05-14T21:04:14Z,1174.552,"{""Decision"": 1}"
mule,5,MULE-9285,MULE-8581,Refactor ExpressionLanage and AbstractMessageTransformer to operate on MuleEvent,Refactor MEL to operate on MuleEvent and update event.message when message is mutated.,Spike on Collection splitter is not setting the group size when payload is an Iterator,"Salesforce queries return an iterator and when a collection splitter is used, it fails to aggregate the collection after because the group size is set to -1.  Attached mule config    This seems to be happening because this class https://github.com/mulesoft/mule/blob/bfb3a17263d1e4b32ee10272cbf710a2bf41b16b/core/src/main/java/org/mule/routing/outbound/IteratorMessageSequence.java is used from https://github.com/mulesoft/mule/blob/1dbf6e09a651184e9c54ec8988ecf1907cbdd58f/core/src/main/java/org/mule/util/collection/EventToMessageSequenceSplittingStrategy.java and it is setting UNKNOWN_SIZE as Group size for all Iterator payloads",1,1,8,5,2026-05-14T20:44:39Z,2026-05-14T21:04:14Z,1174.735,"{""Decision"": 1}"
mule,5,MULE-8919,MULE-9065,mule-maven-plugin CloudHub deployment does not check for file existence,"When you try to deploy a Mule application through a ZIP file, the Maven plugin does not check if the file actually exists.  If it is an unexistent file, the deployment process starts anyway and the application is created in CloudHub using the name of the given unexistent file.  The build fails because it can't deploy the application but the changes in CloudHub are already done and they're not rolled back.    The expected behavior is that the plugin checks if the file exists before making any change in CloudHub. If not, it should throw an exception and fail the build.",IndexOutOfBoundsException when header key has empty value,"When an empty header is sent to a Jetty endpoint, it fails with said exception.",1,-1,1,5,2026-05-14T20:44:39Z,2026-05-14T21:04:14Z,1175.081,"{""Decision"": 1}"
mule,5,MULE-9250,MULE-9078,Remove extensions test jars from mule distribution,"Currently, when creating the studio distributions, extensions used for testing only are being discovered inside the runtime. (Heisenberg Extension).    This jar should not be included in the distribution, or at least we should have a flag that needs to be explicitly provided for this jars to be included.",Add missing model validators,"The following ModelValidators are missing and should be added:    * Validate that all configuration models can be used with all operation models. This comes to the fact that an operation can require a connection type for which the available connection providers might be incompatible with certain configs (Moved to MULE-9214)  * Validate that no parameters, configs nor operations are named as any of the following reserved words: name, config, configRef, connection.  * Validate clashes on @ParameterGroup fields  * Move some validations currently in ImmutableParameterGroup to validators  * Validate that all connection providers have different names. Hint the user into using the @Alias annotation to customize the provider's names.",-1,-1,3,5,2026-05-14T20:44:39Z,2026-05-14T21:04:15Z,1176.125,"{""Decision"": -1}"
mule,5,MULE-9066,MULE-8676,set-property throws runtime exception if the propertyName is empty,"When using set-property, if the propertyName is empty, the schema consider it as a valid value, but every attept to use it throws a java.lang.StringIndexOutOfBoundsException. As a side effect, this also makes the request fail if the set-property is in a flow which contains an http:listener element.    The solution IMHO would be changing the mule.xsd schema and adding a minLength value to the set-property element.    How to reproduce:  - Use the following mule-config. The deployment of the app will be successful.  {code}  <?xml version=""1.0"" encoding=""UTF-8""?>  <mule xmlns:http=""http://www.mulesoft.org/schema/mule/http"" xmlns=""http://www.mulesoft.org/schema/mule/core"" xmlns:doc=""http://www.mulesoft.org/schema/mule/documentation""  	xmlns:spring=""http://www.springframework.org/schema/beans"" version=""EE-3.7.0""  	xmlns:xsi=""http://www.w3.org/2001/XMLSchema-instance""  	xsi:schemaLocation=""http://www.springframework.org/schema/beans http://www.springframework.org/schema/beans/spring-beans-current.xsd  http://www.mulesoft.org/schema/mule/core http://www.mulesoft.org/schema/mule/core/current/mule.xsd  http://www.mulesoft.org/schema/mule/http http://www.mulesoft.org/schema/mule/http/current/mule-http.xsd"">      <http:listener-config name=""HTTP_Listener_Configuration"" host=""0.0.0.0"" port=""8981"" doc:name=""HTTP Listener Configuration""/>      <flow name=""set-property-errorFlow"">          <http:listener config-ref=""HTTP_Listener_Configuration"" path=""/set-property"" doc:name=""HTTP"">          </http:listener>          <set-property doc:name=""Property"" propertyName="""" value=""test""/>          <logger level=""INFO"" doc:name=""Logger""/>      </flow>  </mule>  {code}    When making a request, the config produces the following exception, and the response *never comes back*.    {code}  ERROR 2015-11-16 14:42:01,527 [[set-property-error].HTTP_Listener_Configuration.worker.01] org.mule.exception.DefaultMessagingExceptionStrategy: Caught exception in Exception Strategy: String index out of range: 0  java.lang.StringIndexOutOfBoundsException: String index out of range: 0    java.lang.String.charAt(String.java:658) ~[?:1.7.0_71]    org.glassfish.grizzly.http.HttpHeader$Builder.handleSpecialHeaderAdd(HttpHeader.java:1240) ~[grizzly-http-2.3.21.jar:2.3.21]    org.glassfish.grizzly.http.HttpHeader$Builder.header(HttpHeader.java:1134) ~[grizzly-http-2.3.21.jar:2.3.21]    org.mule.module.http.internal.listener.grizzly.BaseResponseCompletionHandler.buildHttpResponsePacket(BaseResponseCompletionHandler.java:34) ~[mule-module-http-3.7.0.jar:3.7.0]    org.mule.module.http.internal.listener.grizzly.ResponseCompletionHandler.<init>(ResponseCompletionHandler.java:52) ~[mule-module-http-3.7.0.jar:3.7.0]    org.mule.module.http.internal.listener.grizzly.GrizzlyRequestDispatcherFilter$1.responseReady(GrizzlyRequestDispatcherFilter.java:96) ~[mule-module-http-3.7.0.jar:3.7.0]    org.mule.module.http.internal.listener.HttpMessageProcessorTemplate.sendResponseToClient(HttpMessageProcessorTemplate.java:99) ~[mule-module-http-3.7.0.jar:3.7.0]    org.mule.execution.AsyncResponseFlowProcessingPhase.runPhase(AsyncResponseFlowProcessingPhase.java:83) ~[mule-core-3.7.0.jar:3.7.0]    org.mule.execution.AsyncResponseFlowProcessingPhase.runPhase(AsyncResponseFlowProcessingPhase.java:38) ~[mule-core-3.7.0.jar:3.7.0]    org.mule.execution.PhaseExecutionEngine$InternalPhaseExecutionEngine.phaseSuccessfully(PhaseExecutionEngine.java:65) ~[mule-core-3.7.0.jar:3.7.0]    org.mule.execution.PhaseExecutionEngine$InternalPhaseExecutionEngine.phaseSuccessfully(PhaseExecutionEngine.java:69) ~[mule-core-3.7.0.jar:3.7.0]    com.mulesoft.mule.throttling.ThrottlingPhase.runPhase(ThrottlingPhase.java:185) ~[mule-module-throttling-ee-3.7.0.jar:3.7.0]    com.mulesoft.mule.throttling.ThrottlingPhase.runPhase(ThrottlingPhase.java:1) ~[mule-module-throttling-ee-3.7.0.jar:3.7.0]    org.mule.execution.PhaseExecutionEngine$InternalPhaseExecutionEngine.process(PhaseExecutionEngine.java:114) ~[mule-core-3.7.0.jar:3.7.0]    org.mule.execution.PhaseExecutionEngine.process(PhaseExecutionEngine.java:41) ~[mule-core-3.7.0.jar:3.7.0]    org.mule.execution.MuleMessageProcessingManager.processMessage(MuleMessageProcessingManager.java:32) ~[mule-core-3.7.0.jar:3.7.0]    org.mule.module.http.internal.listener.DefaultHttpListener$1.handleRequest(DefaultHttpListener.java:126) ~[mule-module-http-3.7.0.jar:3.7.0]    org.mule.module.http.internal.listener.grizzly.GrizzlyRequestDispatcherFilter.handleRead(GrizzlyRequestDispatcherFilter.java:83) ~[mule-module-http-3.7.0.jar:3.7.0]    org.glassfish.grizzly.filterchain.ExecutorResolver$9.execute(ExecutorResolver.java:119) ~[grizzly-framework-2.3.21.jar:2.3.21]    org.glassfish.grizzly.filterchain.DefaultFilterChain.executeFilter(DefaultFilterChain.java:283) ~[grizzly-framework-2.3.21.jar:2.3.21]    org.glassfish.grizzly.filterchain.DefaultFilterChain.executeChainPart(DefaultFilterChain.java:200) ~[grizzly-framework-2.3.21.jar:2.3.21]    org.glassfish.grizzly.filterchain.DefaultFilterChain.execute(DefaultFilterChain.java:132) ~[grizzly-framework-2.3.21.jar:2.3.21]    org.glassfish.grizzly.filterchain.DefaultFilterChain.process(DefaultFilterChain.java:111) ~[grizzly-framework-2.3.21.jar:2.3.21]    org.glassfish.grizzly.ProcessorExecutor.execute(ProcessorExecutor.java:77) ~[grizzly-framework-2.3.21.jar:2.3.21]    org.glassfish.grizzly.nio.transport.TCPNIOTransport.fireIOEvent(TCPNIOTransport.java:536) ~[grizzly-framework-2.3.21.jar:2.3.21]    org.glassfish.grizzly.strategies.AbstractIOStrategy.fireIOEvent(AbstractIOStrategy.java:112) ~[grizzly-framework-2.3.21.jar:2.3.21]    org.mule.module.http.internal.listener.grizzly.ExecutorPerServerAddressIOStrategy.run0(ExecutorPerServerAddressIOStrategy.java:102) ~[mule-module-http-3.7.0.jar:3.7.0]    org.mule.module.http.internal.listener.grizzly.ExecutorPerServerAddressIOStrategy.access$100(ExecutorPerServerAddressIOStrategy.java:30) ~[mule-module-http-3.7.0.jar:3.7.0]    org.mule.module.http.internal.listener.grizzly.ExecutorPerServerAddressIOStrategy$WorkerThreadRunnable.run(ExecutorPerServerAddressIOStrategy.java:125) ~[mule-module-http-3.7.0.jar:3.7.0]    java.util.concurrent.ThreadPoolExecutor.runWorker(ThreadPoolExecutor.java:1145) [?:1.7.0_71]    java.util.concurrent.ThreadPoolExecutor$Worker.run(ThreadPoolExecutor.java:615) [?:1.7.0_71]    java.lang.Thread.run(Thread.java:745) [?:1.7.0_71]  {code}",HTTP listener should ignore 'Transfer-Encoding' property as it is a hop-by-hop header,"Transfer-Encoding is a hop-by-hop header and therefore shouldn't really be used by HTTP listener if there is a ""transfer-encoding"" property present in the outbound property scope to determine response streaming behaviour.    Generally current behaviour is fine, but there is one case that is currently incorrect IMO.    * We shouldn't stream a String payload when the ""transfer-encoding"" outbound message property is present.  * We shouldn't stream a String payload when the ""transfer-encoding"" and ""content-length"" outbound message properties are both present.  * Aso, While I think it is probably correct that  a String payload should be streamed when a ""transfer-encoding"" header is configured and streaming mode is 'AUTO'.  This is not the way the user should be enabling streaming and I suggest we log an INFO message whenever a transfer-encoding header is set suggesting the user uses the responseStreamingMode attribute instead.    Failing test that show this can be found in this branch: https://github.com/mulesoft/mule/compare/MULE-8676    *AUTO Behaviour appears to be inconsistent with HTTP requestor because the presence of both transfer-encoding/content-length headers results in no streaming with requestor, but streaming with listener*",-1,-1,1,8,2026-05-14T20:44:39Z,2026-05-14T21:04:16Z,1176.534,"{""Decision"": -1}"
mule,5,MULE-8528,MULE-8821,When custom validator fails doesn't throw exception,When using this custom validator:    {code}      public static class FailingCustomValidator implements Validator      {            @Override          public ValidationResult validate(MuleEvent event)          {              return ImmutableValidationResult.error(TEST_MESSAGE);          }      }  {code}    flow execution goes on and now exception is thrown.,Concurrent calls to the OAuth2 authorize MessageProcessor fail when passing different values for accessTokenUrl,"When the authorize MessageProcessor is invoked by 2 different users at the same time and each of those invocations is done with a different value for the accessTokenUrl, the access token request for one of them is made to the wrong url.    I am using the salesforce connector v6.2.1 and this is how my authorize call looks like:    <sfdc:authorize       display=""#[flowVars['display']]""       authorizationUrl=""#[flowVars['salesForceUrl'] + '/authorize']""       accessTokenUrl=""#[flowVars['salesForceUrl'] + '/token']""       config-ref=""sfdcConnectorConfig""       state=""#[payload]""       accessTokenId=""#[flowVars['remoteUserId']]"" />    The flowVar salesforceUrl can take 2 possible values, which are:  https://login.salesforce.com (Salesforce Production)  https://test.salesforce.com (Salesforce Sandbox)    When a user does the OAuth dance to login.salesforce.com at the same time another user does the OAuth dance to test.salesforce.com, one of the dances fail.    ------------------------------------------------------------------------------------------    I believe the problem can be found in the way the accessTokenUrl is retrieved and saved by these 2 processors (in mule-devkit-support):  - org.mule.security.oauth.processor.BaseOAuth2AuthorizeMessageProcessor<T>  - org.mule.security.oauth.processor.OAuth2FetchAccessTokenMessageProcessor    The BaseOAuth2AuthorizeMessageProcessor<T> (line 81) saves the accessTokenUrl value in the defaultUnauthorizedConnector object of the OAuth2Manager.  The OAuth2FetchAccessTokenMessageProcessor (line 57) obtains an OAuth2Adapter (used to fetch the access token) from the OAuth2Manager. The OAuth2Manager creates the adapter setting the accessTokenUrl (line 256 BaseOAuth2Manager<T>) with the value taken from the defaultUnauthorizedConnector object.    https://github.com/mulesoft/mule/blob/mule-3.5.2/modules/devkit-support/src/main/java/org/mule/security/oauth/processor/BaseOAuth2AuthorizeMessageProcessor.java#L81    https://github.com/mulesoft/mule/blob/mule-3.5.2/modules/devkit-support/src/main/java/org/mule/security/oauth/processor/OAuth2FetchAccessTokenMessageProcessor.java#L57    https://github.com/mulesoft/mule/blob/mule-3.5.2/modules/devkit-support/src/main/java/org/mule/security/oauth/BaseOAuth2Manager.java#L256    The defaultUnauthorizedConnector of the OAuth2Manager is common to all events and threads. I believe that when 2 users are doing the oauth dance at the same time the accessTokenUrl value of the defaultUnauthorizedConnector is being overwritten by the second user before the first is able to fetch the access token.",-1,-1,1,8,2026-05-14T20:44:39Z,2026-05-14T21:04:16Z,1176.65,"{""Decision"": -1}"
mule,5,MULE-8753,MULE-8502,Give the Extension model the concept of vendor,Currently Extension instances are matched by its getName() method. They should also include the concept of vendor and be used for matching purposes as well.,Remove log4j2 error message when building,"When running the Maven build from source, the following error message is thrown, even when the build finishes successfully.    {quote}  [INFO] --- maven-processor-plugin:2.2.4:process (process) @ mule-extension-validation ---  ERROR StatusLogger No log4j2 configuration file found. Using default configuration: logging only errors to the console.  {quote}",1,1,5,1,2026-05-14T20:44:39Z,2026-05-14T21:04:16Z,1176.654,"{""Decision"": 1}"
mule,5,MULE-8738,MULE-8649,No data type resolution accessing flow/session properties using dot notation,Data type resolution works for session/flow variables on MEL expressions using map syntax (like flowVars['foo']) but does not work when using dot syntax (like flowVars.foo).,Resolve data type from simple MEL expressions,"Now that dataType is being propagated for payload and properties, it would be good if dataType can be propagated when MEL expressions are used.  For example, when using set-payload with ""flowVars['foo']"" expression, it would be good if the property dataType is assigned to the payload's datatype.    Simple expressions include:  * payload/message.payload  * direct access to invocation/session properties, like #[foo], where foo is an invocation/session variable  * access to flowVars, like flowVars['foo']  * access to sessionVars, like sessionVars['foo']",-1,-1,1,8,2026-05-14T20:44:39Z,2026-05-14T21:04:17Z,1177.938,"{""Decision"": -1}"
mule,5,MULE-8527,MULE-9278,Remove AspectJ dependency in CE,AspectJ needs to be upgraded to version 1.8.5 to be consistent with the version number across all distributions and remove warnings when building.,Add Attributes to MuleMessage and make MuleMessage extend TypedValue.,Also make updates to MEL as required.,-1,-1,3,5,2026-05-14T20:44:39Z,2026-05-14T21:04:17Z,1177.943,"{""Decision"": -1}"
mule,5,MULE-9012,MULE-8817,Include the name of the xml file where an element is declared when logging the element path,"Currently, only the mule path and the application name are being logged when logging the path of an element as part of an exception message.    For large applications composed of many files, the name of the xml file will be helpful to better find the component where the exception happened.",Upgrade to Spring 4.2.x,"We are in 4.1.6, wouldn't require a big effort.  Consider upgrading Spring security too.",1,1,3,1,2026-05-14T20:44:39Z,2026-05-14T21:04:17Z,1177.981,"{""Decision"": 1}"
mule,5,MULE-9069,MULE-8541,ExecutionInterceptor causes a 50% regression in the proxy scenario.,"We found on the PerfCI test that the three proxy scenarios:  [Module|https://github.com/mulesoft/performanceworks/tree/master/APPS/PROXY-MCD/1KB/http_module_proxy], [Transport|https://github.com/mulesoft/performanceworks/tree/master/APPS/PROXY-MCD/1KB/http_transport_proxy] and [Jetty|https://github.com/mulesoft/performanceworks/tree/master/APPS/PROXY-MCD/1KB/jetty_transport_proxy]    Testing back with different builds we found that the regression was introduced between the builds 73 and 76, which relates to the dates 10/02/2015 and 10/05/2015, this reduces the list of possible changes to three commits, reading them one of them was spotted: [commit|https://github.com/mulesoft/mule/commit/3426f8762ced0f18b3193ab5384d0ea27b8f6696]    We rollbacked the change in the ce distribution and was found that this is the cause of the problem, we encourage the team to define how to fix the previous issue to not impact on performance.    Also during profilling a big contention was found tha ill attache in the logs output that may be the result of this changes regression.",Exposes information needed by DataMapper in order to run as a plugin,"DataMapper is accessing some elements in our code that is defined as protected. Because now DataMapper is going to be a Mule plugin, this won't work anymore as it will ran in a different classloader.    Need access to the following fields on MVELExpressionLanguage: globalFunctions, parserConfiguration and aliases    Need access to MuleImmutableVariableResolver class",1,1,5,2,2026-05-14T20:44:39Z,2026-05-14T21:04:18Z,1178.855,"{""Decision"": 1}"
mule,5,MULE-9109,MULE-8909,Remove VM transport,Remove VM transport    - All test cases testing VM must be removed  - All test cases  that are using VM as a mean for testing something else should be migrated to use something else whenever possible. PK created some infrastructure to replace VM usage like FunctionalTestCase.runFlow and <test:queue> component. ( see DatasourcePoolingLimitTestCase)  - When is not possible to replace VM a new task should be created to cover that scenario when we have the required connectors/features to be able to test it. Add the test cases class names so we can use them as input for re-creating the test cases). Use issue https://www.mulesoft.org/jira/browse/MULE-9307,Implement Reconnection on the Ext-Api,Implement Reconnection on the Ext-Api,1,1,21,8,2026-05-14T20:44:39Z,2026-05-14T21:04:18Z,1179.169,"{""Decision"": 1}"
mule,5,MULE-8539,MULE-8514,Lifecycle not applied to Objects manually registered during initialisation,Suppose an Initialisable or Startable object which during any of those phases registers a new Lifecycle object (e.g.: like an endpoint which creates and registers a connector).    Only the already completed phases are applied to the newly registered object while the one being currently executed isn't,Add support for non-blocking processing strategy to CXF/WS-Consumer,Add support so that CXF/WS-Consumer can be used in Flow and non-blocking processing supported.,-1,-1,1,8,2026-05-14T20:44:39Z,2026-05-14T21:04:18Z,1179.173,"{""Decision"": -1}"
mule,5,MULE-8666,MULE-8742,Set mime type correct for common files with FTP/File connectors,"The FTP and File connectors should set mime types for common file types correct, including CSV, XML, and JSON.",Cannot build Mule ESB Maven Tools with Java 8,"When trying to build mule-esb-maven-tools from source code using JDK 8, it fails with the attached error message.",-1,-1,5,8,2026-05-14T20:44:39Z,2026-05-14T21:04:19Z,1179.907,"{""Decision"": -1}"
mule,5,MULE-8609,MULE-8509,Should be able to fetch prototype by name without lifecycle applied,"In most scenarios, when a prototype is lookup up by name, lifecycle should be applied to it before returning.    There're some scenarios (e.g.: fetching a MessageProcessor that will go into a DynamicPipeline) which are not so and we need a way to specify that this case is different.    The following method was applied to the LifecycleRegistry to support such case:    {code:java}      /**       * Look up a single object by name.       * <p/>       * Because {@link #lookupObject(String)} will       * return objects which had lifecycle phases       * applied,this method exists for cases in which       * you want to specify that lifecycle is not to be       * applied. The actual semantics of that actually depends       * on the implementation, since invoking this method       * might return a new instance or an already existing one.       * If an existing one is returned, then the lifecycle might       * have been previously applied regardless.       *       * @param key            the key of the object you're looking for       * @param applyLifecycle if lifecycle should be applied to the returned object.       *                       Passing {@code true} doesn't guarantee that the lifecycle is applied       * @return object or {@code null} if not found       */      <T> T lookupObject(String key, boolean applyLifecycle);  {code}",CXF Proxy-Client is throwing NullPointerException,"Nowadays, if you want to create a proxy, you have to specify the port name and the soapVersion for each binding. This information is provided by the wsdl, so it shouldn't be required, the proxies should detect them automatically.    As a consequence, if you have an API with multiple ports, one of them receiving a SOAP 1.1 envelope, and other one receiving a SOAP 1.2 envelope, and if you don't specify the port and the soapVersion in both proxies (service and client) you will not be able to send a SOAP 1.2 message.     This means that a simple proxy cannot be used with both types of SOAP versions.",-1,-1,1,8,2026-05-14T20:44:39Z,2026-05-14T21:04:19Z,1180.211,"{""Decision"": -1}"
mule,5,MULE-9221,MULE-8627,"Add buildPaths method to Notification Utils that returns Map<MessageProcessor, String>",As a result of a refactor you've change the return type of NotificationUtils.buildPaths    This from MUnit point of view brakes backward and render future MUnit versions incompatible with older versions of Mule.    If possible we would like you guys to change it back to return the same type.,Review CXF documentation,Review CXF documentation,1,-1,1,8,2026-05-14T20:44:39Z,2026-05-14T21:04:20Z,1180.526,"{""Decision"": 1}"
mule,5,MULE-8576,MULE-8530,Inbound properties copied to outbound properties not maintain their datatypes,"When the Inbound properties are copied to outbound properties they should maintain their datatypes. Right now they are setted to the default message type (Encoding = null, MimeType = \*/\*).    1) Send HTTP request to http://localhost:8081/copy_property .    2) In the first log you can check that the outbound property ""inboundProp"" has mimeType=""text/xml"" encoding=""UTF-8"" before the VM connector.     3) After the VM connector the inboundProperty ""inboundProp"" is copied from the inboundProperties to outboundProperties with ""<copy-properties propertyName=""inboundProp"" doc:name=""Copy Property""/>"".  Then you can check in the second logger that the Datatype of the ""inboundProp"" is set with encoding = null, mimeType = */*","Remove domain, ISBN, date, credit card validators",Remove,1,1,3,1,2026-05-14T20:44:39Z,2026-05-14T21:04:20Z,1180.667,"{""Decision"": 1}"
mule,5,MULE-8501,MULE-8724,ExtensionManagerConfigurationBuilder not invoked when Mule starts in standalone mode,"When starting in standalone mode, the ExtensionManagerConfigurationBuilder is not been invoked and thus applications fail to deploy if they contain any extensions",Operation state handling in extensions api,"We need to clearly define how to manage state within operations define with extensions api. Not only define how to implement each use case but also doing it in a way that fits the user mindset.    We need:   - Global state between operators   - Global state per config   - Global state per tenant config   - State for a particular operation (one per xml element) disregarding the config    I'm just trying to list all the cases, then we would have to try to come up with use cases for each use case.",-1,-1,1,8,2026-05-14T20:44:39Z,2026-05-14T21:04:21Z,1182.188,"{""Decision"": -1}"
mule,5,MULE-8533,MULE-9164,MBeans/JMX Memory Leak on vanilla Mule ESB Standalone,"Jira created at request of Mariano Gonzalez - see http://forum.mulesoft.org/mulesoft/topics/mbeans-jmx-memory-leak-on-vanilla-mule-esb-standalone-no-custom-code-deployed?utm_source=notification&utm_medium=email&utm_campaign=new_reply&utm_content=reply_button&reply%5Bid%5D=15618818#reply_15618818    1) Deploy an out of the box Mule Standalone ESB, e.g. mule-standalone-3.6.1  2) Start - default app deploys, no custom code deployed  3) Start Oracle VisualVM, connect to Mule ESB  4) Watch the heap being consumed    I performed this test with max memory changed to 256Mb in wrapper.conf (so I didn't have to wait so long for memory to be consumed), on openSuse 13.1, with Oracle Java version ""1.8.0_31""  Java(TM) SE Runtime Environment (build 1.8.0_31-b13)  Java HotSpot(TM) 64-Bit Server VM (build 25.31-b07, mixed mode)    I have observed the same symptoms using Java jdk1.7.0_75 on openSuse, and Java jdk1.7.0_xx on Mac/OS, so it doesn't seem to be o/s or Java related.    If I don't attempt to monitor Mule ESB, the memory leaks don't appear to happen, though it's difficult to be sure without being able to monitor, but I presume that this is MBean/JMX instrumentation related.    Running Oracle JConsole does not appear to induce the same dramatic memory consumption, but does seem to cause some sort of slow incremental leak.",Release MVEL 2.1.9-MULE-009,Perform a release of MVEL that contains the fix for the linked issues.,1,1,8,5,2026-05-14T20:44:39Z,2026-05-14T21:04:21Z,1182.324,"{""Decision"": 1}"
mule,5,MULE-8742,MULE-8654,Cannot build Mule ESB Maven Tools with Java 8,"When trying to build mule-esb-maven-tools from source code using JDK 8, it fails with the attached error message.",Can't use redelivery policy with FTP,"If an idempotent-redelivery-policy is defined for an inbound-endpoint, the execution of the flow will halt after the following message: org.mule.processor.IdempotentRedeliveryPolicy: The message cannot be processed because the digest could not be generated. Either make the payload serializable or use an expression.",1,1,8,5,2026-05-14T20:44:39Z,2026-05-14T21:04:22Z,1182.803,"{""Decision"": 1}"
mule,5,MULE-8573,MULE-8528,Add support for expressions in the authentication configuration of the HTTP connector,Add support for MEL expressions in the attributes of the authentication elements of the new HTTP connector.,When custom validator fails doesn't throw exception,When using this custom validator:    {code}      public static class FailingCustomValidator implements Validator      {            @Override          public ValidationResult validate(MuleEvent event)          {              return ImmutableValidationResult.error(TEST_MESSAGE);          }      }  {code}    flow execution goes on and now exception is thrown.,1,1,3,1,2026-05-14T20:44:39Z,2026-05-14T21:04:22Z,1182.943,"{""Decision"": 1}"
mule,5,MULE-9035,MULE-8531,Add extensions parent pom to script for deploying to maven central repo,"Currently buildtools/scripts/DeployArtifacts.groovy doesn't deploy org.mule.extensions:mule-extensions, we need it because is the parent for all modules created by extensions-api",Fix validation module issues,Fix linked issues of the validations module,-1,-1,5,13,2026-05-14T20:44:39Z,2026-05-14T21:04:23Z,1183.52,"{""Decision"": -1}"
mule,5,MULE-9225,MULE-8582,"If the @XML annotation is not present, the extension should not fail.","Currently when creating an extension, the @XML annotation is mandatory, we should specify at least the namespace of the extension.    If the @XML annotation is not present, this error is thrown   [ERROR] diagnostic: error: xml model property cannot be null.    Instead of creating a validator for avoiding this error, we must implement a default behaviour for the @XML annotation when it is not present.    The behavior should be that:    1) The annotation can be either completely absent or present but with all optional parameters  2) The namespace attribute will be derived from the extension name by transforming to lower case, removing all occurrences of the ""connector"" String and hyphenizing  3) The schemaLocation should default to http://www.mulesoft.org/schema/mule/{1}, where {1} is replaced by the namespace value  4) The schemaVersion should default to the Major and minor components of the Semver extension version, without classifiers. For example: 4.0.0-SNAPSHOT should translate to 4.0",Spike - Mule support XA transaction on XA resources used by a Spring object component ?,"As you should know, a common use case is the bridge pattern :  * read a message from an inbound endpoint (from a JMS queue or/and a database through JDBC).  * writing the message to an outbound endpoint (to a JMS queue or/and a database through JDBC).    {code:xml}     <service name=""myBridgeService"">       <inbound>         <jms:inbound-endpoint queue=""/queue/inbox""/>       </inbound>       <outbound>         <multicasting-router>           <jms:outbound-endpoint queue=""/queue/outbox"" />           <jdbc:outbound-endpoint queryKey=""insertMessageStmt"" />         </multicasting-router>       </outbound>     </service>  {code}     What happens then if something goes wrong when writing the result to the outbound endpoint (eg. jdbc endpoint)? If you don't use XA Transaction on inbound and outbound endpoints, the message will not be rollbacked to the inbound endpoint in case of an Exception. So you will have to solve this issue by configuring <xa-transaction> on each endpoint with the appropriate transaction strategy.     {code:xml}     <service name=""myBridgeService"">       <inbound>         <jms:inbound-endpoint queue=""/queue/inbox"">           <xa-transaction action=""ALWAYS_BEGIN"" />         </jms:inbound-endpoint>       </inbound>       <outbound>         <multicasting-router>           <jms:outbound-endpoint queue=""/queue/outbox"">             <xa-transaction action=""ALWAYS_JOIN"" />           </jms:outbound-endpoint>           <jdbc:outbound-endpoint queryKey=""insertMessageStmt"">             <xa-transaction action=""ALWAYS_JOIN"" />           </jdbc:outbound-endpoint>         </multicasting-router>       </outbound>     </service>  {code}     But what happens now if you have a component between inbound and outbound enpoints ?    {code:xml}    <service name=""myDaoService"">      <inbound>        <jms:inbound-endpoint queue=""/queue/inbox"">          <xa-transaction action=""ALWAYS_BEGIN"" />        </jms:inbound-endpoint>      </inbound>      <component>        <spring-object bean=""messageDao"" />      </component>      <outbound>        <multicasting-router>          <jms:outbound-endpoint queue=""/queue/outbox"">            <xa-transaction action=""ALWAYS_JOIN"" />          </jms:outbound-endpoint>          <jdbc:outbound-endpoint queryKey=""insertMessageStmt"">            <xa-transaction action=""ALWAYS_JOIN"" />          </jdbc:outbound-endpoint>        </multicasting-router>      </outbound>    </service>  {code}    In most cases, the Spring object component (eg. messsageDao) will execute complicated business operations (from a currently existing business API) and also use a DataSource to execute several SQL select and update statements before returning a result to the outbound. These JDBC operations will be handled likely by Spring JdbcTemplate or even HibernateTemplate.    As far as I understand, Mule is fully responsible to handle enlistment/delistment and close of XA resources (see _org.mule.transaction.XaTransaction_). So by default, XA resources used by a Spring object component will not be handled by Mule and will not participate in the XA transaction started from Mule.    For completeness... I've also found a unit test for this usecase in Mule distribution under MULE_HOME/src/mule-3.1.2-src.zip/org/mule/test/integration/transaction/XATransactionsWithSpringDAO.java. When you execute this test, you will have a successful result but the XA resource used by the dao bean is not enlisted nor delisted in/from the transaction started from Mule.",1,-1,5,8,2026-05-14T20:44:39Z,2026-05-14T21:04:24Z,1184.515,"{""Decision"": 1}"
mule,5,MULE-8823,MULE-8784,Unable to deploy Application in Mule 3.7.0,"Nowadays, if you want to create a proxy, you have to specify the port name and the soapVersion for each binding. This information is provided by the wsdl, so it shouldn't be required, the proxies should detect them automatically.    As a consequence, if you have an API with multiple ports, one of them receiving a SOAP 1.1 envelope, and other one receiving a SOAP 1.2 envelope, and if you don't specify the port and the soapVersion in both proxies (service and client) you will not be able to send a SOAP 1.2 message.     This means that a simple proxy cannot be used with both types of SOAP versions.",Revisit DefaultExtensionManager implicit config test cases considering MULE-8741,Now that implicit configs are instantiated by DefaultImplicitConfigurationFactory related tests should be refactored and that class should have its own tests.,1,1,8,5,2026-05-14T20:44:39Z,2026-05-14T21:04:24Z,1184.576,"{""Decision"": 1}"
mule,5,MULE-8910,MULE-9113,Implement connection validation policy on Ext-Api,"Create a mechanism so that connections can be validated to still be functional. Notice that this is not design time connection testing but runtime validation of a connection being usable. If the validation fails, then the reconnection workflow should be triggered",Remove TCP transport,1.2.13 Remove TCP transport,1,1,8,5,2026-05-14T20:44:39Z,2026-05-14T21:04:24Z,1184.645,"{""Decision"": 1}"
mule,5,MULE-8564,MULE-8620,Fix jffi version,"The JRuby pom doesn't specify a version for jffi, so Maven picks the last one available. As a result, each time a new version of jffi is released, the build breaks because the whitelist validation fails.    Fix in 1.2.9 which is the latest available at this moment",Add dynamic configurations for DB connector,"Current Db Connector configurations are static, that is, configured values are defined when Mule starts and never changed.  In order to support multi-tenant scenarios, DB configurations must be dynamic. That is, configured values could be expressions that are resolved for each MuleEvent.   With this feature, a single DB config can be resolved to multiple DB on runtime depending on how the expressions are resolved",-1,-1,1,8,2026-05-14T20:44:39Z,2026-05-14T21:04:24Z,1184.759,"{""Decision"": -1}"
mule,5,MULE-9252,MULE-8601,Allow users to use password editor for sensitive data fields,"When a field is related to sentisitive data, like passwords or tokens, users should be able to use the password editor field.    To do this, users should be able to mark the parameters and configurable field with @Password.",Deployment should fail when using invalid encoding,"When deploying the below config deployment should fail because encoding does not exists. Now is failing in runtime when executing the flow    {code:xml}  <?xml version=""1.0"" encoding=""UTF-8""?>    <mule xmlns:scripting=""http://www.mulesoft.org/schema/mule/scripting"" xmlns:db=""http://www.mulesoft.org/schema/mule/db""          xmlns:tracking=""http://www.mulesoft.org/schema/mule/ee/tracking""          xmlns:http=""http://www.mulesoft.org/schema/mule/http"" xmlns=""http://www.mulesoft.org/schema/mule/core""          xmlns:doc=""http://www.mulesoft.org/schema/mule/documentation""          xmlns:spring=""http://www.springframework.org/schema/beans"" version=""EE-3.7.0""          xmlns:xsi=""http://www.w3.org/2001/XMLSchema-instance"" xsi:schemaLocation=""http://www.springframework.org/schema/beans http://www.springframework.org/schema/beans/spring-beans-current.xsd  http://www.mulesoft.org/schema/mule/core http://www.mulesoft.org/schema/mule/core/current/mule.xsd  http://www.mulesoft.org/schema/mule/http http://www.mulesoft.org/schema/mule/http/current/mule-http.xsd  http://www.mulesoft.org/schema/mule/ee/tracking http://www.mulesoft.org/schema/mule/ee/tracking/current/mule-tracking-ee.xsd  http://www.mulesoft.org/schema/mule/db http://www.mulesoft.org/schema/mule/db/current/mule-db.xsd  http://www.mulesoft.org/schema/mule/scripting http://www.mulesoft.org/schema/mule/scripting/current/mule-scripting.xsd"">      <http:listener-config name=""HTTP_Listener_Configuration"" host=""0.0.0.0"" port=""8081"" doc:name=""HTTP Listener Configuration""/>      <http:request-config name=""HTTP_Request_Configuration3"" host=""localhost"" port=""8082"" doc:name=""HTTP Request Configuration""/>      <flow name=""nonblockingFlow"" processingStrategy=""non-blocking"">          <http:listener config-ref=""HTTP_Listener_Configuration"" path=""/"" doc:name=""HTTP"" allowedMethods=""GET""/>          <set-payload value=""Response OK"" encoding=""asdfsadf"" name=""my-set-payload"" />      </flow>  </mule>  {code}",-1,-1,2,3,2026-05-14T20:44:39Z,2026-05-14T21:04:24Z,1185.381,"{""Decision"": -1}"
mule,5,MULE-8580,MULE-8603,Fix JDK8 build,"Tests run in a different order in the JDK8 build, so HttpsSharePortTestCase fails in that case because of some other test that runs before it.",keepAlive is not working correctly in the HTTP requester,"keepAlive is not working as expected. The http:request element always sends the header Connection: keep-alive in the request, regardless of the usePersistentConnections attribute in the config. If usePersistentConnections is set to false, keepAlive should be disabled, but the header is still sent.    Also, in the proxy scenario (using a listener and a requester) connections are kept alive but not reused. See example config here: https://github.com/mulesoft/performanceworks/blob/master/APPS/PROXY-MCD/100B/http_module_proxy/proxy.xml  This causes ""Remotely closed"" errors, thrown by the service that is being proxied in a highly concurrent scenario.",-1,-1,5,8,2026-05-14T20:44:39Z,2026-05-14T21:04:26Z,1186.614,"{""Decision"": -1}"
mule,5,MULE-8798,MULE-9115,Message mime type/encoding must be reset when payload is set without a datatype,"DefaultMuleMessage#setPayload(Object) is maintaining previous mimeType/encoding   instead of cleaning it, this is causing issues as transformers read the payload value taking in account the mimeType, which won't match the payload that was set.",Remove JMS transport,1.2.17 Remove JMS transport,-1,-1,1,8,2026-05-14T20:44:39Z,2026-05-14T21:04:26Z,1186.62,"{""Decision"": -1}"
mule,5,MULE-9032,MULE-9060,Upgrade BouncyCastle libraries to version 1.53 or newer,We should consider upgrading BouncyCastle to version 1.53 to leverage the latest bugfixes.  This is a security related library and we should always use the latest stable version.,Update commons-collections version,"The Apache commons-collections library (4.0, 3.2.1 and older) has a vulnerability in the InvokerTransformer object where serializable collections are allowed to execute arbitrary Java code, whenever the library is in the classpath.    If we have an endpoint that receives a serializable object, that object can invoke arbitrary Java code at the moment we try to deserialize it.    We should upgrade to the fixed version (3.2.2) as soon as it's available or remove the class from our classpath.",-1,1,5,3,2026-05-14T20:44:39Z,2026-05-14T21:04:26Z,1186.692,"{""Decision"": -1}"
mule,5,MULE-8649,MULE-9032,Resolve data type from simple MEL expressions,"Now that dataType is being propagated for payload and properties, it would be good if dataType can be propagated when MEL expressions are used.  For example, when using set-payload with ""flowVars['foo']"" expression, it would be good if the property dataType is assigned to the payload's datatype.    Simple expressions include:  * payload/message.payload  * direct access to invocation/session properties, like #[foo], where foo is an invocation/session variable  * access to flowVars, like flowVars['foo']  * access to sessionVars, like sessionVars['foo']",Upgrade BouncyCastle libraries to version 1.53 or newer,We should consider upgrading BouncyCastle to version 1.53 to leverage the latest bugfixes.  This is a security related library and we should always use the latest stable version.,1,1,8,5,2026-05-14T20:44:39Z,2026-05-14T21:04:26Z,1187.305,"{""Decision"": 1}"
mule,5,MULE-8628,MULE-8693,HTTP Connector should not send/respond http.* properties,"HTTP Connector knows these properties are internal, so it makes sense that they are filtered and not sent.",XA transaction must set tx timeout in XA resources,XA transaction must set tx timeout in XA resources,-1,1,5,3,2026-05-14T20:44:39Z,2026-05-14T21:04:27Z,1187.878,"{""Decision"": -1}"
mule,5,MULE-8897,MULE-8938,mule-maven-plugin CloudHub deployment fails when domain is already in use,"When trying to deploy an application to CloudHub, deployment fails if the domain is already in use.    Plugin should validate that the domain is free before trying to deploy the application.",Connector and Endpoint message notifications not fired when an exception is thrown,"When there is an exception during the execution of a flow there are no connectorMessageNotification (when the new HTTP Module is used) or no endpointMessageNotification (when the HTTP Transport is used) sent, even when there is a response (with a failed status code).    Expected: Some connector/endpoint message notification (maybe an specific type, like MESSAGE_ERROR) fired for this case.  Actual: no notification.    Attaching app showing the behavior",-1,-1,1,8,2026-05-14T20:44:39Z,2026-05-14T21:04:27Z,1188.189,"{""Decision"": -1}"
mule,5,MULE-8502,MULE-9011,Remove log4j2 error message when building,"When running the Maven build from source, the following error message is thrown, even when the build finishes successfully.    {quote}  [INFO] --- maven-processor-plugin:2.2.4:process (process) @ mule-extension-validation ---  ERROR StatusLogger No log4j2 configuration file found. Using default configuration: logging only errors to the console.  {quote}",Expand Flowstack functionality,"The list of processors that were executed as part of a message should contain all processors executed, for all flows, so that it can be queried even after the message processing finished.",-1,-1,1,5,2026-05-14T20:44:39Z,2026-05-14T21:04:27Z,1188.195,"{""Decision"": -1}"
mule,5,MULE-8669,MULE-9211,non-blocking processing strategy should only allow direct-threading-profile,"Currently we cannot force the configuration to use direct-threading-profile for all non-blocking flows, this is because thread pool belong to the listener and not to the flow. We need a bigger change that we cannot make now and we can only address it in Mule 4.  Because we don't have a concrete use scenario for using non-blocking with a worker threading profile we want to validate that you can only use direct-threading-profile for HTTP listeners when flow's processing strategy is non-blocking. This validation will be on runtime.",Configurations should be able to have dynamic parameters which don't trigger dynamic configurations,"Currently, all configuration parameters with expression values are translated into a DynamicConfigurationResolver. This is fine for most cases    There're other cases though in which it's desirable to have dynamic values which shouldn't necessarily trigger a new config instance. For example, an FTP connector which needs to switch between ASCII and BINARY mode. It should be fairly easy to switch modes through the use of an expression, but we don't want to trigger new connection pools for each case. Only connection credentials should trigger that.    To enable this case, we can leverage the ValueResolver<T> object which already exists in the extension-support module.    The config can have:    {code:java}  @Parameter  private ValueResolver<String> transferMode;  {code}    and then when you want to get the value you go:    {code:java}  ftpConnector.getTransferMode().resolve(event);  {code}",-1,-1,1,8,2026-05-14T20:44:39Z,2026-05-14T21:04:28Z,1189.036,"{""Decision"": -1}"
mule,5,MULE-8514,MULE-9160,Add support for non-blocking processing strategy to CXF/WS-Consumer,Add support so that CXF/WS-Consumer can be used in Flow and non-blocking processing supported.,Upgrade to Log4j latest version,https://issues.apache.org/jira/browse/LOG4J2-998 figures as already fixed in 2.3 and 2.5 is already out.  Mule is currently using 2.1  This may allow to get rid to some custom hacks currently being done in Mule side.,1,1,8,5,2026-05-14T20:44:39Z,2026-05-14T21:04:29Z,1189.536,"{""Decision"": 1}"
mule,5,MULE-8620,MULE-8905,Add dynamic configurations for DB connector,"Current Db Connector configurations are static, that is, configured values are defined when Mule starts and never changed.  In order to support multi-tenant scenarios, DB configurations must be dynamic. That is, configured values could be expressions that are resolved for each MuleEvent.   With this feature, a single DB config can be resolved to multiple DB on runtime depending on how the expressions are resolved",Write documentation for the validations module,Write documentation for the validations module,1,1,8,5,2026-05-14T20:44:39Z,2026-05-14T21:04:29Z,1189.773,"{""Decision"": 1}"
mule,5,MULE-9164,MULE-8690,Release MVEL 2.1.9-MULE-009,Perform a release of MVEL that contains the fix for the linked issues.,Remove registry deprecation warnings from log.,"In API Gateway we need to use a registry feature that generates several log entries like:   {code}  WARN 2015-06-05 16:41:53,968 [Thread-2] org.mule.registry.DefaultRegistryBroker: 3 registries have been registered, however adding registries has been deprecated as of Mule 3.7.0  {code}    How to reproduce:  - Configure GW to use any valid organization  - Deploy an API with autodiscovery  - Run GW    Expected:  - The information is not logged at all in no log file.    Actual:  - The information is logged in mule_ee with WARN level.",1,1,5,1,2026-05-14T20:44:39Z,2026-05-14T21:04:29Z,1190.431,"{""Decision"": 1}"
mule,5,MULE-9278,MULE-8544,Add Attributes to MuleMessage and make MuleMessage extend TypedValue.,Also make updates to MEL as required.,Core schema for 3.6 is not defined and rubbish at the end of line,https://github.com/mulesoft/mule/blob/mule-3.x/modules/spring-config/src/main/resources/META-INF/spring.schemas#L11    And remove rubbish bracket at end of line.,1,1,5,1,2026-05-14T20:44:39Z,2026-05-14T21:04:30Z,1190.808,"{""Decision"": 1}"
mule,5,MULE-9170,MULE-8605,Implement a testing tool to check misusages of lifecycles,Allow a build to be run with a profile that fails tests when any of the following happen:    * lifecycle method is called more than once for a given object.  * dispose/stop method called without matching initialise/start having been called (if defined). Check for any possible combination scenarios.    Run the test suite with this tool enabled and verify any test failures caused by it. File a bug for each component that has a failure.    Provide this functionality to other teams do they can validate themselves the proper lifecycle usage of their defined objects.,Using Preemptive basic authentication in the new HTTP Module uses two request where the User/Pass are invalid,"Using the correct User/Pass in basic authentication with Preemptive enabled in the new HTTP Module works fine. You send a single request with the Authorization field and you receive a 200.    But in the case when you use a wrong User/Pass, it send fine the Authorization field but when the server respond with a 401, the requester send a new requester trying to be authorize.     See the attached files with the comparison of how works the http-client (only 1 request) and how it works the requester (2 requests)    +To reproduce you can use these tests:+    * HttpRequestAuthTestCase - invalidBasicAuthentication (Mule-ee) (Requeter - 2 requests)  * HttpListenerAuthTestCase - invalidBasicAuthenticationPreemptive (Mule-ee) (Http-client 1 request)",1,1,8,5,2026-05-14T20:44:39Z,2026-05-14T21:04:31Z,1191.854,"{""Decision"": 1}"
mule,5,MULE-8833,MULE-9168,Require jdk8,Make jdk8 required and set the compilation level to 1.8,Users should not be forced to use @Parameter to expose pojo fields,"In order to expose pojo fields users are force to annotate the each field with @Parameter.    When users consumes external jar, they cannot modify the code. Also if they generate java stubs from a WSDL using CXF, they will need to modify a huge amount of Pojos just to get this to work properly, and what is worst, if a new version of the WSDL goes out and you try to update your connector, you will lose everything after generating the new stubs.    The mechanism should be that if the Pojo has any field annotated with @Parameter, then the current logic is valid and should only expose those fields. However, if the Pojo has no @Parameter, every single field that has a gettter and setter should be taken into account (including nested pojo fields)",-1,-1,1,8,2026-05-14T20:44:39Z,2026-05-14T21:04:31Z,1192.225,"{""Decision"": -1}"
mule,5,MULE-8512,MULE-8738,Allow default processing strategy to be configured per app,"Currently if you want to use a sync processing strategy in every flow it is necessary to configure it on every single flow in your app.  Add a attribute to the <configuration> element to define this once.    Also, consider allowing a system property too.  This would be useful for:  - Alternative testing plans  - Setting default per instance, e.g. in cloudhub maybe.    {code:xml}  <configuration defaultProcessingStrategy=""non-blocking"" />  {code}",No data type resolution accessing flow/session properties using dot notation,Data type resolution works for session/flow variables on MEL expressions using map syntax (like flowVars['foo']) but does not work when using dot syntax (like flowVars.foo).,-1,1,3,1,2026-05-14T20:44:39Z,2026-05-14T21:04:31Z,1192.377,"{""Decision"": -1}"
mule,5,MULE-8556,MULE-8534,SpringRegistry is not thread-safe,"In versions prior to 3.7.0, the SpringRegistry was read only and all objects registered through the MuleRegistry API went to the transient registry.    Per the work in MULE-7588, the TransientRegstry no longer exists and the SpringRegistry is writable. However, it's missing the ReadWriteLock that TransientRegistry had to allow register and lookup objects concurrently.    This causes random failures, specially when dealing with dynamic endpoints",Reverse the semmantics of MULE-8415,"The flag introduced in MULE-8415 disables dependency injection for devkit components. We need it to be other way around. By default, Mule is not to inject into Devkit and the property is to be renamed to mule.devkit.participates.di and only when set to true devkit will be considered into DI.",1,1,3,1,2026-05-14T20:44:39Z,2026-05-14T21:04:32Z,1193.001,"{""Decision"": 1}"
mule,5,MULE-9011,MULE-8519,Expand Flowstack functionality,"The list of processors that were executed as part of a message should contain all processors executed, for all flows, so that it can be queried even after the message processing finished.",Add a trace/debug log when a Validation was done successfully,It would be nice to have a trace/debug log that is shown after a validator is successfully executed.     The log message should mention the info to identify the validator itself and the arguments used in the execution of the validator.,1,1,5,1,2026-05-14T20:44:39Z,2026-05-14T21:04:33Z,1193.466,"{""Decision"": 1}"
mule,5,MULE-8658,MULE-8664,"XML header is not removed when proxying, using non blocking cxf:proxy-service and cxf:proxy-client","Steps to reproduce:  - Deploy the attached apps (the leagues-ws will work as a server and the wsdl-proxy as a proxy), notice that the wsdl-proxy app is prepared to be non-blocking.  - Make a the following request:  URL http://localhost:8090/api  Headers:  SOAPAction: getTeamsAction  Content-Type: text/xml;charset=UTF-8  Body:  {code}  <soapenv:Envelope xmlns:soapenv=""http://schemas.xmlsoap.org/soap/envelope/"" xmlns:leag=""http://leagues.examples.mule.org/"" xmlns:soc=""http://mulesoft.com/schemas/soccer"">     <soapenv:Header/>     <soapenv:Body>        <leag:teams>        </leag:teams>     </soapenv:Body>  </soapenv:Envelope>  {code}    Notice that the soap envelope does not contain the xml tag:   <?xml version=""1.0"" encoding=""UTF-8""?>  but the response has it.     This issue does not happen if the proxy is prepared to be blocking (ie. the response never contains the xml tag). Also, the previous versions of Mule didn't add the tag in the response.    This issue appears on every request.",NullPointerException testing connection on DB connector from Studio,"When testing connectivity on the attached app from Studio, a NPE exception is being thrown.    Problem is that datasource's URL is wrong (using http instead of jdbc:mysql prefix). This causes mysql driver to return a null connection instead of throwing an exception.  Then DB connector wraps that connection and the NPE is thrown during connection.close.",1,1,8,5,2026-05-14T20:44:39Z,2026-05-14T21:04:33Z,1193.95,"{""Decision"": 1}"
mule,5,MULE-8769,MULE-8538,Loggers memory leak after fixing MULE-8635,"Changes from MULE-8635 introduced a memory leak where MuleApplicationClassLoaders are not being disposed.  MULE-8635 added logic to clean up loggers, but seems that the logic is executed but the memory is not released.  To reproduce the issue:  _ Start a vainilla mule instance  _ Once default app is deployed force a redeploy touching the app's config file    Expected behaviour, according to the code, is that after 15 seconds the memory is released, but that does not happen.",Dispose lifecycle phase is invoked even when initialise phase fails,dispose() should not be invoked if initialise() fails.  At least thats how I believe it always worked.      This change causes NPE's in dispose() in a lot of cases. Which results in much more verbose and confusing errores being logged.,1,1,8,5,2026-05-14T20:44:39Z,2026-05-14T21:04:33Z,1194.16,"{""Decision"": 1}"
mule,5,MULE-8696,MULE-8580,PROCESS_COMPLETE pipeline notification not sent when strategy is NB and the last component in the flow is not NB,"Having a flow using non-blocking processing strategy where the last component is not non-blocking prevents PROCESS_COMPLETE Pipeline Notification to be fired.    Steps:  1) Call the listener in the attached app  2) Check pipeline notifications    Expected:  - PROCESS_START, PROCESS_END and PROCESS_COMPLETE are fired  Actual:  - Only PROCESS_START and PROCESS_END are fired",Fix JDK8 build,"Tests run in a different order in the JDK8 build, so HttpsSharePortTestCase fails in that case because of some other test that runs before it.",1,-1,1,5,2026-05-14T20:44:39Z,2026-05-14T21:04:34Z,1194.477,"{""Decision"": 1}"
mule,5,MULE-8603,MULE-8822,keepAlive is not working correctly in the HTTP requester,"keepAlive is not working as expected. The http:request element always sends the header Connection: keep-alive in the request, regardless of the usePersistentConnections attribute in the config. If usePersistentConnections is set to false, keepAlive should be disabled, but the header is still sent.    Also, in the proxy scenario (using a listener and a requester) connections are kept alive but not reused. See example config here: https://github.com/mulesoft/performanceworks/blob/master/APPS/PROXY-MCD/100B/http_module_proxy/proxy.xml  This causes ""Remotely closed"" errors, thrown by the service that is being proxied in a highly concurrent scenario.",OAuth2 Refresh token logic fails after restart for preexistent connection,"This issue is related to the problem encountered in JIRA MULE-8277.    After restarting an application that uses the Box Connector, the first time a box request is made with a preexisting Box connection, that has an expired access token in its OAuthState, a refresh token process is triggered that does not attempt to save the refresh and access token obtained from box in the connector's ObjectStore.    The Box connector postAuthorize method invokes one of the connector's processors in order to retrieve the id of the user after the OAuth2 dance for identification purposes. That request within the postAuthorize triggers the first refresh token process for the connector on its first use after restart.    The way to reproduce the issue would be:  - Run a mule application on mule 3.6.2 with the Box Connector and a persistent Objectstore for it  - Do the OAuth dance with a Box user using the authorize MessageProcessor.  - Wait until the Box access token expires or modify it in the OAuthState saved in the Objectstore to make it invalid  - Restart the mule application and attempt to run a Box MessageProcessor like <box:get-user /> twice. (The first attempt should refresh but not save and the second should fail to refresh)",-1,1,8,5,2026-05-14T20:44:39Z,2026-05-14T21:04:34Z,1195.414,"{""Decision"": -1}"
mule,5,MULE-9113,MULE-8573,Remove TCP transport,1.2.13 Remove TCP transport,Add support for expressions in the authentication configuration of the HTTP connector,Add support for MEL expressions in the attributes of the authentication elements of the new HTTP connector.,-1,1,5,3,2026-05-14T20:44:39Z,2026-05-14T21:04:35Z,1195.524,"{""Decision"": -1}"
mule,5,MULE-8619,MULE-8910,Review event copying and access control in non-blocking support,Need to ensure there are no issues..,Implement connection validation policy on Ext-Api,"Create a mechanism so that connections can be validated to still be functional. Notice that this is not design time connection testing but runtime validation of a connection being usable. If the validation fails, then the reconnection workflow should be triggered",-1,-1,1,8,2026-05-14T20:44:39Z,2026-05-14T21:04:35Z,1195.719,"{""Decision"": -1}"
mule,5,MULE-9075,MULE-9217,Remove RC4 cipher suites from tls-default.conf,As per https://tools.ietf.org/html/rfc7465 we should remove this cipher suites from our suggested ones.,Update spring schemas to 3.8,Update spring schemas to 3.8,-1,1,3,1,2026-05-14T20:44:39Z,2026-05-14T21:04:35Z,1195.726,"{""Decision"": -1}"
mule,5,MULE-9211,MULE-8741,Configurations should be able to have dynamic parameters which don't trigger dynamic configurations,"Currently, all configuration parameters with expression values are translated into a DynamicConfigurationResolver. This is fine for most cases    There're other cases though in which it's desirable to have dynamic values which shouldn't necessarily trigger a new config instance. For example, an FTP connector which needs to switch between ASCII and BINARY mode. It should be fairly easy to switch modes through the use of an expression, but we don't want to trigger new connection pools for each case. Only connection credentials should trigger that.    To enable this case, we can leverage the ValueResolver<T> object which already exists in the extension-support module.    The config can have:    {code:java}  @Parameter  private ValueResolver<String> transferMode;  {code}    and then when you want to get the value you go:    {code:java}  ftpConnector.getTransferMode().resolve(event);  {code}",Extract logic for creating implicit configs to a separate class,The logic for creating implicit configurations is now part of the DefaultExtensionsManager. Would be good to have that extracted to a separate class,1,1,8,5,2026-05-14T20:44:39Z,2026-05-14T21:04:36Z,1197.097,"{""Decision"": 1}"
mule,5,MULE-8583,MULE-8669,Upgrade async-http-client to 1.9.21,This version includes several fixes but depends on also upgrading Grizzly.,non-blocking processing strategy should only allow direct-threading-profile,"Currently we cannot force the configuration to use direct-threading-profile for all non-blocking flows, this is because thread pool belong to the listener and not to the flow. We need a bigger change that we cannot make now and we can only address it in Mule 4.  Because we don't have a concrete use scenario for using non-blocking with a worker threading profile we want to validate that you can only use direct-threading-profile for HTTP listeners when flow's processing strategy is non-blocking. This validation will be on runtime.",-1,1,3,1,2026-05-14T20:44:39Z,2026-05-14T21:04:37Z,1197.62,"{""Decision"": -1}"
mule,5,MULE-8518,MULE-8650,Provide access to client certificate on 2-way TLS authenticated connections,When a 2-way TLS authenticated connection is created the client certificate should be exposed in the flow since it may be useful to use it to identify the client.    We are going to expose the client certificate ONLY (not the CA certificates) in the flow using a new inbound property http.client.cert.    The user can access the client principal by doing message.inboundProperties['http.client.cert'].getSubjectDN()    We analyse if there is any risk by exposing the certificate as an inbound property but we got to the conclusion that there's no risk since the client certificate is publicly available in general and it's not used for the communication encrypt  / decrypt. It's only used to identify the client.,SecurityFilterMessageProcessor does not support non-blocking.,SecurityFilterMessageProcessor should implement NonBlockingSupported,-1,1,5,3,2026-05-14T20:44:39Z,2026-05-14T21:04:37Z,1197.738,"{""Decision"": -1}"
mule,5,MULE-8596,MULE-8594,JMX connection error when using JConsole,"Deployed an simple app with an HTTP listener and HTTP request. Opened Oracle Java Mission Control and when I went to the threads view I got an exception on the console.  I cannot see the threads when using JConsole, it seems that JMC recovers from that error and shows the threads anyway but at the cost of having a big delay in the response time.   This is working in 3.5.x",Content-type is not set on HTTP responses,"When using an ObjectToJson transformer (with return type String), ""content-type"" header is not being set in the response.    This might happen with other transformers, in fact with any other thing that sets a String Payload.     Attaching an example app that reproduces the issue. Running the same app with Mule 3.6 shows the right behavior.",1,1,8,5,2026-05-14T20:44:39Z,2026-05-14T21:04:37Z,1197.997,"{""Decision"": 1}"
mule,5,MULE-8610,MULE-8535,Update MVEL version to 2.1.9-MULE-006,Need to update MVEL to include the fix for  MULE-8336,Ensure that transformers use a proper return datatype,"Transformers define an output dataType which is set on the message after the transformation.  In order to properly propagate message dataType, transformers must return the proper type, mimeType and encoding that corresponds to the executed transformation.",-1,-1,1,8,2026-05-14T20:44:39Z,2026-05-14T21:04:37Z,1198.144,"{""Decision"": -1}"
mule,5,MULE-8578,MULE-8515,The Json-to-Object transformer not change the mimeType correctly. It should set application/json,"The json-to-object not change the mimeType correctly. It should set application/json as mimeType but keep text/javascript after an HTTP Request.    Steps to reproduce (see attached app):  1) Send HTTP request to http://localhost:8081/json_object_wrong_mime_type .    2) Check in the log the datatype of the message after Json-to-Object transformer in the outbound property ""json_object_datatype"".",NPE in is-long validator when setting a null locale,"When setting programatically the locale to null validator fails with NPE    {code:xml}      <flow name=""full-long"">          <validation:is-long value=""#[payload]"" pattern=""#[pattern]"" message=""#[message]"" exceptionClass=""#[exceptionClass]"" locale=""#[locale]"" minValue=""#[minValue]"" maxValue=""#[maxValue]"" config-ref=""validation""/>      </flow>  {code}    {code}      @Test      public void otherIsLong() throws Exception      {          MuleEvent event;          event = getTestEvent(""400%"");          event.setFlowVariable(""pattern"", ""###%"");          event.setFlowVariable(""locale"", null);          event.setFlowVariable(""minValue"", null);          event.setFlowVariable(""maxValue"", null);          event.setFlowVariable(""message"", ""Wrong pattern."");          event.setFlowVariable(""exceptionClass"", java.lang.ArrayIndexOutOfBoundsException.class);          runFlow(""full-long"", event);      }  {code}",1,1,3,1,2026-05-14T20:44:39Z,2026-05-14T21:04:38Z,1199.192,"{""Decision"": 1}"
mule,5,MULE-8605,MULE-9250,Using Preemptive basic authentication in the new HTTP Module uses two request where the User/Pass are invalid,"Using the correct User/Pass in basic authentication with Preemptive enabled in the new HTTP Module works fine. You send a single request with the Authorization field and you receive a 200.    But in the case when you use a wrong User/Pass, it send fine the Authorization field but when the server respond with a 401, the requester send a new requester trying to be authorize.     See the attached files with the comparison of how works the http-client (only 1 request) and how it works the requester (2 requests)    +To reproduce you can use these tests:+    * HttpRequestAuthTestCase - invalidBasicAuthentication (Mule-ee) (Requeter - 2 requests)  * HttpListenerAuthTestCase - invalidBasicAuthenticationPreemptive (Mule-ee) (Http-client 1 request)",Remove extensions test jars from mule distribution,"Currently, when creating the studio distributions, extensions used for testing only are being discovered inside the runtime. (Heisenberg Extension).    This jar should not be included in the distribution, or at least we should have a flag that needs to be explicitly provided for this jars to be included.",1,1,5,3,2026-05-14T20:44:39Z,2026-05-14T21:04:39Z,1199.918,"{""Decision"": 1}"
mule,5,MULE-9153,MULE-9214,Add support for interfaces as parameters of an @Operation,"When using interfaces as parameters of an operation, it fails to generate the Extension module giving a missleading wrong error message.    Whe should add the support to have interfaces as parameters.  {code:java}  //Pojo code    public class SimplePojo  {      @Parameter      private String someField;        public String getSomeField()      {          return someField;      }        public void setSomeField(String someField)      {          this.someField = someField;      }  }    //Interface code  public interface MyInterface  {      String getSomeMessage(String orignal);  }    //@Operations code  public class ExtensionOperations {  	@Operation  	public SimplePojo pojoOperation(SimplePojo pojo) {  		return pojo;  	}    	@Operation  	public void interfaceOperation(MyInterface callback){    	}  }  {code}  Current error log:  {code}  org.mule.extension.api.exception.IllegalModelDefinitionException: Extension 'first' defines a operation of name 'operation' which contains a parameter of complex type 'class org.mule.module.extension.firstextension.SimplePojo'. However, operation of name 'interfaceOperation' defines a parameter of the same name but type 'org.mule.module.extension.firstextension.MyInterface'. Complex parameter of different types cannot have the same name.      org.mule.module.extension.internal.introspection.validation.NameClashModelValidator$ValidationDelegate.lambda$validateTopLevelParameters$37(NameClashModelValidator.java:137)    org.mule.module.extension.internal.introspection.validation.NameClashModelValidator$ValidationDelegate$$Lambda$26/490407158.accept(Unknown Source)    java.util.stream.ForEachOps$ForEachOp$OfRef.accept(ForEachOps.java:184)    java.util.stream.ReferencePipeline$2$1.accept(ReferencePipeline.java:175)    java.util.Iterator.forEachRemaining(Iterator.java:116)    java.util.Spliterators$IteratorSpliterator.forEachRemaining(Spliterators.java:1801)    java.util.stream.AbstractPipeline.copyInto(AbstractPipeline.java:512)    java.util.stream.AbstractPipeline.wrapAndCopyInto(AbstractPipeline.java:502)    java.util.stream.ForEachOps$ForEachOp.evaluateSequential(ForEachOps.java:151)    java.util.stream.ForEachOps$ForEachOp$OfRef.evaluateSequential(ForEachOps.java:174)    java.util.stream.AbstractPipeline.evaluate(AbstractPipeline.java:234)    java.util.stream.ReferencePipeline.forEach(ReferencePipeline.java:418)    org.mule.module.extension.internal.introspection.validation.NameClashModelValidator$ValidationDelegate.validateTopLevelParameters(NameClashModelValidator.java:121)    org.mule.module.extension.internal.introspection.validation.NameClashModelValidator$ValidationDelegate.validate(NameClashModelValidator.java:107)    org.mule.module.extension.internal.introspection.validation.NameClashModelValidator$ValidationDelegate.lambda$validate$33(NameClashModelValidator.java:77)    org.mule.module.extension.internal.introspection.validation.NameClashModelValidator$ValidationDelegate$$Lambda$27/1920186116.accept(Unknown Source)    java.util.Iterator.forEachRemaining(Iterator.java:116)    java.util.Spliterators$IteratorSpliterator.forEachRemaining(Spliterators.java:1801)    java.util.stream.ReferencePipeline$Head.forEach(ReferencePipeline.java:580)    org.mule.module.extension.internal.introspection.validation.NameClashModelValidator$ValidationDelegate.validate(NameClashModelValidator.java:77)    org.mule.module.extension.internal.introspection.validation.NameClashModelValidator$ValidationDelegate.access$000(NameClashModelValidator.java:52)    org.mule.module.extension.internal.introspection.validation.NameClashModelValidator.validate(NameClashModelValidator.java:49)    org.mule.module.extension.internal.introspection.DefaultExtensionFactory.lambda$createFrom$39(DefaultExtensionFactory.java:105)    org.mule.module.extension.internal.introspection.DefaultExtensionFactory$$Lambda$18/1393913553.accept(Unknown Source)    java.lang.Iterable.forEach(Iterable.java:75)    org.mule.module.extension.internal.introspection.DefaultExtensionFactory.createFrom(DefaultExtensionFactory.java:105)    org.mule.module.extension.internal.introspection.DefaultExtensionFactory.createFrom(DefaultExtensionFactory.java:94)    org.mule.module.extension.studio.internal.capability.studio.editor.StudioEditorGeneratorTest.testGeneration(StudioEditorGeneratorTest.java:63)    sun.reflect.NativeMethodAccessorImpl.invoke0(Native Method)    sun.reflect.NativeMethodAccessorImpl.invoke(NativeMethodAccessorImpl.java:62)    sun.reflect.DelegatingMethodAccessorImpl.invoke(DelegatingMethodAccessorImpl.java:43)    java.lang.reflect.Method.invoke(Method.java:497)    org.junit.runners.model.FrameworkMethod$1.runReflectiveCall(FrameworkMethod.java:47)    org.junit.internal.runners.model.ReflectiveCallable.run(ReflectiveCallable.java:12)    org.junit.runners.model.FrameworkMethod.invokeExplosively(FrameworkMethod.java:44)    org.junit.internal.runners.statements.InvokeMethod.evaluate(InvokeMethod.java:17)    org.junit.internal.runners.statements.RunBefores.evaluate(RunBefores.java:26)    org.junit.internal.runners.statements.RunAfters.evaluate(RunAfters.java:27)    org.junit.rules.TestWatcher$1.evaluate(TestWatcher.java:55)  {code}",Add missing syntax validators for annotation driven extensions,*Add missing syntax validators for annotation driven extensions*  * Validate @UseConfig or @UseConfig are used more that once  * Validate if configurations or connection providers from the @Extension are compatible with every @UseConfig or @Connection type from the @Operations,1,-1,2,3,2026-05-14T20:44:39Z,2026-05-14T21:04:39Z,1199.98,"{""Decision"": 1}"
mule,5,MULE-9074,MULE-9207,WebService Consumer: xsd:import for external resources through HTTP fails with java.io.FileNotFoundException,WS consumer can't handle imported or included wsdl/xsd files when they are located externally.,ConnectionProvider getHandlingStrategy must receive a parameterized ConnectionHandlingStrategyFactory,"Current ConnectionProvider getHandlingStrategy interface method receive a ConnectionHandlingStrategyFactory raw type parameter, this  results in an unchecked warning on every implementation of this method.  The signature of the method must be  {code:java}  ConnectionHandlingStrategy<Connection> getHandlingStrategy(ConnectionHandlingStrategyFactory<Config, Connection> handlingStrategyFactory);  {code}",1,1,5,2,2026-05-14T20:44:39Z,2026-05-14T21:04:39Z,1200.242,"{""Decision"": 1}"
mule,5,MULE-8837,MULE-8604,Improve usability to manage cookies in the HTTP listener,"Currently, the only way to handle cookies in the HTTP listener is through the Set-Cookie and Cookie headers (reading and setting them manually). Improve the usability so that the user doesn't have to manually parse a cookie sent by the client, or know how to create a Set-Cookie header. (Probably by adding come cookie object as the old http transport had, and adding some new syntax to the response-builder element in the config).",Incorrect error processing on Jetty transport,"Jetty transport is not properly managing error conditions that occur when a MuleMessage fails to be created for the current request.  For example, if a request contains an invalid mimeType, it won't be possible to create a DefaultMuleMessage from it, an exception will be thrown to signal the error, but the returned response will be a 200 instead of 500. (NOTE: the problem exists only when there is no MuleMessage, once it has been created, then it works as expected)",1,1,13,2,2026-05-14T20:44:39Z,2026-05-14T21:04:40Z,1200.48,"{""Decision"": 1}"
mule,5,MULE-9214,MULE-8584,Add missing syntax validators for annotation driven extensions,*Add missing syntax validators for annotation driven extensions*  * Validate @UseConfig or @UseConfig are used more that once  * Validate if configurations or connection providers from the @Extension are compatible with every @UseConfig or @Connection type from the @Operations,Upgrade grizzly to 2.3.20,This is necessary to upgrade AHC.,1,1,3,1,2026-05-14T20:44:39Z,2026-05-14T21:04:40Z,1201.341,"{""Decision"": 1}"
mule,5,MULE-8515,MULE-8823,NPE in is-long validator when setting a null locale,"When setting programatically the locale to null validator fails with NPE    {code:xml}      <flow name=""full-long"">          <validation:is-long value=""#[payload]"" pattern=""#[pattern]"" message=""#[message]"" exceptionClass=""#[exceptionClass]"" locale=""#[locale]"" minValue=""#[minValue]"" maxValue=""#[maxValue]"" config-ref=""validation""/>      </flow>  {code}    {code}      @Test      public void otherIsLong() throws Exception      {          MuleEvent event;          event = getTestEvent(""400%"");          event.setFlowVariable(""pattern"", ""###%"");          event.setFlowVariable(""locale"", null);          event.setFlowVariable(""minValue"", null);          event.setFlowVariable(""maxValue"", null);          event.setFlowVariable(""message"", ""Wrong pattern."");          event.setFlowVariable(""exceptionClass"", java.lang.ArrayIndexOutOfBoundsException.class);          runFlow(""full-long"", event);      }  {code}",Unable to deploy Application in Mule 3.7.0,"Nowadays, if you want to create a proxy, you have to specify the port name and the soapVersion for each binding. This information is provided by the wsdl, so it shouldn't be required, the proxies should detect them automatically.    As a consequence, if you have an API with multiple ports, one of them receiving a SOAP 1.1 envelope, and other one receiving a SOAP 1.2 envelope, and if you don't specify the port and the soapVersion in both proxies (service and client) you will not be able to send a SOAP 1.2 message.     This means that a simple proxy cannot be used with both types of SOAP versions.",-1,-1,1,8,2026-05-14T20:44:39Z,2026-05-14T21:04:41Z,1201.451,"{""Decision"": -1}"
mule,5,MULE-8700,MULE-8539,Incorrect XSD generated for extension built using extension API,"Reviewing the code or extensions API implementation, found that the XSD sceham generated for the test Heinsenberg extension's killOne operation is wrong.  {code}      <xs:element xmlns=""http://www.mulesoft.org/schema/mule/heisenberg"" type=""KillOneType"" substitutionGroup=""heisenberg-empire"" name=""kill-one""></xs:element>      <xs:complexType name=""KillOneType"">          <xs:complexContent>              <xs:extension xmlns:mule=""http://www.mulesoft.org/schema/mule/core"" base=""mule:abstractMessageProcessorType"">                  <xs:sequence>                      <xs:element minOccurs=""1"" name=""kill-operation"">                          <xs:complexType>                              <xs:group xmlns=""http://www.mulesoft.org/schema/mule/heisenberg"" minOccurs=""1"" maxOccurs=""1"" ref=""heisenberg-empire-group""></xs:group>                          </xs:complexType>                      </xs:element>                  </xs:sequence>                  <xs:attribute type=""mule:substitutableName"" use=""optional"" name=""config-ref"">                      <xs:annotation>                          <xs:documentation>Specify which configuration to use for this invocation.</xs:documentation>                      </xs:annotation>                  </xs:attribute>                  <xs:attribute type=""mule:expressionString"" use=""required"" name=""reason""></xs:attribute>              </xs:extension>          </xs:complexContent>      </xs:complexType>  {code}    From that snipet, a XML like the following would be valid if checked against a schame validation tool:  {code}          <heisenberg:kill-one  reason=""I'm the one who knocks"">              <heisenberg:kill-operation>                  <heisenberg:kill-with-custom-message victim=""Gustavo Fring"" goodbyeMessage=""bye bye""/>              </heisenberg:kill-operation>              <heisenberg:kill-operation>                  <heisenberg:kill-with-custom-message victim=""Gustavo Fring"" goodbyeMessage=""bye bye""/>              </heisenberg:kill-operation>          </heisenberg:kill-one>  {code}",Lifecycle not applied to Objects manually registered during initialisation,Suppose an Initialisable or Startable object which during any of those phases registers a new Lifecycle object (e.g.: like an endpoint which creates and registers a connector).    Only the already completed phases are applied to the newly registered object while the one being currently executed isn't,-1,1,3,1,2026-05-14T20:44:39Z,2026-05-14T21:04:41Z,1202.138,"{""Decision"": -1}"
mule,5,MULE-9168,MULE-8569,Users should not be forced to use @Parameter to expose pojo fields,"In order to expose pojo fields users are force to annotate the each field with @Parameter.    When users consumes external jar, they cannot modify the code. Also if they generate java stubs from a WSDL using CXF, they will need to modify a huge amount of Pojos just to get this to work properly, and what is worst, if a new version of the WSDL goes out and you try to update your connector, you will lose everything after generating the new stubs.    The mechanism should be that if the Pojo has any field annotated with @Parameter, then the current logic is valid and should only expose those fields. However, if the Pojo has no @Parameter, every single field that has a gettter and setter should be taken into account (including nested pojo fields)",Applications and corresponding domains should share the same OptionalObjectController,"OptionalObjectsController is used to track objects registered through registry-bootstrap.properties which are optional.    When an application belongs to a domain, that instance should be shared between the app and the domain.",1,1,8,5,2026-05-14T20:44:39Z,2026-05-14T21:04:41Z,1202.344,"{""Decision"": 1}"
mule,5,MULE-8650,MULE-9066,SecurityFilterMessageProcessor does not support non-blocking.,SecurityFilterMessageProcessor should implement NonBlockingSupported,set-property throws runtime exception if the propertyName is empty,"When using set-property, if the propertyName is empty, the schema consider it as a valid value, but every attept to use it throws a java.lang.StringIndexOutOfBoundsException. As a side effect, this also makes the request fail if the set-property is in a flow which contains an http:listener element.    The solution IMHO would be changing the mule.xsd schema and adding a minLength value to the set-property element.    How to reproduce:  - Use the following mule-config. The deployment of the app will be successful.  {code}  <?xml version=""1.0"" encoding=""UTF-8""?>  <mule xmlns:http=""http://www.mulesoft.org/schema/mule/http"" xmlns=""http://www.mulesoft.org/schema/mule/core"" xmlns:doc=""http://www.mulesoft.org/schema/mule/documentation""  	xmlns:spring=""http://www.springframework.org/schema/beans"" version=""EE-3.7.0""  	xmlns:xsi=""http://www.w3.org/2001/XMLSchema-instance""  	xsi:schemaLocation=""http://www.springframework.org/schema/beans http://www.springframework.org/schema/beans/spring-beans-current.xsd  http://www.mulesoft.org/schema/mule/core http://www.mulesoft.org/schema/mule/core/current/mule.xsd  http://www.mulesoft.org/schema/mule/http http://www.mulesoft.org/schema/mule/http/current/mule-http.xsd"">      <http:listener-config name=""HTTP_Listener_Configuration"" host=""0.0.0.0"" port=""8981"" doc:name=""HTTP Listener Configuration""/>      <flow name=""set-property-errorFlow"">          <http:listener config-ref=""HTTP_Listener_Configuration"" path=""/set-property"" doc:name=""HTTP"">          </http:listener>          <set-property doc:name=""Property"" propertyName="""" value=""test""/>          <logger level=""INFO"" doc:name=""Logger""/>      </flow>  </mule>  {code}    When making a request, the config produces the following exception, and the response *never comes back*.    {code}  ERROR 2015-11-16 14:42:01,527 [[set-property-error].HTTP_Listener_Configuration.worker.01] org.mule.exception.DefaultMessagingExceptionStrategy: Caught exception in Exception Strategy: String index out of range: 0  java.lang.StringIndexOutOfBoundsException: String index out of range: 0    java.lang.String.charAt(String.java:658) ~[?:1.7.0_71]    org.glassfish.grizzly.http.HttpHeader$Builder.handleSpecialHeaderAdd(HttpHeader.java:1240) ~[grizzly-http-2.3.21.jar:2.3.21]    org.glassfish.grizzly.http.HttpHeader$Builder.header(HttpHeader.java:1134) ~[grizzly-http-2.3.21.jar:2.3.21]    org.mule.module.http.internal.listener.grizzly.BaseResponseCompletionHandler.buildHttpResponsePacket(BaseResponseCompletionHandler.java:34) ~[mule-module-http-3.7.0.jar:3.7.0]    org.mule.module.http.internal.listener.grizzly.ResponseCompletionHandler.<init>(ResponseCompletionHandler.java:52) ~[mule-module-http-3.7.0.jar:3.7.0]    org.mule.module.http.internal.listener.grizzly.GrizzlyRequestDispatcherFilter$1.responseReady(GrizzlyRequestDispatcherFilter.java:96) ~[mule-module-http-3.7.0.jar:3.7.0]    org.mule.module.http.internal.listener.HttpMessageProcessorTemplate.sendResponseToClient(HttpMessageProcessorTemplate.java:99) ~[mule-module-http-3.7.0.jar:3.7.0]    org.mule.execution.AsyncResponseFlowProcessingPhase.runPhase(AsyncResponseFlowProcessingPhase.java:83) ~[mule-core-3.7.0.jar:3.7.0]    org.mule.execution.AsyncResponseFlowProcessingPhase.runPhase(AsyncResponseFlowProcessingPhase.java:38) ~[mule-core-3.7.0.jar:3.7.0]    org.mule.execution.PhaseExecutionEngine$InternalPhaseExecutionEngine.phaseSuccessfully(PhaseExecutionEngine.java:65) ~[mule-core-3.7.0.jar:3.7.0]    org.mule.execution.PhaseExecutionEngine$InternalPhaseExecutionEngine.phaseSuccessfully(PhaseExecutionEngine.java:69) ~[mule-core-3.7.0.jar:3.7.0]    com.mulesoft.mule.throttling.ThrottlingPhase.runPhase(ThrottlingPhase.java:185) ~[mule-module-throttling-ee-3.7.0.jar:3.7.0]    com.mulesoft.mule.throttling.ThrottlingPhase.runPhase(ThrottlingPhase.java:1) ~[mule-module-throttling-ee-3.7.0.jar:3.7.0]    org.mule.execution.PhaseExecutionEngine$InternalPhaseExecutionEngine.process(PhaseExecutionEngine.java:114) ~[mule-core-3.7.0.jar:3.7.0]    org.mule.execution.PhaseExecutionEngine.process(PhaseExecutionEngine.java:41) ~[mule-core-3.7.0.jar:3.7.0]    org.mule.execution.MuleMessageProcessingManager.processMessage(MuleMessageProcessingManager.java:32) ~[mule-core-3.7.0.jar:3.7.0]    org.mule.module.http.internal.listener.DefaultHttpListener$1.handleRequest(DefaultHttpListener.java:126) ~[mule-module-http-3.7.0.jar:3.7.0]    org.mule.module.http.internal.listener.grizzly.GrizzlyRequestDispatcherFilter.handleRead(GrizzlyRequestDispatcherFilter.java:83) ~[mule-module-http-3.7.0.jar:3.7.0]    org.glassfish.grizzly.filterchain.ExecutorResolver$9.execute(ExecutorResolver.java:119) ~[grizzly-framework-2.3.21.jar:2.3.21]    org.glassfish.grizzly.filterchain.DefaultFilterChain.executeFilter(DefaultFilterChain.java:283) ~[grizzly-framework-2.3.21.jar:2.3.21]    org.glassfish.grizzly.filterchain.DefaultFilterChain.executeChainPart(DefaultFilterChain.java:200) ~[grizzly-framework-2.3.21.jar:2.3.21]    org.glassfish.grizzly.filterchain.DefaultFilterChain.execute(DefaultFilterChain.java:132) ~[grizzly-framework-2.3.21.jar:2.3.21]    org.glassfish.grizzly.filterchain.DefaultFilterChain.process(DefaultFilterChain.java:111) ~[grizzly-framework-2.3.21.jar:2.3.21]    org.glassfish.grizzly.ProcessorExecutor.execute(ProcessorExecutor.java:77) ~[grizzly-framework-2.3.21.jar:2.3.21]    org.glassfish.grizzly.nio.transport.TCPNIOTransport.fireIOEvent(TCPNIOTransport.java:536) ~[grizzly-framework-2.3.21.jar:2.3.21]    org.glassfish.grizzly.strategies.AbstractIOStrategy.fireIOEvent(AbstractIOStrategy.java:112) ~[grizzly-framework-2.3.21.jar:2.3.21]    org.mule.module.http.internal.listener.grizzly.ExecutorPerServerAddressIOStrategy.run0(ExecutorPerServerAddressIOStrategy.java:102) ~[mule-module-http-3.7.0.jar:3.7.0]    org.mule.module.http.internal.listener.grizzly.ExecutorPerServerAddressIOStrategy.access$100(ExecutorPerServerAddressIOStrategy.java:30) ~[mule-module-http-3.7.0.jar:3.7.0]    org.mule.module.http.internal.listener.grizzly.ExecutorPerServerAddressIOStrategy$WorkerThreadRunnable.run(ExecutorPerServerAddressIOStrategy.java:125) ~[mule-module-http-3.7.0.jar:3.7.0]    java.util.concurrent.ThreadPoolExecutor.runWorker(ThreadPoolExecutor.java:1145) [?:1.7.0_71]    java.util.concurrent.ThreadPoolExecutor$Worker.run(ThreadPoolExecutor.java:615) [?:1.7.0_71]    java.lang.Thread.run(Thread.java:745) [?:1.7.0_71]  {code}",1,1,3,1,2026-05-14T20:44:39Z,2026-05-14T21:04:41Z,1202.345,"{""Decision"": 1}"
mule,5,MULE-8654,MULE-8527,Can't use redelivery policy with FTP,"If an idempotent-redelivery-policy is defined for an inbound-endpoint, the execution of the flow will halt after the following message: org.mule.processor.IdempotentRedeliveryPolicy: The message cannot be processed because the digest could not be generated. Either make the payload serializable or use an expression.",Remove AspectJ dependency in CE,AspectJ needs to be upgraded to version 1.8.5 to be consistent with the version number across all distributions and remove warnings when building.,1,1,5,3,2026-05-14T20:44:39Z,2026-05-14T21:04:42Z,1202.773,"{""Decision"": 1}"
mule,5,MULE-8916,MULE-8520,Unclear message when more than one transformer is available,"When Mule finds more than one transformer flow execution fails. In this case we should show more information about the problem to the user, like why those transformers where selected and what to do to solve the problem.",is-true validator throws ValidationException for String input,is-true and is-false validators throw IllegalArgumentException for non boolean values. But for String values throw ValidatorException,1,-1,2,3,2026-05-14T20:44:39Z,2026-05-14T21:04:42Z,1203.432,"{""Decision"": 1}"
mule,5,MULE-8520,MULE-8609,is-true validator throws ValidationException for String input,is-true and is-false validators throw IllegalArgumentException for non boolean values. But for String values throw ValidatorException,Should be able to fetch prototype by name without lifecycle applied,"In most scenarios, when a prototype is lookup up by name, lifecycle should be applied to it before returning.    There're some scenarios (e.g.: fetching a MessageProcessor that will go into a DynamicPipeline) which are not so and we need a way to specify that this case is different.    The following method was applied to the LifecycleRegistry to support such case:    {code:java}      /**       * Look up a single object by name.       * <p/>       * Because {@link #lookupObject(String)} will       * return objects which had lifecycle phases       * applied,this method exists for cases in which       * you want to specify that lifecycle is not to be       * applied. The actual semantics of that actually depends       * on the implementation, since invoking this method       * might return a new instance or an already existing one.       * If an existing one is returned, then the lifecycle might       * have been previously applied regardless.       *       * @param key            the key of the object you're looking for       * @param applyLifecycle if lifecycle should be applied to the returned object.       *                       Passing {@code true} doesn't guarantee that the lifecycle is applied       * @return object or {@code null} if not found       */      <T> T lookupObject(String key, boolean applyLifecycle);  {code}",-1,1,3,1,2026-05-14T20:44:39Z,2026-05-14T21:04:43Z,1203.782,"{""Decision"": -1}"
mule,5,MULE-8664,MULE-8549,NullPointerException testing connection on DB connector from Studio,"When testing connectivity on the attached app from Studio, a NPE exception is being thrown.    Problem is that datasource's URL is wrong (using http instead of jdbc:mysql prefix). This causes mysql driver to return a null connection instead of throwing an exception.  Then DB connector wraps that connection and the NPE is thrown during connection.close.",Update C3P0 to version 0.9.5,There is a new version of C3P0. Would be great to update it to replace the old version that is shipped on Mule,1,1,5,2,2026-05-14T20:44:39Z,2026-05-14T21:04:44Z,1204.959,"{""Decision"": 1}"
mule,5,MULE-8572,MULE-9221,Dependency injection fails when injection candidate is registered on domain,"When the @Inject annotation is used to inject an instance which leaves on the parent domain context, injection fails","Add buildPaths method to Notification Utils that returns Map<MessageProcessor, String>",As a result of a refactor you've change the return type of NotificationUtils.buildPaths    This from MUnit point of view brakes backward and render future MUnit versions incompatible with older versions of Mule.    If possible we would like you guys to change it back to return the same type.,1,1,3,1,2026-05-14T20:44:39Z,2026-05-14T21:04:44Z,1205.083,"{""Decision"": 1}"
mule,5,MULE-8625,MULE-9255,Support disablePropertiesAsHeaders in http:request builder config,http:listener element supports disablePropertiesAsHeaders in the response builder configuration.     We should add support for disablePropertiesAsHeaders in the http:request builder element. Also it must support mule expressions.,Allow users to use Text editor for long String input fields,"For long String input fields, users should be able to mark the fields with @Text to generate a text editor instead of a String editor, as the DevKit did.",1,1,5,2,2026-05-14T20:44:39Z,2026-05-14T21:04:45Z,1205.667,"{""Decision"": 1}"
mule,5,MULE-8626,MULE-9084,Connection and Keep-Alive message properties should not affect Listener/Requestor connection reuse behaviour.,"Listener can be set up to use persistent connections and client attempt to reuse connections, but if for some reason a ""connection"" header gets returns to the listener this behaviour breaks.  Connection reuse behaviour should be encapsulated in listener/requestor.",Allow SDK to generate Studio support,Allow the new SDK to optionally generate Studio editors and update site. On a first pass we only require functionality similar to that provided by Devkit. We'll iterate more in the future,1,-1,5,13,2026-05-14T20:44:39Z,2026-05-14T21:04:45Z,1206.214,"{""Decision"": 1}"
mule,5,MULE-8534,MULE-8680,Reverse the semmantics of MULE-8415,"The flag introduced in MULE-8415 disables dependency injection for devkit components. We need it to be other way around. By default, Mule is not to inject into Devkit and the property is to be renamed to mule.devkit.participates.di and only when set to true devkit will be considered into DI.",Allow TLS context to be shared in a domain,"It'd be good to be able to share a TLS context so that several shared listener configs can use the same one. Another benefit is that all that data (including passwords) will only need to be visible at the domain level, so app developers could use the certs without having access to the perhaps critical data.",-1,-1,1,8,2026-05-14T20:44:39Z,2026-05-14T21:04:45Z,1206.356,"{""Decision"": -1}"
mule,5,MULE-8905,MULE-8512,Write documentation for the validations module,Write documentation for the validations module,Allow default processing strategy to be configured per app,"Currently if you want to use a sync processing strategy in every flow it is necessary to configure it on every single flow in your app.  Add a attribute to the <configuration> element to define this once.    Also, consider allowing a system property too.  This would be useful for:  - Alternative testing plans  - Setting default per instance, e.g. in cloudhub maybe.    {code:xml}  <configuration defaultProcessingStrategy=""non-blocking"" />  {code}",-1,1,5,3,2026-05-14T20:44:39Z,2026-05-14T21:04:46Z,1207.076,"{""Decision"": -1}"
mule,5,MULE-8804,MULE-8939,CXF does not set the correct mimeType,If payload was a stream and it was consumed and converted to String (for ex. after a logger) dw fails.,Release MVEL 2.1.9-MULE-008,Perform a release of MVEL that contains the fix for MULE-8831    # Update pom.xml to meet Maven Central repository requirements  # Update build plan to deploy to Maven Central  # Sign the jar using gpg  # Add javadoc plugin for releases,1,1,8,5,2026-05-14T20:44:39Z,2026-05-14T21:04:46Z,1207.168,"{""Decision"": 1}"
mule,5,MULE-9204,MULE-8556,HTTP Requester + OAuth: Add the option to send Client id/secret with Basic Auth using Client Credentials,Right now the HTTP Requester sends the client_id and client_secret in the request-body.     This is a valid option but the RFC also allows to send them using Basic Authentication:  * https://tools.ietf.org/html/rfc6749#section-2.3.1     For example Paypal and Spotify APIs only support to send them using Basic Auth.  * Example: https://developer.paypal.com/docs/api/#oauth-request--response,SpringRegistry is not thread-safe,"In versions prior to 3.7.0, the SpringRegistry was read only and all objects registered through the MuleRegistry API went to the transient registry.    Per the work in MULE-7588, the TransientRegstry no longer exists and the SpringRegistry is writable. However, it's missing the ReadWriteLock that TransientRegistry had to allow register and lookup objects concurrently.    This causes random failures, specially when dealing with dynamic endpoints",-1,1,5,3,2026-05-14T20:44:39Z,2026-05-14T21:04:47Z,1207.862,"{""Decision"": -1}"
mule,5,MULE-8627,MULE-9180,Review CXF documentation,Review CXF documentation,Add support for a Palette Name so that extension can define the display name (like the friendlyName of @Connector),"Users need to be able to specify a friendly name that will be used to generate the display name of the extension.    For example salesforce extension should say ""Salesforce"" in the palette, and we cannot generate this form the namespace nor the class name.",-1,1,8,5,2026-05-14T20:44:39Z,2026-05-14T21:04:47Z,1208.306,"{""Decision"": -1}"
mule,5,MULE-8656,MULE-8854,Database Connector artifact located in registry no longer implements Testable and DataSense interfaces,All datasense related functionality for the Database connector is no longer working due to the connector/config element stored in the registry not implementing the required interfaces,Exceptions are wrapped in extensions API,"There's a problem when throwing certain exceptions. I was invoking a non existent method in the operation of an extension, expecting the NoSuchMethodException to be wrapped by a MessagingException. The result was a MessagingException wrapping a UndeclaredThrowableException that then contained my exception. I tracked it down to the rethrowRuntimeException method in class org.springframework.util.ReflectionUtils:  	public static void rethrowRuntimeException(Throwable ex) {  		if (ex instanceof RuntimeException) {  			throw (RuntimeException) ex;  		}  		if (ex instanceof Error) {  			throw (Error) ex;  		}  		throw new UndeclaredThrowableException(ex);  	}  So it seems this involves all exceptions that are not RuntimeException or Error.",1,1,3,1,2026-05-14T20:44:39Z,2026-05-14T21:04:48Z,1208.632,"{""Decision"": 1}"
mule,5,MULE-8736,MULE-9290,Enricher does not propagates datatype,Message enricher is not propagating datatype when well-known expressions are used (like expressions returning message's payload/properties),Extensions fail to build if parameter has a wildcard generic,"Consider an extension with a parameter like this:    {code:java}  @Parameter  private ObjectStore<? extends Serializable> timeObjectStore;  {code}    Building such a extension results on the following error:    {code}  [ERROR] diagnostic: error: Can't get qualifier for a null class    java.lang.IllegalArgumentException: Can't get qualifier for a null class      org.mule.extension.api.introspection.DataQualifierFactory.getQualifier(DataQualifierFactory.java:176)      org.mule.extension.api.introspection.DataType.of(DataType.java:86)      org.mule.extension.api.introspection.DataType.of(DataType.java:38)      org.mule.extension.api.introspection.DataType.of(DataType.java:62)      org.mule.module.extension.internal.util.IntrospectionUtils.toDataType(IntrospectionUtils.java:172)      org.mule.module.extension.internal.util.IntrospectionUtils.getFieldDataType(IntrospectionUtils.java:118)      org.mule.module.extension.internal.introspection.AnnotationsBasedDescriber.declareSingleParameters(AnnotationsBasedDescriber.java:223)      org.mule.module.extension.internal.introspection.AnnotationsBasedDescriber.declareAnnotatedParameters(AnnotationsBasedDescriber.java:168)      org.mule.module.extension.internal.introspection.AnnotationsBasedDescriber.declareConfiguration(AnnotationsBasedDescriber.java:163)      org.mule.module.extension.internal.introspection.AnnotationsBasedDescriber.declareConfigurations(AnnotationsBasedDescriber.java:140)      org.mule.module.extension.internal.introspection.AnnotationsBasedDescriber.describe(AnnotationsBasedDescriber.java:116)  {code}    The problem is that because the generic is a wildcard, the ResolveableType  obtained by IntrospectionUtils.getFieldDataType() returns a null rawClass. As a result, the generated DataType points to a null class which in turn causes a NPE when an attempt is made to obtain a qualifier.    The SDK should:    * Ignore a type's generics one they contain at least one wildcard (consider cases like Map<String, ?>  * Log a warning when it founds a wildcard generic  * Also verify this behaviour for the case of operations in which the parameters are obtained from method arguments instead of fields",-1,1,8,5,2026-05-14T20:44:39Z,2026-05-14T21:04:49Z,1209.681,"{""Decision"": -1}"
mule,5,MULE-8909,MULE-8626,Implement Reconnection on the Ext-Api,Implement Reconnection on the Ext-Api,Connection and Keep-Alive message properties should not affect Listener/Requestor connection reuse behaviour.,"Listener can be set up to use persistent connections and client attempt to reuse connections, but if for some reason a ""connection"" header gets returns to the listener this behaviour breaks.  Connection reuse behaviour should be encapsulated in listener/requestor.",1,1,8,5,2026-05-14T20:44:39Z,2026-05-14T21:04:49Z,1209.697,"{""Decision"": 1}"
mule,5,MULE-9255,MULE-9012,Allow users to use Text editor for long String input fields,"For long String input fields, users should be able to mark the fields with @Text to generate a text editor instead of a String editor, as the DevKit did.",Include the name of the xml file where an element is declared when logging the element path,"Currently, only the mule path and the application name are being logged when logging the path of an element as part of an exception message.    For large applications composed of many files, the name of the xml file will be helpful to better find the component where the exception happened.",1,-1,2,3,2026-05-14T20:44:39Z,2026-05-14T21:04:50Z,1210.87,"{""Decision"": 1}"
mule,5,MULE-8632,MULE-8723,HTTP Listener Connector reject a GET and DELETE that contains a body.,http://forum.mulesoft.org/mulesoft/topics/http-get-delete-how-to-get-the-body-of-request-using-http-listenner-connector,Mime Type for .CSV files is not being auto detected and set,"Steps to reproduce:   1.- Create the followed Mule Config   *Mule Config*:  {code:XML}  <?xml version=""1.0"" encoding=""UTF-8""?>    <mule xmlns:metadata=""http://www.mulesoft.org/schema/mule/metadata"" xmlns:dw=""http://www.mulesoft.org/schema/mule/ee/dw"" xmlns:file=""http://www.mulesoft.org/schema/mule/file"" xmlns:tracking=""http://www.mulesoft.org/schema/mule/ee/tracking"" xmlns=""http://www.mulesoft.org/schema/mule/core"" xmlns:doc=""http://www.mulesoft.org/schema/mule/documentation""  	xmlns:spring=""http://www.springframework.org/schema/beans"" version=""EE-3.7.0""  	xmlns:xsi=""http://www.w3.org/2001/XMLSchema-instance""  	xsi:schemaLocation=""http://www.springframework.org/schema/beans http://www.springframework.org/schema/beans/spring-beans-current.xsd  http://www.mulesoft.org/schema/mule/core http://www.mulesoft.org/schema/mule/core/current/mule.xsd  http://www.mulesoft.org/schema/mule/file http://www.mulesoft.org/schema/mule/file/current/mule-file.xsd  http://www.mulesoft.org/schema/mule/ee/dw http://www.mulesoft.org/schema/mule/ee/dw/current/dw.xsd  http://www.mulesoft.org/schema/mule/ee/tracking http://www.mulesoft.org/schema/mule/ee/tracking/current/mule-tracking-ee.xsd"">      <flow name=""csv-common"">          <file:inbound-endpoint path=""src/main/resources/csv/"" moveToDirectory=""src/main/resources/files/to/test"" responseTimeout=""10000"" mimeType=""application/csv"" metadata:id=""09ca0cda-dd6e-4590-838d-fc1482fcb982"" doc:name=""File""/>          <dw:transform-message doc:name=""Transform Message"">              <dw:set-payload><![CDATA[%dw 1.0  %output application/json  ---  payload map {  	Account: $.'Account Name',  	  	Contac: {  		Email: $.'Email Address',  		Phone: $.Phone		  		}  }]]></dw:set-payload>          </dw:transform-message>          <object-to-string-transformer doc:name=""Object to String""/>          <logger message=""#[payload]"" level=""INFO"" doc:name=""Logger""/>      </flow>  </mule>  {code}    2.- Create a CSV folder in the src/main/resources with the followed file:     *Registers.csv*  {code}  First Name,Last Name,Phone,Email Address,Street Address,City,Zip Code,State,Country,Birthday,Birth Year,Marital Status,Account Name,Department, Other State,Other Country,Other Street,Other Email,Other Phone,Other Zip,AssistantName,Other City,Title,AssistantPhone  Solomon,Lane,1-657-224-8346,ornare.sagittis.felis@Morbi.org,1692 Quis Rd.,Bay St. Louis,T9Z 7K4,MN,Switzerland,June 28th,1998,Common-Law,Lycos,Asset Management,St Louis,NY,1692 Quis Rd,ornare.sagittis.felis@Morbi.org,1-657-224-8346,T9Z 7K4,Solomon Lane,Switzerland,Mr,1-657-224-8346  Solomon,Lane,1-657-224-8346,ornare.sagittis.felis@Morbi.org,1692 Quis Rd.,Bay St. Louis,T9Z 7K4,MN,Switzerland,June 28th,1998,Common-Law,Lycos,Asset Management,St Louis,NY,1692 Quis Rd,ornare.sagittis.felis@Morbi.org,1-657-224-8346,T9Z 7K4,Solomon Lane,Switzerland,Mr,1-657-224-8346  Solomon,Lane,1-657-224-8346,ornare.sagittis.felis@Morbi.org,1692 Quis Rd.,Bay St. Louis,T9Z 7K4,MN,Switzerland,June 28th,1998,Common-Law,Lycos,Asset Management,St Louis,NY,1692 Quis Rd,ornare.sagittis.felis@Morbi.org,1-657-224-8346,T9Z 7K4,Solomon Lane,Switzerland,Mr,1-657-224-8346  Solomon,Lane,1-657-224-8346,ornare.sagittis.felis@Morbi.org,1692 Quis Rd.,Bay St. Louis,T9Z 7K4,MN,Switzerland,June 28th,1998,Common-Law,Lycos,Asset Management,St Louis,NY,1692 Quis Rd,ornare.sagittis.felis@Morbi.org,1-657-224-8346,T9Z 7K4,Solomon Lane,Switzerland,Mr,1-657-224-8346  Solomon,Lane,1-657-224-8346,ornare.sagittis.felis@Morbi.org,1692 Quis Rd.,Bay St. Louis,T9Z 7K4,MN,Switzerland,June 28th,1998,Common-Law,Lycos,Asset Management,St Louis,NY,1692 Quis Rd,ornare.sagittis.felis@Morbi.org,1-657-224-8346,T9Z 7K4,Solomon Lane,Switzerland,Mr,1-657-224-8346  Solomon,Lane,1-657-224-8346,ornare.sagittis.felis@Morbi.org,1692 Quis Rd.,Bay St. Louis,T9Z 7K4,MN,Switzerland,June 28th,1998,Common-Law,Lycos,Asset Management,St Louis,NY,1692 Quis Rd,ornare.sagittis.felis@Morbi.org,1-657-224-8346,T9Z 7K4,Solomon Lane,Switzerland,Mr,1-657-224-8346  Solomon,Lane,1-657-224-8346,ornare.sagittis.felis@Morbi.org,1692 Quis Rd.,Bay St. Louis,T9Z 7K4,MN,Switzerland,June 28th,1998,Common-Law,Lycos,Asset Management,St Louis,NY,1692 Quis Rd,ornare.sagittis.felis@Morbi.org,1-657-224-8346,T9Z 7K4,Solomon Lane,Switzerland,Mr,1-657-224-8346  Solomon,Lane,1-657-224-8346,ornare.sagittis.felis@Morbi.org,1692 Quis Rd.,Bay St. Louis,T9Z 7K4,MN,Switzerland,June 28th,1998,Common-Law,Lycos,Asset Management,St Louis,NY,1692 Quis Rd,ornare.sagittis.felis@Morbi.org,1-657-224-8346,T9Z 7K4,Solomon Lane,Switzerland,Mr,1-657-224-8346  Solomon,Lane,1-657-224-8346,ornare.sagittis.felis@Morbi.org,1692 Quis Rd.,Bay St. Louis,T9Z 7K4,MN,Switzerland,June 28th,1998,Common-Law,Lycos,Asset Management,St Louis,NY,1692 Quis Rd,ornare.sagittis.felis@Morbi.org,1-657-224-8346,T9Z 7K4,Solomon Lane,Switzerland,Mr,1-657-224-8346  Solomon,Lane,1-657-224-8346,ornare.sagittis.felis@Morbi.org,1692 Quis Rd.,Bay St. Louis,T9Z 7K4,MN,Switzerland,June 28th,1998,Common-Law,Lycos,Asset Management,St Louis,NY,1692 Quis Rd,ornare.sagittis.felis@Morbi.org,1-657-224-8346,T9Z 7K4,Solomon Lane,Switzerland,Mr,1-657-224-8346  Solomon,Lane,1-657-224-8346,ornare.sagittis.felis@Morbi.org,1692 Quis Rd.,Bay St. Louis,T9Z 7K4,MN,Switzerland,June 28th,1998,Common-Law,Lycos,Asset Management,St Louis,NY,1692 Quis Rd,ornare.sagittis.felis@Morbi.org,1-657-224-8346,T9Z 7K4,Solomon Lane,Switzerland,Mr,1-657-224-8346  Solomon,Lane,1-657-224-8346,ornare.sagittis.felis@Morbi.org,1692 Quis Rd.,Bay St. Louis,T9Z 7K4,MN,Switzerland,June 28th,1998,Common-Law,Lycos,Asset Management,St Louis,NY,1692 Quis Rd,ornare.sagittis.felis@Morbi.org,1-657-224-8346,T9Z 7K4,Solomon Lane,Switzerland,Mr,1-657-224-8346  Solomon,Lane,1-657-224-8346,ornare.sagittis.felis@Morbi.org,1692 Quis Rd.,Bay St. Louis,T9Z 7K4,MN,Switzerland,June 28th,1998,Common-Law,Lycos,Asset Management,St Louis,NY,1692 Quis Rd,ornare.sagittis.felis@Morbi.org,1-657-224-8346,T9Z 7K4,Solomon Lane,Switzerland,Mr,1-657-224-8346  Solomon,Lane,1-657-224-8346,ornare.sagittis.felis@Morbi.org,1692 Quis Rd.,Bay St. Louis,T9Z 7K4,MN,Switzerland,June 28th,1998,Common-Law,Lycos,Asset Management,St Louis,NY,1692 Quis Rd,ornare.sagittis.felis@Morbi.org,1-657-224-8346,T9Z 7K4,Solomon Lane,Switzerland,Mr,1-657-224-8346  Solomon,Lane,1-657-224-8346,ornare.sagittis.felis@Morbi.org,1692 Quis Rd.,Bay St. Louis,T9Z 7K4,MN,Switzerland,June 28th,1998,Common-Law,Lycos,Asset Management,St Louis,NY,1692 Quis Rd,ornare.sagittis.felis@Morbi.org,1-657-224-8346,T9Z 7K4,Solomon Lane,Switzerland,Mr,1-657-224-8346  Solomon,Lane,1-657-224-8346,ornare.sagittis.felis@Morbi.org,1692 Quis Rd.,Bay St. Louis,T9Z 7K4,MN,Switzerland,June 28th,1998,Common-Law,Lycos,Asset Management,St Louis,NY,1692 Quis Rd,ornare.sagittis.felis@Morbi.org,1-657-224-8346,T9Z 7K4,Solomon Lane,Switzerland,Mr,1-657-224-8346  Solomon,Lane,1-657-224-8346,ornare.sagittis.felis@Morbi.org,1692 Quis Rd.,Bay St. Louis,T9Z 7K4,MN,Switzerland,June 28th,1998,Common-Law,Lycos,Asset Management,St Louis,NY,1692 Quis Rd,ornare.sagittis.felis@Morbi.org,1-657-224-8346,T9Z 7K4,Solomon Lane,Switzerland,Mr,1-657-224-8346  Solomon,Lane,1-657-224-8346,ornare.sagittis.felis@Morbi.org,1692 Quis Rd.,Bay St. Louis,T9Z 7K4,MN,Switzerland,June 28th,1998,Common-Law,Lycos,Asset Management,St Louis,NY,1692 Quis Rd,ornare.sagittis.felis@Morbi.org,1-657-224-8346,T9Z 7K4,Solomon Lane,Switzerland,Mr,1-657-224-8346  Solomon,Lane,1-657-224-8346,ornare.sagittis.felis@Morbi.org,1692 Quis Rd.,Bay St. Louis,T9Z 7K4,MN,Switzerland,June 28th,1998,Common-Law,Lycos,Asset Management,St Louis,NY,1692 Quis Rd,ornare.sagittis.felis@Morbi.org,1-657-224-8346,T9Z 7K4,Solomon Lane,Switzerland,Mr,1-657-224-8346  Solomon,Lane,1-657-224-8346,ornare.sagittis.felis@Morbi.org,1692 Quis Rd.,Bay St. Louis,T9Z 7K4,MN,Switzerland,June 28th,1998,Common-Law,Lycos,Asset Management,St Louis,NY,1692 Quis Rd,ornare.sagittis.felis@Morbi.org,1-657-224-8346,T9Z 7K4,Solomon Lane,Switzerland,Mr,1-657-224-8346  Solomon,Lane,1-657-224-8346,ornare.sagittis.felis@Morbi.org,1692 Quis Rd.,Bay St. Louis,T9Z 7K4,MN,Switzerland,June 28th,1998,Common-Law,Lycos,Asset Management,St Louis,NY,1692 Quis Rd,ornare.sagittis.felis@Morbi.org,1-657-224-8346,T9Z 7K4,Solomon Lane,Switzerland,Mr,1-657-224-8346  Solomon,Lane,1-657-224-8346,ornare.sagittis.felis@Morbi.org,1692 Quis Rd.,Bay St. Louis,T9Z 7K4,MN,Switzerland,June 28th,1998,Common-Law,Lycos,Asset Management,St Louis,NY,1692 Quis Rd,ornare.sagittis.felis@Morbi.org,1-657-224-8346,T9Z 7K4,Solomon Lane,Switzerland,Mr,1-657-224-8346  Solomon,Lane,1-657-224-8346,ornare.sagittis.felis@Morbi.org,1692 Quis Rd.,Bay St. Louis,T9Z 7K4,MN,Switzerland,June 28th,1998,Common-Law,Lycos,Asset Management,St Louis,NY,1692 Quis Rd,ornare.sagittis.felis@Morbi.org,1-657-224-8346,T9Z 7K4,Solomon Lane,Switzerland,Mr,1-657-224-8346  Solomon,Lane,1-657-224-8346,ornare.sagittis.felis@Morbi.org,1692 Quis Rd.,Bay St. Louis,T9Z 7K4,MN,Switzerland,June 28th,1998,Common-Law,Lycos,Asset Management,St Louis,NY,1692 Quis Rd,ornare.sagittis.felis@Morbi.org,1-657-224-8346,T9Z 7K4,Solomon Lane,Switzerland,Mr,1-657-224-8346  Solomon,Lane,1-657-224-8346,ornare.sagittis.felis@Morbi.org,1692 Quis Rd.,Bay St. Louis,T9Z 7K4,MN,Switzerland,June 28th,1998,Common-Law,Lycos,Asset Management,St Louis,NY,1692 Quis Rd,ornare.sagittis.felis@Morbi.org,1-657-224-8346,T9Z 7K4,Solomon Lane,Switzerland,Mr,1-657-224-8346  Solomon,Lane,1-657-224-8346,ornare.sagittis.felis@Morbi.org,1692 Quis Rd.,Bay St. Louis,T9Z 7K4,MN,Switzerland,June 28th,1998,Common-Law,Lycos,Asset Management,St Louis,NY,1692 Quis Rd,ornare.sagittis.felis@Morbi.org,1-657-224-8346,T9Z 7K4,Solomon Lane,Switzerland,Mr,1-657-224-8346  Solomon,Lane,1-657-224-8346,ornare.sagittis.felis@Morbi.org,1692 Quis Rd.,Bay St. Louis,T9Z 7K4,MN,Switzerland,June 28th,1998,Common-Law,Lycos,Asset Management,St Louis,NY,1692 Quis Rd,ornare.sagittis.felis@Morbi.org,1-657-224-8346,T9Z 7K4,Solomon Lane,Switzerland,Mr,1-657-224-8346  Solomon,Lane,1-657-224-8346,ornare.sagittis.felis@Morbi.org,1692 Quis Rd.,Bay St. Louis,T9Z 7K4,MN,Switzerland,June 28th,1998,Common-Law,Lycos,Asset Management,St Louis,NY,1692 Quis Rd,ornare.sagittis.felis@Morbi.org,1-657-224-8346,T9Z 7K4,Solomon Lane,Switzerland,Mr,1-657-224-8346  Solomon,Lane,1-657-224-8346,ornare.sagittis.felis@Morbi.org,1692 Quis Rd.,Bay St. Louis,T9Z 7K4,MN,Switzerland,June 28th,1998,Common-Law,Lycos,Asset Management,St Louis,NY,1692 Quis Rd,ornare.sagittis.felis@Morbi.org,1-657-224-8346,T9Z 7K4,Solomon Lane,Switzerland,Mr,1-657-224-8346  Solomon,Lane,1-657-224-8346,ornare.sagittis.felis@Morbi.org,1692 Quis Rd.,Bay St. Louis,T9Z 7K4,MN,Switzerland,June 28th,1998,Common-Law,Lycos,Asset Management,St Louis,NY,1692 Quis Rd,ornare.sagittis.felis@Morbi.org,1-657-224-8346,T9Z 7K4,Solomon Lane,Switzerland,Mr,1-657-224-8346  Solomon,Lane,1-657-224-8346,ornare.sagittis.felis@Morbi.org,1692 Quis Rd.,Bay St. Louis,T9Z 7K4,MN,Switzerland,June 28th,1998,Common-Law,Lycos,Asset Management,St Louis,NY,1692 Quis Rd,ornare.sagittis.felis@Morbi.org,1-657-224-8346,T9Z 7K4,Solomon Lane,Switzerland,Mr,1-657-224-8346  Solomon,Lane,1-657-224-8346,ornare.sagittis.felis@Morbi.org,1692 Quis Rd.,Bay St. Louis,T9Z 7K4,MN,Switzerland,June 28th,1998,Common-Law,Lycos,Asset Management,St Louis,NY,1692 Quis Rd,ornare.sagittis.felis@Morbi.org,1-657-224-8346,T9Z 7K4,Solomon Lane,Switzerland,Mr,1-657-224-8346  Solomon,Lane,1-657-224-8346,ornare.sagittis.felis@Morbi.org,1692 Quis Rd.,Bay St. Louis,T9Z 7K4,MN,Switzerland,June 28th,1998,Common-Law,Lycos,Asset Management,St Louis,NY,1692 Quis Rd,ornare.sagittis.felis@Morbi.org,1-657-224-8346,T9Z 7K4,Solomon Lane,Switzerland,Mr,1-657-224-8346  Solomon,Lane,1-657-224-8346,ornare.sagittis.felis@Morbi.org,1692 Quis Rd.,Bay St. Louis,T9Z 7K4,MN,Switzerland,June 28th,1998,Common-Law,Lycos,Asset Management,St Louis,NY,1692 Quis Rd,ornare.sagittis.felis@Morbi.org,1-657-224-8346,T9Z 7K4,Solomon Lane,Switzerland,Mr,1-657-224-8346  Solomon,Lane,1-657-224-8346,ornare.sagittis.felis@Morbi.org,1692 Quis Rd.,Bay St. Louis,T9Z 7K4,MN,Switzerland,June 28th,1998,Common-Law,Lycos,Asset Management,St Louis,NY,1692 Quis Rd,ornare.sagittis.felis@Morbi.org,1-657-224-8346,T9Z 7K4,Solomon Lane,Switzerland,Mr,1-657-224-8346  Solomon,Lane,1-657-224-8346,ornare.sagittis.felis@Morbi.org,1692 Quis Rd.,Bay St. Louis,T9Z 7K4,MN,Switzerland,June 28th,1998,Common-Law,Lycos,Asset Management,St Louis,NY,1692 Quis Rd,ornare.sagittis.felis@Morbi.org,1-657-224-8346,T9Z 7K4,Solomon Lane,Switzerland,Mr,1-657-224-8346  Solomon,Lane,1-657-224-8346,ornare.sagittis.felis@Morbi.org,1692 Quis Rd.,Bay St. Louis,T9Z 7K4,MN,Switzerland,June 28th,1998,Common-Law,Lycos,Asset Management,St Louis,NY,1692 Quis Rd,ornare.sagittis.felis@Morbi.org,1-657-224-8346,T9Z 7K4,Solomon Lane,Switzerland,Mr,1-657-224-8346  Solomon,Lane,1-657-224-8346,ornare.sagittis.felis@Morbi.org,1692 Quis Rd.,Bay St. Louis,T9Z 7K4,MN,Switzerland,June 28th,1998,Common-Law,Lycos,Asset Management,St Louis,NY,1692 Quis Rd,ornare.sagittis.felis@Morbi.org,1-657-224-8346,T9Z 7K4,Solomon Lane,Switzerland,Mr,1-657-224-8346  Solomon,Lane,1-657-224-8346,ornare.sagittis.felis@Morbi.org,1692 Quis Rd.,Bay St. Louis,T9Z 7K4,MN,Switzerland,June 28th,1998,Common-Law,Lycos,Asset Management,St Louis,NY,1692 Quis Rd,ornare.sagittis.felis@Morbi.org,1-657-224-8346,T9Z 7K4,Solomon Lane,Switzerland,Mr,1-657-224-8346  Solomon,Lane,1-657-224-8346,ornare.sagittis.felis@Morbi.org,1692 Quis Rd.,Bay St. Louis,T9Z 7K4,MN,Switzerland,June 28th,1998,Common-Law,Lycos,Asset Management,St Louis,NY,1692 Quis Rd,ornare.sagittis.felis@Morbi.org,1-657-224-8346,T9Z 7K4,Solomon Lane,Switzerland,Mr,1-657-224-8346  Solomon,Lane,1-657-224-8346,ornare.sagittis.felis@Morbi.org,1692 Quis Rd.,Bay St. Louis,T9Z 7K4,MN,Switzerland,June 28th,1998,Common-Law,Lycos,Asset Management,St Louis,NY,1692 Quis Rd,ornare.sagittis.felis@Morbi.org,1-657-224-8346,T9Z 7K4,Solomon Lane,Switzerland,Mr,1-657-224-8346  Solomon,Lane,1-657-224-8346,ornare.sagittis.felis@Morbi.org,1692 Quis Rd.,Bay St. Louis,T9Z 7K4,MN,Switzerland,June 28th,1998,Common-Law,Lycos,Asset Management,St Louis,NY,1692 Quis Rd,ornare.sagittis.felis@Morbi.org,1-657-224-8346,T9Z 7K4,Solomon Lane,Switzerland,Mr,1-657-224-8346  Solomon,Lane,1-657-224-8346,ornare.sagittis.felis@Morbi.org,1692 Quis Rd.,Bay St. Louis,T9Z 7K4,MN,Switzerland,June 28th,1998,Common-Law,Lycos,Asset Management,St Louis,NY,1692 Quis Rd,ornare.sagittis.felis@Morbi.org,1-657-224-8346,T9Z 7K4,Solomon Lane,Switzerland,Mr,1-657-224-8346  Solomon,Lane,1-657-224-8346,ornare.sagittis.felis@Morbi.org,1692 Quis Rd.,Bay St. Louis,T9Z 7K4,MN,Switzerland,June 28th,1998,Common-Law,Lycos,Asset Management,St Louis,NY,1692 Quis Rd,ornare.sagittis.felis@Morbi.org,1-657-224-8346,T9Z 7K4,Solomon Lane,Switzerland,Mr,1-657-224-8346  Solomon,Lane,1-657-224-8346,ornare.sagittis.felis@Morbi.org,1692 Quis Rd.,Bay St. Louis,T9Z 7K4,MN,Switzerland,June 28th,1998,Common-Law,Lycos,Asset Management,St Louis,NY,1692 Quis Rd,ornare.sagittis.felis@Morbi.org,1-657-224-8346,T9Z 7K4,Solomon Lane,Switzerland,Mr,1-657-224-8346  Solomon,Lane,1-657-224-8346,ornare.sagittis.felis@Morbi.org,1692 Quis Rd.,Bay St. Louis,T9Z 7K4,MN,Switzerland,June 28th,1998,Common-Law,Lycos,Asset Management,St Louis,NY,1692 Quis Rd,ornare.sagittis.felis@Morbi.org,1-657-224-8346,T9Z 7K4,Solomon Lane,Switzerland,Mr,1-657-224-8346  Solomon,Lane,1-657-224-8346,ornare.sagittis.felis@Morbi.org,1692 Quis Rd.,Bay St. Louis,T9Z 7K4,MN,Switzerland,June 28th,1998,Common-Law,Lycos,Asset Management,St Louis,NY,1692 Quis Rd,ornare.sagittis.felis@Morbi.org,1-657-224-8346,T9Z 7K4,Solomon Lane,Switzerland,Mr,1-657-224-8346  Solomon,Lane,1-657-224-8346,ornare.sagittis.felis@Morbi.org,1692 Quis Rd.,Bay St. Louis,T9Z 7K4,MN,Switzerland,June 28th,1998,Common-Law,Lycos,Asset Management,St Louis,NY,1692 Quis Rd,ornare.sagittis.felis@Morbi.org,1-657-224-8346,T9Z 7K4,Solomon Lane,Switzerland,Mr,1-657-224-8346  Solomon,Lane,1-657-224-8346,ornare.sagittis.felis@Morbi.org,1692 Quis Rd.,Bay St. Louis,T9Z 7K4,MN,Switzerland,June 28th,1998,Common-Law,Lycos,Asset Management,St Louis,NY,1692 Quis Rd,ornare.sagittis.felis@Morbi.org,1-657-224-8346,T9Z 7K4,Solomon Lane,Switzerland,Mr,1-657-224-8346  Solomon,Lane,1-657-224-8346,ornare.sagittis.felis@Morbi.org,1692 Quis Rd.,Bay St. Louis,T9Z 7K4,MN,Switzerland,June 28th,1998,Common-Law,Lycos,Asset Management,St Louis,NY,1692 Quis Rd,ornare.sagittis.felis@Morbi.org,1-657-224-8346,T9Z 7K4,Solomon Lane,Switzerland,Mr,1-657-224-8346  Solomon,Lane,1-657-224-8346,ornare.sagittis.felis@Morbi.org,1692 Quis Rd.,Bay St. Louis,T9Z 7K4,MN,Switzerland,June 28th,1998,Common-Law,Lycos,Asset Management,St Louis,NY,1692 Quis Rd,ornare.sagittis.felis@Morbi.org,1-657-224-8346,T9Z 7K4,Solomon Lane,Switzerland,Mr,1-657-224-8346  Solomon,Lane,1-657-224-8346,ornare.sagittis.felis@Morbi.org,1692 Quis Rd.,Bay St. Louis,T9Z 7K4,MN,Switzerland,June 28th,1998,Common-Law,Lycos,Asset Management,St Louis,NY,1692 Quis Rd,ornare.sagittis.felis@Morbi.org,1-657-224-8346,T9Z 7K4,Solomon Lane,Switzerland,Mr,1-657-224-8346  Solomon,Lane,1-657-224-8346,ornare.sagittis.felis@Morbi.org,1692 Quis Rd.,Bay St. Louis,T9Z 7K4,MN,Switzerland,June 28th,1998,Common-Law,Lycos,Asset Management,St Louis,NY,1692 Quis Rd,ornare.sagittis.felis@Morbi.org,1-657-224-8346,T9Z 7K4,Solomon Lane,Switzerland,Mr,1-657-224-8346  Solomon,Lane,1-657-224-8346,ornare.sagittis.felis@Morbi.org,1692 Quis Rd.,Bay St. Louis,T9Z 7K4,MN,Switzerland,June 28th,1998,Common-Law,Lycos,Asset Management,St Louis,NY,1692 Quis Rd,ornare.sagittis.felis@Morbi.org,1-657-224-8346,T9Z 7K4,Solomon Lane,Switzerland,Mr,1-657-224-8346  Solomon,Lane,1-657-224-8346,ornare.sagittis.felis@Morbi.org,1692 Quis Rd.,Bay St. Louis,T9Z 7K4,MN,Switzerland,June 28th,1998,Common-Law,Lycos,Asset Management,St Louis,NY,1692 Quis Rd,ornare.sagittis.felis@Morbi.org,1-657-224-8346,T9Z 7K4,Solomon Lane,Switzerland,Mr,1-657-224-8346  Solomon,Lane,1-657-224-8346,ornare.sagittis.felis@Morbi.org,1692 Quis Rd.,Bay St. Louis,T9Z 7K4,MN,Switzerland,June 28th,1998,Common-Law,Lycos,Asset Management,St Louis,NY,1692 Quis Rd,ornare.sagittis.felis@Morbi.org,1-657-224-8346,T9Z 7K4,Solomon Lane,Switzerland,Mr,1-657-224-8346  Solomon,Lane,1-657-224-8346,ornare.sagittis.felis@Morbi.org,1692 Quis Rd.,Bay St. Louis,T9Z 7K4,MN,Switzerland,June 28th,1998,Common-Law,Lycos,Asset Management,St Louis,NY,1692 Quis Rd,ornare.sagittis.felis@Morbi.org,1-657-224-8346,T9Z 7K4,Solomon Lane,Switzerland,Mr,1-657-224-8346  Solomon,Lane,1-657-224-8346,ornare.sagittis.felis@Morbi.org,1692 Quis Rd.,Bay St. Louis,T9Z 7K4,MN,Switzerland,June 28th,1998,Common-Law,Lycos,Asset Management,St Louis,NY,1692 Quis Rd,ornare.sagittis.felis@Morbi.org,1-657-224-8346,T9Z 7K4,Solomon Lane,Switzerland,Mr,1-657-224-8346  Solomon,Lane,1-657-224-8346,ornare.sagittis.felis@Morbi.org,1692 Quis Rd.,Bay St. Louis,T9Z 7K4,MN,Switzerland,June 28th,1998,Common-Law,Lycos,Asset Management,St Louis,NY,1692 Quis Rd,ornare.sagittis.felis@Morbi.org,1-657-224-8346,T9Z 7K4,Solomon Lane,Switzerland,Mr,1-657-224-8346  Solomon,Lane,1-657-224-8346,ornare.sagittis.felis@Morbi.org,1692 Quis Rd.,Bay St. Louis,T9Z 7K4,MN,Switzerland,June 28th,1998,Common-Law,Lycos,Asset Management,St Louis,NY,1692 Quis Rd,ornare.sagittis.felis@Morbi.org,1-657-224-8346,T9Z 7K4,Solomon Lane,Switzerland,Mr,1-657-224-8346  Solomon,Lane,1-657-224-8346,ornare.sagittis.felis@Morbi.org,1692 Quis Rd.,Bay St. Louis,T9Z 7K4,MN,Switzerland,June 28th,1998,Common-Law,Lycos,Asset Management,St Louis,NY,1692 Quis Rd,ornare.sagittis.felis@Morbi.org,1-657-224-8346,T9Z 7K4,Solomon Lane,Switzerland,Mr,1-657-224-8346  Solomon,Lane,1-657-224-8346,ornare.sagittis.felis@Morbi.org,1692 Quis Rd.,Bay St. Louis,T9Z 7K4,MN,Switzerland,June 28th,1998,Common-Law,Lycos,Asset Management,St Louis,NY,1692 Quis Rd,ornare.sagittis.felis@Morbi.org,1-657-224-8346,T9Z 7K4,Solomon Lane,Switzerland,Mr,1-657-224-8346  Solomon,Lane,1-657-224-8346,ornare.sagittis.felis@Morbi.org,1692 Quis Rd.,Bay St. Louis,T9Z 7K4,...",-1,1,5,3,2026-05-14T20:44:39Z,2026-05-14T21:04:50Z,1210.871,"{""Decision"": -1}"
mule,5,MULE-8723,MULE-8619,Mime Type for .CSV files is not being auto detected and set,"Steps to reproduce:   1.- Create the followed Mule Config   *Mule Config*:  {code:XML}  <?xml version=""1.0"" encoding=""UTF-8""?>    <mule xmlns:metadata=""http://www.mulesoft.org/schema/mule/metadata"" xmlns:dw=""http://www.mulesoft.org/schema/mule/ee/dw"" xmlns:file=""http://www.mulesoft.org/schema/mule/file"" xmlns:tracking=""http://www.mulesoft.org/schema/mule/ee/tracking"" xmlns=""http://www.mulesoft.org/schema/mule/core"" xmlns:doc=""http://www.mulesoft.org/schema/mule/documentation""  	xmlns:spring=""http://www.springframework.org/schema/beans"" version=""EE-3.7.0""  	xmlns:xsi=""http://www.w3.org/2001/XMLSchema-instance""  	xsi:schemaLocation=""http://www.springframework.org/schema/beans http://www.springframework.org/schema/beans/spring-beans-current.xsd  http://www.mulesoft.org/schema/mule/core http://www.mulesoft.org/schema/mule/core/current/mule.xsd  http://www.mulesoft.org/schema/mule/file http://www.mulesoft.org/schema/mule/file/current/mule-file.xsd  http://www.mulesoft.org/schema/mule/ee/dw http://www.mulesoft.org/schema/mule/ee/dw/current/dw.xsd  http://www.mulesoft.org/schema/mule/ee/tracking http://www.mulesoft.org/schema/mule/ee/tracking/current/mule-tracking-ee.xsd"">      <flow name=""csv-common"">          <file:inbound-endpoint path=""src/main/resources/csv/"" moveToDirectory=""src/main/resources/files/to/test"" responseTimeout=""10000"" mimeType=""application/csv"" metadata:id=""09ca0cda-dd6e-4590-838d-fc1482fcb982"" doc:name=""File""/>          <dw:transform-message doc:name=""Transform Message"">              <dw:set-payload><![CDATA[%dw 1.0  %output application/json  ---  payload map {  	Account: $.'Account Name',  	  	Contac: {  		Email: $.'Email Address',  		Phone: $.Phone		  		}  }]]></dw:set-payload>          </dw:transform-message>          <object-to-string-transformer doc:name=""Object to String""/>          <logger message=""#[payload]"" level=""INFO"" doc:name=""Logger""/>      </flow>  </mule>  {code}    2.- Create a CSV folder in the src/main/resources with the followed file:     *Registers.csv*  {code}  First Name,Last Name,Phone,Email Address,Street Address,City,Zip Code,State,Country,Birthday,Birth Year,Marital Status,Account Name,Department, Other State,Other Country,Other Street,Other Email,Other Phone,Other Zip,AssistantName,Other City,Title,AssistantPhone  Solomon,Lane,1-657-224-8346,ornare.sagittis.felis@Morbi.org,1692 Quis Rd.,Bay St. Louis,T9Z 7K4,MN,Switzerland,June 28th,1998,Common-Law,Lycos,Asset Management,St Louis,NY,1692 Quis Rd,ornare.sagittis.felis@Morbi.org,1-657-224-8346,T9Z 7K4,Solomon Lane,Switzerland,Mr,1-657-224-8346  Solomon,Lane,1-657-224-8346,ornare.sagittis.felis@Morbi.org,1692 Quis Rd.,Bay St. Louis,T9Z 7K4,MN,Switzerland,June 28th,1998,Common-Law,Lycos,Asset Management,St Louis,NY,1692 Quis Rd,ornare.sagittis.felis@Morbi.org,1-657-224-8346,T9Z 7K4,Solomon Lane,Switzerland,Mr,1-657-224-8346  Solomon,Lane,1-657-224-8346,ornare.sagittis.felis@Morbi.org,1692 Quis Rd.,Bay St. Louis,T9Z 7K4,MN,Switzerland,June 28th,1998,Common-Law,Lycos,Asset Management,St Louis,NY,1692 Quis Rd,ornare.sagittis.felis@Morbi.org,1-657-224-8346,T9Z 7K4,Solomon Lane,Switzerland,Mr,1-657-224-8346  Solomon,Lane,1-657-224-8346,ornare.sagittis.felis@Morbi.org,1692 Quis Rd.,Bay St. Louis,T9Z 7K4,MN,Switzerland,June 28th,1998,Common-Law,Lycos,Asset Management,St Louis,NY,1692 Quis Rd,ornare.sagittis.felis@Morbi.org,1-657-224-8346,T9Z 7K4,Solomon Lane,Switzerland,Mr,1-657-224-8346  Solomon,Lane,1-657-224-8346,ornare.sagittis.felis@Morbi.org,1692 Quis Rd.,Bay St. Louis,T9Z 7K4,MN,Switzerland,June 28th,1998,Common-Law,Lycos,Asset Management,St Louis,NY,1692 Quis Rd,ornare.sagittis.felis@Morbi.org,1-657-224-8346,T9Z 7K4,Solomon Lane,Switzerland,Mr,1-657-224-8346  Solomon,Lane,1-657-224-8346,ornare.sagittis.felis@Morbi.org,1692 Quis Rd.,Bay St. Louis,T9Z 7K4,MN,Switzerland,June 28th,1998,Common-Law,Lycos,Asset Management,St Louis,NY,1692 Quis Rd,ornare.sagittis.felis@Morbi.org,1-657-224-8346,T9Z 7K4,Solomon Lane,Switzerland,Mr,1-657-224-8346  Solomon,Lane,1-657-224-8346,ornare.sagittis.felis@Morbi.org,1692 Quis Rd.,Bay St. Louis,T9Z 7K4,MN,Switzerland,June 28th,1998,Common-Law,Lycos,Asset Management,St Louis,NY,1692 Quis Rd,ornare.sagittis.felis@Morbi.org,1-657-224-8346,T9Z 7K4,Solomon Lane,Switzerland,Mr,1-657-224-8346  Solomon,Lane,1-657-224-8346,ornare.sagittis.felis@Morbi.org,1692 Quis Rd.,Bay St. Louis,T9Z 7K4,MN,Switzerland,June 28th,1998,Common-Law,Lycos,Asset Management,St Louis,NY,1692 Quis Rd,ornare.sagittis.felis@Morbi.org,1-657-224-8346,T9Z 7K4,Solomon Lane,Switzerland,Mr,1-657-224-8346  Solomon,Lane,1-657-224-8346,ornare.sagittis.felis@Morbi.org,1692 Quis Rd.,Bay St. Louis,T9Z 7K4,MN,Switzerland,June 28th,1998,Common-Law,Lycos,Asset Management,St Louis,NY,1692 Quis Rd,ornare.sagittis.felis@Morbi.org,1-657-224-8346,T9Z 7K4,Solomon Lane,Switzerland,Mr,1-657-224-8346  Solomon,Lane,1-657-224-8346,ornare.sagittis.felis@Morbi.org,1692 Quis Rd.,Bay St. Louis,T9Z 7K4,MN,Switzerland,June 28th,1998,Common-Law,Lycos,Asset Management,St Louis,NY,1692 Quis Rd,ornare.sagittis.felis@Morbi.org,1-657-224-8346,T9Z 7K4,Solomon Lane,Switzerland,Mr,1-657-224-8346  Solomon,Lane,1-657-224-8346,ornare.sagittis.felis@Morbi.org,1692 Quis Rd.,Bay St. Louis,T9Z 7K4,MN,Switzerland,June 28th,1998,Common-Law,Lycos,Asset Management,St Louis,NY,1692 Quis Rd,ornare.sagittis.felis@Morbi.org,1-657-224-8346,T9Z 7K4,Solomon Lane,Switzerland,Mr,1-657-224-8346  Solomon,Lane,1-657-224-8346,ornare.sagittis.felis@Morbi.org,1692 Quis Rd.,Bay St. Louis,T9Z 7K4,MN,Switzerland,June 28th,1998,Common-Law,Lycos,Asset Management,St Louis,NY,1692 Quis Rd,ornare.sagittis.felis@Morbi.org,1-657-224-8346,T9Z 7K4,Solomon Lane,Switzerland,Mr,1-657-224-8346  Solomon,Lane,1-657-224-8346,ornare.sagittis.felis@Morbi.org,1692 Quis Rd.,Bay St. Louis,T9Z 7K4,MN,Switzerland,June 28th,1998,Common-Law,Lycos,Asset Management,St Louis,NY,1692 Quis Rd,ornare.sagittis.felis@Morbi.org,1-657-224-8346,T9Z 7K4,Solomon Lane,Switzerland,Mr,1-657-224-8346  Solomon,Lane,1-657-224-8346,ornare.sagittis.felis@Morbi.org,1692 Quis Rd.,Bay St. Louis,T9Z 7K4,MN,Switzerland,June 28th,1998,Common-Law,Lycos,Asset Management,St Louis,NY,1692 Quis Rd,ornare.sagittis.felis@Morbi.org,1-657-224-8346,T9Z 7K4,Solomon Lane,Switzerland,Mr,1-657-224-8346  Solomon,Lane,1-657-224-8346,ornare.sagittis.felis@Morbi.org,1692 Quis Rd.,Bay St. Louis,T9Z 7K4,MN,Switzerland,June 28th,1998,Common-Law,Lycos,Asset Management,St Louis,NY,1692 Quis Rd,ornare.sagittis.felis@Morbi.org,1-657-224-8346,T9Z 7K4,Solomon Lane,Switzerland,Mr,1-657-224-8346  Solomon,Lane,1-657-224-8346,ornare.sagittis.felis@Morbi.org,1692 Quis Rd.,Bay St. Louis,T9Z 7K4,MN,Switzerland,June 28th,1998,Common-Law,Lycos,Asset Management,St Louis,NY,1692 Quis Rd,ornare.sagittis.felis@Morbi.org,1-657-224-8346,T9Z 7K4,Solomon Lane,Switzerland,Mr,1-657-224-8346  Solomon,Lane,1-657-224-8346,ornare.sagittis.felis@Morbi.org,1692 Quis Rd.,Bay St. Louis,T9Z 7K4,MN,Switzerland,June 28th,1998,Common-Law,Lycos,Asset Management,St Louis,NY,1692 Quis Rd,ornare.sagittis.felis@Morbi.org,1-657-224-8346,T9Z 7K4,Solomon Lane,Switzerland,Mr,1-657-224-8346  Solomon,Lane,1-657-224-8346,ornare.sagittis.felis@Morbi.org,1692 Quis Rd.,Bay St. Louis,T9Z 7K4,MN,Switzerland,June 28th,1998,Common-Law,Lycos,Asset Management,St Louis,NY,1692 Quis Rd,ornare.sagittis.felis@Morbi.org,1-657-224-8346,T9Z 7K4,Solomon Lane,Switzerland,Mr,1-657-224-8346  Solomon,Lane,1-657-224-8346,ornare.sagittis.felis@Morbi.org,1692 Quis Rd.,Bay St. Louis,T9Z 7K4,MN,Switzerland,June 28th,1998,Common-Law,Lycos,Asset Management,St Louis,NY,1692 Quis Rd,ornare.sagittis.felis@Morbi.org,1-657-224-8346,T9Z 7K4,Solomon Lane,Switzerland,Mr,1-657-224-8346  Solomon,Lane,1-657-224-8346,ornare.sagittis.felis@Morbi.org,1692 Quis Rd.,Bay St. Louis,T9Z 7K4,MN,Switzerland,June 28th,1998,Common-Law,Lycos,Asset Management,St Louis,NY,1692 Quis Rd,ornare.sagittis.felis@Morbi.org,1-657-224-8346,T9Z 7K4,Solomon Lane,Switzerland,Mr,1-657-224-8346  Solomon,Lane,1-657-224-8346,ornare.sagittis.felis@Morbi.org,1692 Quis Rd.,Bay St. Louis,T9Z 7K4,MN,Switzerland,June 28th,1998,Common-Law,Lycos,Asset Management,St Louis,NY,1692 Quis Rd,ornare.sagittis.felis@Morbi.org,1-657-224-8346,T9Z 7K4,Solomon Lane,Switzerland,Mr,1-657-224-8346  Solomon,Lane,1-657-224-8346,ornare.sagittis.felis@Morbi.org,1692 Quis Rd.,Bay St. Louis,T9Z 7K4,MN,Switzerland,June 28th,1998,Common-Law,Lycos,Asset Management,St Louis,NY,1692 Quis Rd,ornare.sagittis.felis@Morbi.org,1-657-224-8346,T9Z 7K4,Solomon Lane,Switzerland,Mr,1-657-224-8346  Solomon,Lane,1-657-224-8346,ornare.sagittis.felis@Morbi.org,1692 Quis Rd.,Bay St. Louis,T9Z 7K4,MN,Switzerland,June 28th,1998,Common-Law,Lycos,Asset Management,St Louis,NY,1692 Quis Rd,ornare.sagittis.felis@Morbi.org,1-657-224-8346,T9Z 7K4,Solomon Lane,Switzerland,Mr,1-657-224-8346  Solomon,Lane,1-657-224-8346,ornare.sagittis.felis@Morbi.org,1692 Quis Rd.,Bay St. Louis,T9Z 7K4,MN,Switzerland,June 28th,1998,Common-Law,Lycos,Asset Management,St Louis,NY,1692 Quis Rd,ornare.sagittis.felis@Morbi.org,1-657-224-8346,T9Z 7K4,Solomon Lane,Switzerland,Mr,1-657-224-8346  Solomon,Lane,1-657-224-8346,ornare.sagittis.felis@Morbi.org,1692 Quis Rd.,Bay St. Louis,T9Z 7K4,MN,Switzerland,June 28th,1998,Common-Law,Lycos,Asset Management,St Louis,NY,1692 Quis Rd,ornare.sagittis.felis@Morbi.org,1-657-224-8346,T9Z 7K4,Solomon Lane,Switzerland,Mr,1-657-224-8346  Solomon,Lane,1-657-224-8346,ornare.sagittis.felis@Morbi.org,1692 Quis Rd.,Bay St. Louis,T9Z 7K4,MN,Switzerland,June 28th,1998,Common-Law,Lycos,Asset Management,St Louis,NY,1692 Quis Rd,ornare.sagittis.felis@Morbi.org,1-657-224-8346,T9Z 7K4,Solomon Lane,Switzerland,Mr,1-657-224-8346  Solomon,Lane,1-657-224-8346,ornare.sagittis.felis@Morbi.org,1692 Quis Rd.,Bay St. Louis,T9Z 7K4,MN,Switzerland,June 28th,1998,Common-Law,Lycos,Asset Management,St Louis,NY,1692 Quis Rd,ornare.sagittis.felis@Morbi.org,1-657-224-8346,T9Z 7K4,Solomon Lane,Switzerland,Mr,1-657-224-8346  Solomon,Lane,1-657-224-8346,ornare.sagittis.felis@Morbi.org,1692 Quis Rd.,Bay St. Louis,T9Z 7K4,MN,Switzerland,June 28th,1998,Common-Law,Lycos,Asset Management,St Louis,NY,1692 Quis Rd,ornare.sagittis.felis@Morbi.org,1-657-224-8346,T9Z 7K4,Solomon Lane,Switzerland,Mr,1-657-224-8346  Solomon,Lane,1-657-224-8346,ornare.sagittis.felis@Morbi.org,1692 Quis Rd.,Bay St. Louis,T9Z 7K4,MN,Switzerland,June 28th,1998,Common-Law,Lycos,Asset Management,St Louis,NY,1692 Quis Rd,ornare.sagittis.felis@Morbi.org,1-657-224-8346,T9Z 7K4,Solomon Lane,Switzerland,Mr,1-657-224-8346  Solomon,Lane,1-657-224-8346,ornare.sagittis.felis@Morbi.org,1692 Quis Rd.,Bay St. Louis,T9Z 7K4,MN,Switzerland,June 28th,1998,Common-Law,Lycos,Asset Management,St Louis,NY,1692 Quis Rd,ornare.sagittis.felis@Morbi.org,1-657-224-8346,T9Z 7K4,Solomon Lane,Switzerland,Mr,1-657-224-8346  Solomon,Lane,1-657-224-8346,ornare.sagittis.felis@Morbi.org,1692 Quis Rd.,Bay St. Louis,T9Z 7K4,MN,Switzerland,June 28th,1998,Common-Law,Lycos,Asset Management,St Louis,NY,1692 Quis Rd,ornare.sagittis.felis@Morbi.org,1-657-224-8346,T9Z 7K4,Solomon Lane,Switzerland,Mr,1-657-224-8346  Solomon,Lane,1-657-224-8346,ornare.sagittis.felis@Morbi.org,1692 Quis Rd.,Bay St. Louis,T9Z 7K4,MN,Switzerland,June 28th,1998,Common-Law,Lycos,Asset Management,St Louis,NY,1692 Quis Rd,ornare.sagittis.felis@Morbi.org,1-657-224-8346,T9Z 7K4,Solomon Lane,Switzerland,Mr,1-657-224-8346  Solomon,Lane,1-657-224-8346,ornare.sagittis.felis@Morbi.org,1692 Quis Rd.,Bay St. Louis,T9Z 7K4,MN,Switzerland,June 28th,1998,Common-Law,Lycos,Asset Management,St Louis,NY,1692 Quis Rd,ornare.sagittis.felis@Morbi.org,1-657-224-8346,T9Z 7K4,Solomon Lane,Switzerland,Mr,1-657-224-8346  Solomon,Lane,1-657-224-8346,ornare.sagittis.felis@Morbi.org,1692 Quis Rd.,Bay St. Louis,T9Z 7K4,MN,Switzerland,June 28th,1998,Common-Law,Lycos,Asset Management,St Louis,NY,1692 Quis Rd,ornare.sagittis.felis@Morbi.org,1-657-224-8346,T9Z 7K4,Solomon Lane,Switzerland,Mr,1-657-224-8346  Solomon,Lane,1-657-224-8346,ornare.sagittis.felis@Morbi.org,1692 Quis Rd.,Bay St. Louis,T9Z 7K4,MN,Switzerland,June 28th,1998,Common-Law,Lycos,Asset Management,St Louis,NY,1692 Quis Rd,ornare.sagittis.felis@Morbi.org,1-657-224-8346,T9Z 7K4,Solomon Lane,Switzerland,Mr,1-657-224-8346  Solomon,Lane,1-657-224-8346,ornare.sagittis.felis@Morbi.org,1692 Quis Rd.,Bay St. Louis,T9Z 7K4,MN,Switzerland,June 28th,1998,Common-Law,Lycos,Asset Management,St Louis,NY,1692 Quis Rd,ornare.sagittis.felis@Morbi.org,1-657-224-8346,T9Z 7K4,Solomon Lane,Switzerland,Mr,1-657-224-8346  Solomon,Lane,1-657-224-8346,ornare.sagittis.felis@Morbi.org,1692 Quis Rd.,Bay St. Louis,T9Z 7K4,MN,Switzerland,June 28th,1998,Common-Law,Lycos,Asset Management,St Louis,NY,1692 Quis Rd,ornare.sagittis.felis@Morbi.org,1-657-224-8346,T9Z 7K4,Solomon Lane,Switzerland,Mr,1-657-224-8346  Solomon,Lane,1-657-224-8346,ornare.sagittis.felis@Morbi.org,1692 Quis Rd.,Bay St. Louis,T9Z 7K4,MN,Switzerland,June 28th,1998,Common-Law,Lycos,Asset Management,St Louis,NY,1692 Quis Rd,ornare.sagittis.felis@Morbi.org,1-657-224-8346,T9Z 7K4,Solomon Lane,Switzerland,Mr,1-657-224-8346  Solomon,Lane,1-657-224-8346,ornare.sagittis.felis@Morbi.org,1692 Quis Rd.,Bay St. Louis,T9Z 7K4,MN,Switzerland,June 28th,1998,Common-Law,Lycos,Asset Management,St Louis,NY,1692 Quis Rd,ornare.sagittis.felis@Morbi.org,1-657-224-8346,T9Z 7K4,Solomon Lane,Switzerland,Mr,1-657-224-8346  Solomon,Lane,1-657-224-8346,ornare.sagittis.felis@Morbi.org,1692 Quis Rd.,Bay St. Louis,T9Z 7K4,MN,Switzerland,June 28th,1998,Common-Law,Lycos,Asset Management,St Louis,NY,1692 Quis Rd,ornare.sagittis.felis@Morbi.org,1-657-224-8346,T9Z 7K4,Solomon Lane,Switzerland,Mr,1-657-224-8346  Solomon,Lane,1-657-224-8346,ornare.sagittis.felis@Morbi.org,1692 Quis Rd.,Bay St. Louis,T9Z 7K4,MN,Switzerland,June 28th,1998,Common-Law,Lycos,Asset Management,St Louis,NY,1692 Quis Rd,ornare.sagittis.felis@Morbi.org,1-657-224-8346,T9Z 7K4,Solomon Lane,Switzerland,Mr,1-657-224-8346  Solomon,Lane,1-657-224-8346,ornare.sagittis.felis@Morbi.org,1692 Quis Rd.,Bay St. Louis,T9Z 7K4,MN,Switzerland,June 28th,1998,Common-Law,Lycos,Asset Management,St Louis,NY,1692 Quis Rd,ornare.sagittis.felis@Morbi.org,1-657-224-8346,T9Z 7K4,Solomon Lane,Switzerland,Mr,1-657-224-8346  Solomon,Lane,1-657-224-8346,ornare.sagittis.felis@Morbi.org,1692 Quis Rd.,Bay St. Louis,T9Z 7K4,MN,Switzerland,June 28th,1998,Common-Law,Lycos,Asset Management,St Louis,NY,1692 Quis Rd,ornare.sagittis.felis@Morbi.org,1-657-224-8346,T9Z 7K4,Solomon Lane,Switzerland,Mr,1-657-224-8346  Solomon,Lane,1-657-224-8346,ornare.sagittis.felis@Morbi.org,1692 Quis Rd.,Bay St. Louis,T9Z 7K4,MN,Switzerland,June 28th,1998,Common-Law,Lycos,Asset Management,St Louis,NY,1692 Quis Rd,ornare.sagittis.felis@Morbi.org,1-657-224-8346,T9Z 7K4,Solomon Lane,Switzerland,Mr,1-657-224-8346  Solomon,Lane,1-657-224-8346,ornare.sagittis.felis@Morbi.org,1692 Quis Rd.,Bay St. Louis,T9Z 7K4,MN,Switzerland,June 28th,1998,Common-Law,Lycos,Asset Management,St Louis,NY,1692 Quis Rd,ornare.sagittis.felis@Morbi.org,1-657-224-8346,T9Z 7K4,Solomon Lane,Switzerland,Mr,1-657-224-8346  Solomon,Lane,1-657-224-8346,ornare.sagittis.felis@Morbi.org,1692 Quis Rd.,Bay St. Louis,T9Z 7K4,MN,Switzerland,June 28th,1998,Common-Law,Lycos,Asset Management,St Louis,NY,1692 Quis Rd,ornare.sagittis.felis@Morbi.org,1-657-224-8346,T9Z 7K4,Solomon Lane,Switzerland,Mr,1-657-224-8346  Solomon,Lane,1-657-224-8346,ornare.sagittis.felis@Morbi.org,1692 Quis Rd.,Bay St. Louis,T9Z 7K4,MN,Switzerland,June 28th,1998,Common-Law,Lycos,Asset Management,St Louis,NY,1692 Quis Rd,ornare.sagittis.felis@Morbi.org,1-657-224-8346,T9Z 7K4,Solomon Lane,Switzerland,Mr,1-657-224-8346  Solomon,Lane,1-657-224-8346,ornare.sagittis.felis@Morbi.org,1692 Quis Rd.,Bay St. Louis,T9Z 7K4,MN,Switzerland,June 28th,1998,Common-Law,Lycos,Asset Management,St Louis,NY,1692 Quis Rd,ornare.sagittis.felis@Morbi.org,1-657-224-8346,T9Z 7K4,Solomon Lane,Switzerland,Mr,1-657-224-8346  Solomon,Lane,1-657-224-8346,ornare.sagittis.felis@Morbi.org,1692 Quis Rd.,Bay St. Louis,T9Z 7K4,MN,Switzerland,June 28th,1998,Common-Law,Lycos,Asset Management,St Louis,NY,1692 Quis Rd,ornare.sagittis.felis@Morbi.org,1-657-224-8346,T9Z 7K4,Solomon Lane,Switzerland,Mr,1-657-224-8346  Solomon,Lane,1-657-224-8346,ornare.sagittis.felis@Morbi.org,1692 Quis Rd.,Bay St. Louis,T9Z 7K4,MN,Switzerland,June 28th,1998,Common-Law,Lycos,Asset Management,St Louis,NY,1692 Quis Rd,ornare.sagittis.felis@Morbi.org,1-657-224-8346,T9Z 7K4,Solomon Lane,Switzerland,Mr,1-657-224-8346  Solomon,Lane,1-657-224-8346,ornare.sagittis.felis@Morbi.org,1692 Quis Rd.,Bay St. Louis,T9Z 7K4,MN,Switzerland,June 28th,1998,Common-Law,Lycos,Asset Management,St Louis,NY,1692 Quis Rd,ornare.sagittis.felis@Morbi.org,1-657-224-8346,T9Z 7K4,Solomon Lane,Switzerland,Mr,1-657-224-8346  Solomon,Lane,1-657-224-8346,ornare.sagittis.felis@Morbi.org,1692 Quis Rd.,Bay St. Louis,T9Z 7K4,MN,Switzerland,June 28th,1998,Common-Law,Lycos,Asset Management,St Louis,NY,1692 Quis Rd,ornare.sagittis.felis@Morbi.org,1-657-224-8346,T9Z 7K4,Solomon Lane,Switzerland,Mr,1-657-224-8346  Solomon,Lane,1-657-224-8346,ornare.sagittis.felis@Morbi.org,1692 Quis Rd.,Bay St. Louis,T9Z 7K4,MN,Switzerland,June 28th,1998,Common-Law,Lycos,Asset Management,St Louis,NY,1692 Quis Rd,ornare.sagittis.felis@Morbi.org,1-657-224-8346,T9Z 7K4,Solomon Lane,Switzerland,Mr,1-657-224-8346  Solomon,Lane,1-657-224-8346,ornare.sagittis.felis@Morbi.org,1692 Quis Rd.,Bay St. Louis,T9Z 7K4,MN,Switzerland,June 28th,1998,Common-Law,Lycos,Asset Management,St Louis,NY,1692 Quis Rd,ornare.sagittis.felis@Morbi.org,1-657-224-8346,T9Z 7K4,Solomon Lane,Switzerland,Mr,1-657-224-8346  Solomon,Lane,1-657-224-8346,ornare.sagittis.felis@Morbi.org,1692 Quis Rd.,Bay St. Louis,T9Z 7K4,MN,Switzerland,June 28th,1998,Common-Law,Lycos,Asset Management,St Louis,NY,1692 Quis Rd,ornare.sagittis.felis@Morbi.org,1-657-224-8346,T9Z 7K4,Solomon Lane,Switzerland,Mr,1-657-224-8346  Solomon,Lane,1-657-224-8346,ornare.sagittis.felis@Morbi.org,1692 Quis Rd.,Bay St. Louis,T9Z 7K4,MN,Switzerland,June 28th,1998,Common-Law,Lycos,Asset Management,St Louis,NY,1692 Quis Rd,ornare.sagittis.felis@Morbi.org,1-657-224-8346,T9Z 7K4,Solomon Lane,Switzerland,Mr,1-657-224-8346  Solomon,Lane,1-657-224-8346,ornare.sagittis.felis@Morbi.org,1692 Quis Rd.,Bay St. Louis,T9Z 7K4,MN,Switzerland,June 28th,1998,Common-Law,Lycos,Asset Management,St Louis,NY,1692 Quis Rd,ornare.sagittis.felis@Morbi.org,1-657-224-8346,T9Z 7K4,Solomon Lane,Switzerland,Mr,1-657-224-8346  Solomon,Lane,1-657-224-8346,ornare.sagittis.felis@Morbi.org,1692 Quis Rd.,Bay St. Louis,T9Z 7K4,MN,Switzerland,June 28th,1998,Common-Law,Lycos,Asset Management,St Louis,NY,1692 Quis Rd,ornare.sagittis.felis@Morbi.org,1-657-224-8346,T9Z 7K4,Solomon Lane,Switzerland,Mr,1-657-224-8346  Solomon,Lane,1-657-224-8346,ornare.sagittis.felis@Morbi.org,1692 Quis Rd.,Bay St. Louis,T9Z 7K4,MN,Switzerland,June 28th,1998,Common-Law,Lycos,Asset Management,St Louis,NY,1692 Quis Rd,ornare.sagittis.felis@Morbi.org,1-657-224-8346,T9Z 7K4,Solomon Lane,Switzerland,Mr,1-657-224-8346  Solomon,Lane,1-657-224-8346,ornare.sagittis.felis@Morbi.org,1692 Quis Rd.,Bay St. Louis,T9Z 7K4,MN,Switzerland,June 28th,1998,Common-Law,Lycos,Asset Management,St Louis,NY,1692 Quis Rd,ornare.sagittis.felis@Morbi.org,1-657-224-8346,T9Z 7K4,Solomon Lane,Switzerland,Mr,1-657-224-8346  Solomon,Lane,1-657-224-8346,ornare.sagittis.felis@Morbi.org,1692 Quis Rd.,Bay St. Louis,T9Z 7K4,MN,Switzerland,June 28th,1998,Common-Law,Lycos,Asset Management,St Louis,NY,1692 Quis Rd,ornare.sagittis.felis@Morbi.org,1-657-224-8346,T9Z 7K4,Solomon Lane,Switzerland,Mr,1-657-224-8346  Solomon,Lane,1-657-224-8346,ornare.sagittis.felis@Morbi.org,1692 Quis Rd.,Bay St. Louis,T9Z 7K4,MN,Switzerland,June 28th,1998,Common-Law,Lycos,Asset Management,St Louis,NY,1692 Quis Rd,ornare.sagittis.felis@Morbi.org,1-657-224-8346,T9Z 7K4,Solomon Lane,Switzerland,Mr,1-657-224-8346  Solomon,Lane,1-657-224-8346,ornare.sagittis.felis@Morbi.org,1692 Quis Rd.,Bay St. Louis,T9Z 7K4,...",Review event copying and access control in non-blocking support,Need to ensure there are no issues..,-1,1,3,1,2026-05-14T20:44:39Z,2026-05-14T21:04:50Z,1210.874,"{""Decision"": -1}"
mule,5,MULE-8597,MULE-8833,set-payload with invalid MIME type returns an ugly error,"When using an invalid MIME type in set-payload the error message is not very clear.    Deploy this app:    {code:xml}  <?xml version=""1.0"" encoding=""UTF-8""?>    <mule xmlns:scripting=""http://www.mulesoft.org/schema/mule/scripting"" xmlns:db=""http://www.mulesoft.org/schema/mule/db""          xmlns:tracking=""http://www.mulesoft.org/schema/mule/ee/tracking""          xmlns:http=""http://www.mulesoft.org/schema/mule/http"" xmlns=""http://www.mulesoft.org/schema/mule/core""          xmlns:doc=""http://www.mulesoft.org/schema/mule/documentation""          xmlns:spring=""http://www.springframework.org/schema/beans"" version=""EE-3.7.0""          xmlns:xsi=""http://www.w3.org/2001/XMLSchema-instance"" xsi:schemaLocation=""http://www.springframework.org/schema/beans http://www.springframework.org/schema/beans/spring-beans-current.xsd  http://www.mulesoft.org/schema/mule/core http://www.mulesoft.org/schema/mule/core/current/mule.xsd  http://www.mulesoft.org/schema/mule/http http://www.mulesoft.org/schema/mule/http/current/mule-http.xsd  http://www.mulesoft.org/schema/mule/ee/tracking http://www.mulesoft.org/schema/mule/ee/tracking/current/mule-tracking-ee.xsd  http://www.mulesoft.org/schema/mule/db http://www.mulesoft.org/schema/mule/db/current/mule-db.xsd  http://www.mulesoft.org/schema/mule/scripting http://www.mulesoft.org/schema/mule/scripting/current/mule-scripting.xsd"">      <http:listener-config name=""HTTP_Listener_Configuration"" host=""0.0.0.0"" port=""8081"" doc:name=""HTTP Listener Configuration""/>      <http:request-config name=""HTTP_Request_Configuration3"" host=""localhost"" port=""8082"" doc:name=""HTTP Request Configuration""/>      <flow name=""nonblockingFlow"" processingStrategy=""non-blocking"">          <http:listener config-ref=""HTTP_Listener_Configuration"" path=""/"" doc:name=""HTTP"" allowedMethods=""GET""/>          <set-payload value=""Response OK"" encoding=""asdfsadf"" returnClass=""pepe"" name=""my-set-payload"" mimeType=""mimeTypeFake"" ignoreBadInput=""false""/>      </flow>  </mule>  {code}    Request:  ~  curl http://localhost:8081/  javax.activation.MimeTypeParseException: Unable to find a sub type. (org.mule.api.MuleRuntimeException). Message payload is of type: BufferInputStream%    App log:    org.mule.execution.ExceptionToMessagingExceptionExecutionInterceptor:32 (http://www.mulesoft.org/docs/site/current3/apidocs/org/mule/api/MessagingException.html)  --------------------------------------------------------------------------------  Root Exception stack trace:  javax.activation.MimeTypeParseException: Unable to find a sub type.    javax.activation.MimeType.parse(MimeType.java:102)    javax.activation.MimeType.<init>(MimeType.java:63)    org.mule.transformer.types.SimpleDataType.<init>(SimpleDataType.java:40)      + 3 more (set debug level logging or '-Dmule.verbose.exceptions=true' for everything)  ********************************************************************************",Require jdk8,Make jdk8 required and set the compilation level to 1.8,1,1,3,1,2026-05-14T20:44:39Z,2026-05-14T21:04:50Z,1211.27,"{""Decision"": 1}"
mule,5,MULE-8680,MULE-8574,Allow TLS context to be shared in a domain,"It'd be good to be able to share a TLS context so that several shared listener configs can use the same one. Another benefit is that all that data (including passwords) will only need to be visible at the domain level, so app developers could use the certs without having access to the perhaps critical data.",DataType does not validates encoding,"When setting the encoding in payload, transformers, properties and variables with an incorrect value it is not validated. In the other hand the mimeType throws an exception. I think that the encoding should have the same behaviour.  When you set the property ""ContentType""  it let you use any value in both mimeType and encoding. But maybe in the content type situation is the desired behaviour.   Steps to reproduce (see attached app):  Set Payload: 1) Send HTTP request to http://localhost:8081/encoding_not_throw_exception : There the first set payload set the encoding with an invalid value but as then there is another set payload that set the encoding to a valid encoding there is not exception.  2)  Send HTTP request to  http://localhost:8081/encoding_throw_exception :  Here the Set  Payload set an invalid encoding value and it throws ""java.io.UnsupportedEncodingException"".  Properties: 1) Send HTTP request to http://localhost:8081/encoding_not_throw_exception_in_properties :  2) Set property sets the encoding with a wrong value. In the check in the Outbound Property log:    OUTBOUND scoped properties:     pepe=2     pepe-DataType=SimpleDataType{type=java.lang.Integer, mimeType='text/plain', encoding='qwd'}",1,1,8,5,2026-05-14T20:44:39Z,2026-05-14T21:04:51Z,1212.404,"{""Decision"": 1}"
mule,5,MULE-8606,MULE-8677,Can't use redelivery policy,"If an idempotent-redelivery-policy is defined for an inbound-endpoint, the execution of the flow will halt after the following message: org.mule.processor.IdempotentRedeliveryPolicy: The message cannot be processed because the digest could not be generated. Either make the payload serializable or use an expression.",HTTP requestor should ignore 'Transfer-Encoding' property as it is a hop-by-hop header,"Transfer-Encoding is a hop-by-hop header and therefore shouldn't really be used by HTTP requestor if there is a ""transfer-encoding"" property present in the outbound property scope to determine request streaming behaviour.  Generally current behaviour is fine, but there is one case that is currently incorrect IMO.    * We shouldn't stream a String payload when the ""transfer-encoding"" outbound message property is present.    Also:  * Aso, While I think it is probably correct that a String payload should be streamed when a ""transfer-encoding"" header is configured and streaming mode is 'AUTO'. This is not the way the user should be enabling streaming and I suggest we log an INFO message whenever a transfer-encoding header is set suggesting the user uses the responseStreamingMode attribute instead.  * There are currently no tests covering the case when these headers are configured using a <request-builder>, we should add these.    *AUTO Behaviour appears to be inconsistent with HTTP listener because the presence of both transfer-encoding/content-length headers results in no streaming with requestor, but streaming with listener*    Failing test that show this can be found in this branch: https://github.com/mulesoft/mule/compare/MULE-8676",-1,-1,1,8,2026-05-14T20:44:39Z,2026-05-14T21:04:52Z,1213.032,"{""Decision"": -1}"
mule,5,MULE-9257,MULE-8600,Test client credentials token request authentication,"Since MULE-9204 is done, we need to test that this actually works for the APIs  mentioned.   || OAuth Server || Using Basic Auth || Encode In Body || |Paypal API| SUCCESS | N/A | |Twitter API| SUCCESS | N/A | |Facebook API| N/A | SUCCESS | |Spotify API| SUCCESS | SUCCESS | |OAuth Provider| SUCCESS | SUCCESS |  It was also tested the case when a token expires and then the need to obtain a new one using the Spotify api.",Setting wrong encoding causes flow execution to hang,"Deploy the below config and run this:    curl -m 10 http://localhost:8081/  curl: (28) Operation timed out after 10004 milliseconds with 0 bytes received    It logs an error as soon as I send the request but then I only receive the curl timeout without Mule doing anything.    When I remove encoding=""asdfsadf"" ti returns 200 immediately.",-1,-1,5,8,2026-05-14T20:44:39Z,2026-05-14T21:04:53Z,1214.036,"{""Decision"": -1}"
mule,5,MULE-8584,MULE-9285,Upgrade grizzly to 2.3.20,This is necessary to upgrade AHC.,Refactor ExpressionLanage and AbstractMessageTransformer to operate on MuleEvent,Refactor MEL to operate on MuleEvent and update event.message when message is mutated.,-1,-1,1,8,2026-05-14T20:44:39Z,2026-05-14T21:04:53Z,1214.177,"{""Decision"": -1}"
mule,5,MULE-8958,MULE-9035,Allow insecure HTTPS connections,"It is now impossible to disable all certificate validations in HTTPS, which would be useful for QA and early development scenarios. Though -Dcom.ning.http.client.AsyncHttpClientConfig.acceptAnyCertificate=true is intended for this, we are always adding our own default TlsContext when the protocol is HTTPS and thus bypassing that AHC logic.",Add extensions parent pom to script for deploying to maven central repo,"Currently buildtools/scripts/DeployArtifacts.groovy doesn't deploy org.mule.extensions:mule-extensions, we need it because is the parent for all modules created by extensions-api",1,1,8,5,2026-05-14T20:44:39Z,2026-05-14T21:04:53Z,1214.242,"{""Decision"": 1}"
mule,5,MULE-8708,MULE-8687,Validations doesn't support concurrency.,Hitting a validations app with more than one thread causes an exception saying that no config-ref was set and there are N configurations.,Passing a JaxB annotated pojo to the HTTP listener response is throwing a transformer error,Using the Workday connector and sending a POJO with results to the HTTP listener is throwing the copied transformer error. There is a simple app attached to reproduce it.,1,1,3,1,2026-05-14T20:44:39Z,2026-05-14T21:04:54Z,1215.062,"{""Decision"": 1}"
mule,5,MULE-8678,MULE-8806,HTTP Requestor should not use Host property.,"If I have configured requestor to hit google.com, i should then not be able to set a host message property or host header (on request builder) that conflicts with google.com. Currently if i hit google.com and i have <set-property propertyName=""Host"" value=""pirulo""/> in my flow then google with receive ""Host: pirulo"".    If the host configured is an ip address then thats different, need to decide if requestor should take ""Host"" value from message properties or only from response-builder (or neither) in that case.",New HTTP Listener not working with some kind of attachments,Using SoapUI to call a CXF WS with an attachment I discover that HTTP module was crashing. See attachment.    Workaround was to use deprecated http endpoint.,1,1,5,1,2026-05-14T20:44:39Z,2026-05-14T21:04:55Z,1215.971,"{""Decision"": 1}"
mule,5,MULE-8548,MULE-9170,Upgrade Spring security to 4.0.1.RELEASE,Spring dependencies were updated to 4.1.6 and keeping Spring security in 3.1.0 is an important risk.,Implement a testing tool to check misusages of lifecycles,Allow a build to be run with a profile that fails tests when any of the following happen:    * lifecycle method is called more than once for a given object.  * dispose/stop method called without matching initialise/start having been called (if defined). Check for any possible combination scenarios.    Run the test suite with this tool enabled and verify any test failures caused by it. File a bug for each component that has a failure.    Provide this functionality to other teams do they can validate themselves the proper lifecycle usage of their defined objects.,-1,-1,5,8,2026-05-14T20:44:39Z,2026-05-14T21:04:55Z,1216.04,"{""Decision"": -1}"
mule,5,MULE-8579,MULE-8735,Datatype cannot be configured when adding properties using message-property-transformer,You can't set the datatype to the properties in the Message Properties transfomer,MuleMessage is going to registry for every transformation when extended transformations are used.,Now there is no longer a transient registry it is critical that we don't lookup objects in the registry in runtime per-message.  Not doing so will cause an performance impact and also thread contention at higher concurrencies.    org.mule.DefaultMuleMessage#applyAllTransformers  org.mule.DefaultMuleContext#getDataTypeConverterResolver,-1,1,3,1,2026-05-14T20:44:39Z,2026-05-14T21:04:55Z,1216.266,"{""Decision"": -1}"
mule,5,MULE-8510,MULE-8505,Setting a NullPayload in a property must behave as setting null,"Mule uses NullPayload to represent a null value in a MuleMessage's payload.  When a message has NullPayload and a property is set using an expression like #[payload], then the property will contain NullPayload.  This situation requires that checking a property requires to consider NullPayload value as a separate case other than null and not null.",XSD Generator creates wrong attribute types for numeric parameters,"h2. Size validator has int parameters for min and max values but the generated XSD creates attributes with Long data type.    {code:xml}   <xs:complexType name=""ValidateSizeType"">      <xs:complexContent>        <xs:extension xmlns:mule=""http://www.mulesoft.org/schema/mule/core"" base=""mule:abstractMessageProcessorType"">          <xs:attribute type=""mule:substitutableName"" use=""required"" name=""config-ref"">            <xs:annotation>              <xs:documentation>Specify which configuration to use for this invocation.</xs:documentation>            </xs:annotation>          </xs:attribute>          <xs:attribute type=""mule:expressionObject"" use=""required"" name=""value""></xs:attribute>          <xs:attribute type=""mule:expressionLong"" use=""optional"" name=""min""></xs:attribute>          <xs:attribute type=""mule:expressionLong"" use=""optional"" name=""max""></xs:attribute>          <xs:attribute type=""mule:expressionString"" use=""optional"" name=""message""></xs:attribute>          <xs:attribute type=""mule:expressionString"" use=""optional"" name=""exceptionClass""></xs:attribute>        </xs:extension>      </xs:complexContent>    </xs:complexType>  {code}    {code}  /**       * Validates that {@code value} has a size between certain inclusive boundaries. This       * validator is capable of handling instances of {@link String}, {@link Collection},       * {@link Map} and arrays       *       * @param value   the value to validate       * @param min     the minimum expected length (inclusive, defaults to zero)       * @param max     the maximum expected length (inclusive). Leave unspecified or {@code null} to allow any max length       * @param options the {@link ValidationOptions}       * @param event   the current {@link MuleEvent       */      @Operation      public void validateSize(Object value,                               @Optional(defaultValue = ""0"") int min,                               @Optional Integer max,                               @ParameterGroup ValidationOptions options,                               MuleEvent event) throws Exception      {          ValidationContext context = createContext(options, event);          validateWith(new SizeValidator(value, min, max, context), context, event);      }  {code}    h2. expressionObject is generated for java.lang.Long parameters in isLong validator  {code:xml}    <xs:element xmlns=""http://www.mulesoft.org/schema/mule/validation"" type=""IsLongType"" substitutionGroup=""validator-message-processor"" name=""is-long""></xs:element>    <xs:complexType name=""IsLongType"">      <xs:complexContent>        <xs:extension xmlns:mule=""http://www.mulesoft.org/schema/mule/core"" base=""mule:abstractMessageProcessorType"">          <xs:attribute type=""mule:substitutableName"" use=""required"" name=""config-ref"">            <xs:annotation>              <xs:documentation>Specify which configuration to use for this invocation.</xs:documentation>            </xs:annotation>          </xs:attribute>          <xs:attribute type=""mule:expressionString"" use=""optional"" name=""pattern""></xs:attribute>          <xs:attribute type=""mule:expressionString"" use=""required"" name=""value""></xs:attribute>          <xs:attribute type=""mule:expressionString"" use=""optional"" name=""locale""></xs:attribute>          <xs:attribute type=""mule:expressionObject"" use=""optional"" name=""minValue""></xs:attribute>          <xs:attribute type=""mule:expressionObject"" use=""optional"" name=""maxValue""></xs:attribute>          <xs:attribute type=""mule:expressionString"" use=""optional"" name=""exceptionClass""></xs:attribute>          <xs:attribute type=""mule:expressionString"" use=""optional"" name=""message""></xs:attribute>        </xs:extension>      </xs:complexContent>    </xs:complexType>  {code}",-1,-1,2,3,2026-05-14T20:44:39Z,2026-05-14T21:04:55Z,1216.305,"{""Decision"": -1}"
mule,5,MULE-8569,MULE-8583,Applications and corresponding domains should share the same OptionalObjectController,"OptionalObjectsController is used to track objects registered through registry-bootstrap.properties which are optional.    When an application belongs to a domain, that instance should be shared between the app and the domain.",Upgrade async-http-client to 1.9.21,This version includes several fixes but depends on also upgrading Grizzly.,1,1,5,3,2026-05-14T20:44:39Z,2026-05-14T21:04:56Z,1216.492,"{""Decision"": 1}"
mule,5,MULE-8817,MULE-8786,Upgrade to Spring 4.2.x,"We are in 4.1.6, wouldn't require a big effort.  Consider upgrading Spring security too.","WSC with basic auth wraps ""error""s HTTP status code by throwing exceptions with timeouts","When using WSC in conjunction with HTTP Basic Authentication (through HttpRequesterConfig) when bad credentials are used in the basic auth, the output I see is a timeout [1] rather than an exception caused by a 401 or 403 status code error.    To reproduce so, I'm attaching a small SOAP server (demo-soap-server.zip) and a mule app to try it out [2]. The endpoint I'm hitting is http://localhost:9000/acme-crm/orders?wsdl where the valid credentials are  user: admin  pass: admin.    In the mule app there are two flows to be executed   * (a) http://localhost:8081/goodCredentials where once it's hit you will see something like the following in a browser  {code:xml}<ns2:CreateResponse><return>0</return></ns2:CreateResponse>{code}  * and (b) http://localhost:8081/badCredentials where once it's hit you will wait for the default timeout of the WSC to be consumed, seeing at the end the stack trace in the mule app [1].    The issue here is that, despite the app will fail because of bad credentials, the developer should be warn that the error was an unauthorized rather than timed-outed.          [1] Mule app stack after hitting http://localhost:8081/badCredentials  {code:java|title=log of the mule application}  WARN  2015-07-16 17:54:43,634 [[wsc_wrong_cred].HTTP_Listener_Configuration.worker.01] org.apache.cxf.endpoint.ClientImpl: Timed out waiting for response to operation {http://support.cxf.module.mule.org/}invoke.  ERROR 2015-07-16 17:54:43,647 [[wsc_wrong_cred].HTTP_Listener_Configuration.worker.01] org.mule.exception.DefaultMessagingExceptionStrategy:   ********************************************************************************  Message               : Timed out waiting for response to operation {http://support.cxf.module.mule.org/}invoke.. Failed to route event via endpoint: org.mule.module.cxf.CxfOutboundMessageProcessor. Message payload is of type: PushbackInputStream  Type                  : org.mule.api.transport.DispatchException  Code                  : MULE_ERROR--2  JavaDoc               : http://www.mulesoft.org/docs/site/current3/apidocs/org/mule/api/transport/DispatchException.html  Payload               : java.io.PushbackInputStream@2ef70222  ********************************************************************************  Exception stack is:  1. Timed out waiting for response to operation {http://support.cxf.module.mule.org/}invoke. (java.io.IOException)    org.apache.cxf.endpoint.ClientImpl:740 (null)  2. Timed out waiting for response to operation {http://support.cxf.module.mule.org/}invoke.. Failed to route event via endpoint: org.mule.module.cxf.CxfOutboundMessageProcessor. Message payload is of type: PushbackInputStream (org.mule.api.transport.DispatchException)    org.mule.module.cxf.CxfOutboundMessageProcessor:163 (http://www.mulesoft.org/docs/site/current3/apidocs/org/mule/api/transport/DispatchException.html)  ********************************************************************************  Root Exception stack trace:  java.io.IOException: Timed out waiting for response to operation {http://support.cxf.module.mule.org/}invoke.    org.apache.cxf.endpoint.ClientImpl.waitResponse(ClientImpl.java:740)    org.apache.cxf.endpoint.ClientImpl.processResult(ClientImpl.java:661)    org.apache.cxf.endpoint.ClientImpl.doInvoke(ClientImpl.java:581)    org.apache.cxf.endpoint.ClientImpl.invoke(ClientImpl.java:481)    org.mule.module.cxf.CxfOutboundMessageProcessor.doSendWithClient(CxfOutboundMessageProcessor.java:281)    org.mule.module.cxf.CxfOutboundMessageProcessor.process(CxfOutboundMessageProcessor.java:128)    org.mule.execution.ExceptionToMessagingExceptionExecutionInterceptor.execute(ExceptionToMessagingExceptionExecutionInterceptor.java:24)    org.mule.execution.MessageProcessorNotificationExecutionInterceptor.execute(MessageProcessorNotificationExecutionInterceptor.java:107)    org.mule.execution.MessageProcessorExecutionTemplate.execute(MessageProcessorExecutionTemplate.java:44)    org.mule.processor.BlockingProcessorExecutor.executeNext(BlockingProcessorExecutor.java:94)    org.mule.processor.BlockingProcessorExecutor.execute(BlockingProcessorExecutor.java:56)    org.mule.processor.AbstractRequestResponseMessageProcessor.processBlocking(AbstractRequestResponseMessageProcessor.java:56)    org.mule.processor.AbstractRequestResponseMessageProcessor.process(AbstractRequestResponseMessageProcessor.java:47)    org.mule.execution.ExceptionToMessagingExceptionExecutionInterceptor.execute(ExceptionToMessagingExceptionExecutionInterceptor.java:24)    org.mule.execution.MessageProcessorNotificationExecutionInterceptor.execute(MessageProcessorNotificationExecutionInterceptor.java:107)    org.mule.execution.MessageProcessorExecutionTemplate.execute(MessageProcessorExecutionTemplate.java:44)    org.mule.processor.BlockingProcessorExecutor.executeNext(BlockingProcessorExecutor.java:94)    org.mule.processor.BlockingProcessorExecutor.execute(BlockingProcessorExecutor.java:56)    org.mule.module.ws.consumer.WSConsumer$1.processNext(WSConsumer.java:183)    org.mule.processor.AbstractRequestResponseMessageProcessor.processBlocking(AbstractRequestResponseMessageProcessor.java:56)    org.mule.processor.AbstractRequestResponseMessageProcessor.process(AbstractRequestResponseMessageProcessor.java:47)    org.mule.execution.ExceptionToMessagingExceptionExecutionInterceptor.execute(ExceptionToMessagingExceptionExecutionInterceptor.java:24)    org.mule.execution.MessageProcessorNotificationExecutionInterceptor.execute(MessageProcessorNotificationExecutionInterceptor.java:107)    org.mule.execution.MessageProcessorExecutionTemplate.execute(MessageProcessorExecutionTemplate.java:44)    org.mule.processor.BlockingProcessorExecutor.executeNext(BlockingProcessorExecutor.java:85)    org.mule.processor.BlockingProcessorExecutor.execute(BlockingProcessorExecutor.java:56)    org.mule.execution.ExceptionToMessagingExceptionExecutionInterceptor.execute(ExceptionToMessagingExceptionExecutionInterceptor.java:24)    org.mule.execution.MessageProcessorNotificationExecutionInterceptor.execute(MessageProcessorNotificationExecutionInterceptor.java:107)    org.mule.execution.MessageProcessorExecutionTemplate.execute(MessageProcessorExecutionTemplate.java:44)    org.mule.module.ws.consumer.WSConsumer.process(WSConsumer.java:107)    org.mule.execution.ExceptionToMessagingExceptionExecutionInterceptor.execute(ExceptionToMessagingExceptionExecutionInterceptor.java:24)    org.mule.execution.MessageProcessorNotificationExecutionInterceptor.execute(MessageProcessorNotificationExecutionInterceptor.java:107)    org.mule.execution.MessageProcessorExecutionTemplate.execute(MessageProcessorExecutionTemplate.java:44)    org.mule.processor.BlockingProcessorExecutor.executeNext(BlockingProcessorExecutor.java:85)    org.mule.processor.BlockingProcessorExecutor.execute(BlockingProcessorExecutor.java:56)    org.mule.execution.ExceptionToMessagingExceptionExecutionInterceptor.execute(ExceptionToMessagingExceptionExecutionInterceptor.java:24)    org.mule.execution.MessageProcessorExecutionTemplate.execute(MessageProcessorExecutionTemplate.java:44)    org.mule.processor.BlockingProcessorExecutor.executeNext(BlockingProcessorExecutor.java:94)    org.mule.processor.BlockingProcessorExecutor.execute(BlockingProcessorExecutor.java:56)    org.mule.processor.AsyncInterceptingMessageProcessor.process(AsyncInterceptingMessageProcessor.java:102)    org.mule.execution.ExceptionToMessagingExceptionExecutionInterceptor.execute(ExceptionToMessagingExceptionExecutionInterceptor.java:24)    org.mule.execution.MessageProcessorNotificationExecutionInterceptor.execute(MessageProcessorNotificationExecutionInterceptor.java:107)    org.mule.execution.MessageProcessorExecutionTemplate.execute(MessageProcessorExecutionTemplate.java:44)    org.mule.processor.BlockingProcessorExecutor.executeNext(BlockingProcessorExecutor.java:94)    org.mule.processor.BlockingProcess...  ********************************************************************************  {code}    [2] Mule application to try it out  {code:xml|title=mule app.xml}<?xml version=""1.0"" encoding=""UTF-8""?>    <mule xmlns:dw=""http://www.mulesoft.org/schema/mule/ee/dw"" xmlns:ws=""http://www.mulesoft.org/schema/mule/ws"" xmlns:http=""http://www.mulesoft.org/schema/mule/http"" xmlns=""http://www.mulesoft.org/schema/mule/core"" xmlns:doc=""http://www.mulesoft.org/schema/mule/documentation""  	xmlns:spring=""http://www.springframework.org/schema/beans"" version=""EE-3.7.0""  	xmlns:xsi=""http://www.w3.org/2001/XMLSchema-instance""  	xsi:schemaLocation=""http://www.springframework.org/schema/beans http://www.springframework.org/schema/beans/spring-beans-current.xsd  http://www.mulesoft.org/schema/mule/core http://www.mulesoft.org/schema/mule/core/current/mule.xsd  http://www.mulesoft.org/schema/mule/ws http://www.mulesoft.org/schema/mule/ws/current/mule-ws.xsd  http://www.mulesoft.org/schema/mule/http http://www.mulesoft.org/schema/mule/http/current/mule-http.xsd  http://www.mulesoft.org/schema/mule/ee/dw http://www.mulesoft.org/schema/mule/ee/dw/current/dw.xsd"">      <http:listener-config name=""HTTP_Listener_Configuration"" host=""0.0.0.0"" port=""8081"" doc:name=""HTTP Listener Configuration""/>            <http:request-config name=""HTTP_Request_Configuration_GOOD_CREDS"" doc:name=""HTTP Request Configuration"">          <http:basic-authentication username=""admin"" password=""admin""/>      </http:request-config>      <http:request-config name=""HTTP_Request_Configuration_BAD_CREDS"" doc:name=""HTTP Request Configuration"">          <http:basic-authentication username=""admin"" password=""admin___AAAAAAAAAAAAAAAAAAAAAAA""/>      </http:request-config>            <ws:consumer-config name=""Web_Service_Consumer_BAD_CREDS"" wsdlLocation=""http://localhost:9000/acme-crm/orders?wsdl"" service=""OrderManagementService"" port=""OrderManagementPort"" serviceAddress=""http://localhost:9000/acme-crm/orders"" connectorConfig=""HTTP_Request_Configuration_BAD_CREDS"" doc:name=""Web Service Consumer""/>      <ws:consumer-config name=""Web_Service_Consumer_GOOD_CREDS"" wsdlLocation=""http://localhost:9000/acme-crm/orders?wsdl"" service=""OrderManagementService"" port=""OrderManagementPort"" serviceAddress=""http://localhost:9000/acme-crm/orders"" connectorConfig=""HTTP_Request_Configuration_GOOD_CREDS"" doc:name=""Web Service Consumer""/>                  <flow name=""wsc_wrong_credFlow"">          <http:listener config-ref=""HTTP_Listener_Configuration"" path=""/badCredentials"" doc:name=""badCredentials""/>          <dw:transform-message doc:name=""Transform Message"">              <dw:set-payload><![CDATA[%dw 1.0  %output application/xml  %namespace ns0 http://server.connect.mulesoft.org/  ---  {  	ns0#Create: {  		order: {  			client: ""failureCreatingOrder"",  			clientId: 1,  			description: ""someDesc"",  			id: 1,  			items: {  				sko: 1  			},  			shippingDate: |2003-10-01T23:57:59Z|  		}  	}  }]]></dw:set-payload>          </dw:transform-message>          <ws:consumer config-ref=""Web_Service_Consumer_BAD_CREDS"" operation=""Create"" doc:name=""Web Service Consumer""/>      </flow>      <flow name=""wsc_wrong_credFlow1"">          <http:listener config-ref=""HTTP_Listener_Configuration"" path=""/goodCredentials"" doc:name=""/goodCredentials""/>          <dw:transform-message doc:name=""Transform Message"">              <dw:set-payload><![CDATA[%dw 1.0  %output application/xml  %namespace ns0 http://server.connect.mulesoft.org/  ---  {  	ns0#Create: {  		order: {  			client: ""successCreatingOrder"",  			clientId: 1,  			description: ""description"",  			id: 1,  			items: {  				sko: 1  			},  			shippingDate: |2003-10-01T23:57:59Z|  		}  	}  }]]></dw:set-payload>          </dw:transform-message>          <ws:consumer config-ref=""Web_Service_Consumer_GOOD_CREDS"" operation=""Create"" doc:name=""Web Service Consumer""/>      </flow>  </mule>  {code}",-1,-1,1,8,2026-05-14T20:44:39Z,2026-05-14T21:04:57Z,1217.623,"{""Decision"": -1}"
mule,5,MULE-9149,MULE-8564,Upgrade antlr to 3.5,We need to upgrade this dependency to match the one in mule-common and avoid conflicts. The affected modules would be drools and jBPM.,Fix jffi version,"The JRuby pom doesn't specify a version for jffi, so Maven picks the last one available. As a result, each time a new version of jffi is released, the build breaks because the whitelist validation fails.    Fix in 1.2.9 which is the latest available at this moment",1,1,3,1,2026-05-14T20:44:39Z,2026-05-14T21:04:57Z,1218.135,"{""Decision"": 1}"
mule,5,MULE-8822,MULE-8598,OAuth2 Refresh token logic fails after restart for preexistent connection,"This issue is related to the problem encountered in JIRA MULE-8277.    After restarting an application that uses the Box Connector, the first time a box request is made with a preexisting Box connection, that has an expired access token in its OAuthState, a refresh token process is triggered that does not attempt to save the refresh and access token obtained from box in the connector's ObjectStore.    The Box connector postAuthorize method invokes one of the connector's processors in order to retrieve the id of the user after the OAuth2 dance for identification purposes. That request within the postAuthorize triggers the first refresh token process for the connector on its first use after restart.    The way to reproduce the issue would be:  - Run a mule application on mule 3.6.2 with the Box Connector and a persistent Objectstore for it  - Do the OAuth dance with a Box user using the authorize MessageProcessor.  - Wait until the Box access token expires or modify it in the OAuthState saved in the Objectstore to make it invalid  - Restart the mule application and attempt to run a Box MessageProcessor like <box:get-user /> twice. (The first attempt should refresh but not save and the second should fail to refresh)",Deployment should fail when using Invalid MIME type,"When deploying the below config deployment should fail because MIME type does not exists. Now is failing in runtime when executing the flow    {code:xml}  <?xml version=""1.0"" encoding=""UTF-8""?>    <mule xmlns:scripting=""http://www.mulesoft.org/schema/mule/scripting"" xmlns:db=""http://www.mulesoft.org/schema/mule/db""          xmlns:tracking=""http://www.mulesoft.org/schema/mule/ee/tracking""          xmlns:http=""http://www.mulesoft.org/schema/mule/http"" xmlns=""http://www.mulesoft.org/schema/mule/core""          xmlns:doc=""http://www.mulesoft.org/schema/mule/documentation""          xmlns:spring=""http://www.springframework.org/schema/beans"" version=""EE-3.7.0""          xmlns:xsi=""http://www.w3.org/2001/XMLSchema-instance"" xsi:schemaLocation=""http://www.springframework.org/schema/beans http://www.springframework.org/schema/beans/spring-beans-current.xsd  http://www.mulesoft.org/schema/mule/core http://www.mulesoft.org/schema/mule/core/current/mule.xsd  http://www.mulesoft.org/schema/mule/http http://www.mulesoft.org/schema/mule/http/current/mule-http.xsd  http://www.mulesoft.org/schema/mule/ee/tracking http://www.mulesoft.org/schema/mule/ee/tracking/current/mule-tracking-ee.xsd  http://www.mulesoft.org/schema/mule/db http://www.mulesoft.org/schema/mule/db/current/mule-db.xsd  http://www.mulesoft.org/schema/mule/scripting http://www.mulesoft.org/schema/mule/scripting/current/mule-scripting.xsd"">      <http:listener-config name=""HTTP_Listener_Configuration"" host=""0.0.0.0"" port=""8081"" doc:name=""HTTP Listener Configuration""/>      <http:request-config name=""HTTP_Request_Configuration3"" host=""localhost"" port=""8082"" doc:name=""HTTP Request Configuration""/>      <flow name=""nonblockingFlow"" processingStrategy=""non-blocking"">          <http:listener config-ref=""HTTP_Listener_Configuration"" path=""/"" doc:name=""HTTP"" allowedMethods=""GET""/>          <set-payload value=""Response OK"" encoding=""asdfsadf"" returnClass=""pepe"" name=""my-set-payload"" mimeType=""mimeTypeFake/fake"" ignoreBadInput=""false""/>      </flow>  </mule>  {code}",1,1,5,3,2026-05-14T20:44:39Z,2026-05-14T21:04:57Z,1218.254,"{""Decision"": 1}"
mule,5,MULE-8604,MULE-8576,Incorrect error processing on Jetty transport,"Jetty transport is not properly managing error conditions that occur when a MuleMessage fails to be created for the current request.  For example, if a request contains an invalid mimeType, it won't be possible to create a DefaultMuleMessage from it, an exception will be thrown to signal the error, but the returned response will be a 200 instead of 500. (NOTE: the problem exists only when there is no MuleMessage, once it has been created, then it works as expected)",Inbound properties copied to outbound properties not maintain their datatypes,"When the Inbound properties are copied to outbound properties they should maintain their datatypes. Right now they are setted to the default message type (Encoding = null, MimeType = \*/\*).    1) Send HTTP request to http://localhost:8081/copy_property .    2) In the first log you can check that the outbound property ""inboundProp"" has mimeType=""text/xml"" encoding=""UTF-8"" before the VM connector.     3) After the VM connector the inboundProperty ""inboundProp"" is copied from the inboundProperties to outboundProperties with ""<copy-properties propertyName=""inboundProp"" doc:name=""Copy Property""/>"".  Then you can check in the second logger that the Datatype of the ""inboundProp"" is set with encoding = null, mimeType = */*",-1,-1,2,3,2026-05-14T20:44:39Z,2026-05-14T21:04:58Z,1219.157,"{""Decision"": -1}"
mule,5,MULE-9078,MULE-8696,Add missing model validators,"The following ModelValidators are missing and should be added:    * Validate that all configuration models can be used with all operation models. This comes to the fact that an operation can require a connection type for which the available connection providers might be incompatible with certain configs (Moved to MULE-9214)  * Validate that no parameters, configs nor operations are named as any of the following reserved words: name, config, configRef, connection.  * Validate clashes on @ParameterGroup fields  * Move some validations currently in ImmutableParameterGroup to validators  * Validate that all connection providers have different names. Hint the user into using the @Alias annotation to customize the provider's names.",PROCESS_COMPLETE pipeline notification not sent when strategy is NB and the last component in the flow is not NB,"Having a flow using non-blocking processing strategy where the last component is not non-blocking prevents PROCESS_COMPLETE Pipeline Notification to be fired.    Steps:  1) Call the listener in the attached app  2) Check pipeline notifications    Expected:  - PROCESS_START, PROCESS_END and PROCESS_COMPLETE are fired  Actual:  - Only PROCESS_START and PROCESS_END are fired",1,1,5,1,2026-05-14T20:44:39Z,2026-05-14T21:04:59Z,1219.466,"{""Decision"": 1}"
mule,5,MULE-8827,MULE-9149,Tests for HTTP connector in HttpSecurityFilterFunctionalTestCase depend on tests executed one the HTTP transport,org.mule.module.cxf.HttpSecurityFilterFunctionalTestCase is executed on flows using HTTP transport and HTTP connector.  All test pass under the current configuration as the HTTP transport tests are executed before the HTTP connector's.   Running the connector test only or switching the order breaks the following tests:  * testAuthenticationAuthorisedGetHttps  * testAuthenticationAuthorisedPostHttps  * testAuthenticationFailureBadCredentialsGetHttps  * testAuthenticationFailureBadCredentialsPostHttps,Upgrade antlr to 3.5,We need to upgrade this dependency to match the one in mule-common and avoid conflicts. The affected modules would be drools and jBPM.,1,1,5,3,2026-05-14T20:44:39Z,2026-05-14T21:04:59Z,1220.259,"{""Decision"": 1}"
mule,5,MULE-8544,MULE-8548,Core schema for 3.6 is not defined and rubbish at the end of line,https://github.com/mulesoft/mule/blob/mule-3.x/modules/spring-config/src/main/resources/META-INF/spring.schemas#L11    And remove rubbish bracket at end of line.,Upgrade Spring security to 4.0.1.RELEASE,Spring dependencies were updated to 4.1.6 and keeping Spring security in 3.1.0 is an important risk.,-1,-1,1,5,2026-05-14T20:44:39Z,2026-05-14T21:05:00Z,1220.69,"{""Decision"": -1}"
mule,5,MULE-8531,MULE-9153,Fix validation module issues,Fix linked issues of the validations module,Add support for interfaces as parameters of an @Operation,"When using interfaces as parameters of an operation, it fails to generate the Extension module giving a missleading wrong error message.    Whe should add the support to have interfaces as parameters.  {code:java}  //Pojo code    public class SimplePojo  {      @Parameter      private String someField;        public String getSomeField()      {          return someField;      }        public void setSomeField(String someField)      {          this.someField = someField;      }  }    //Interface code  public interface MyInterface  {      String getSomeMessage(String orignal);  }    //@Operations code  public class ExtensionOperations {  	@Operation  	public SimplePojo pojoOperation(SimplePojo pojo) {  		return pojo;  	}    	@Operation  	public void interfaceOperation(MyInterface callback){    	}  }  {code}  Current error log:  {code}  org.mule.extension.api.exception.IllegalModelDefinitionException: Extension 'first' defines a operation of name 'operation' which contains a parameter of complex type 'class org.mule.module.extension.firstextension.SimplePojo'. However, operation of name 'interfaceOperation' defines a parameter of the same name but type 'org.mule.module.extension.firstextension.MyInterface'. Complex parameter of different types cannot have the same name.      org.mule.module.extension.internal.introspection.validation.NameClashModelValidator$ValidationDelegate.lambda$validateTopLevelParameters$37(NameClashModelValidator.java:137)    org.mule.module.extension.internal.introspection.validation.NameClashModelValidator$ValidationDelegate$$Lambda$26/490407158.accept(Unknown Source)    java.util.stream.ForEachOps$ForEachOp$OfRef.accept(ForEachOps.java:184)    java.util.stream.ReferencePipeline$2$1.accept(ReferencePipeline.java:175)    java.util.Iterator.forEachRemaining(Iterator.java:116)    java.util.Spliterators$IteratorSpliterator.forEachRemaining(Spliterators.java:1801)    java.util.stream.AbstractPipeline.copyInto(AbstractPipeline.java:512)    java.util.stream.AbstractPipeline.wrapAndCopyInto(AbstractPipeline.java:502)    java.util.stream.ForEachOps$ForEachOp.evaluateSequential(ForEachOps.java:151)    java.util.stream.ForEachOps$ForEachOp$OfRef.evaluateSequential(ForEachOps.java:174)    java.util.stream.AbstractPipeline.evaluate(AbstractPipeline.java:234)    java.util.stream.ReferencePipeline.forEach(ReferencePipeline.java:418)    org.mule.module.extension.internal.introspection.validation.NameClashModelValidator$ValidationDelegate.validateTopLevelParameters(NameClashModelValidator.java:121)    org.mule.module.extension.internal.introspection.validation.NameClashModelValidator$ValidationDelegate.validate(NameClashModelValidator.java:107)    org.mule.module.extension.internal.introspection.validation.NameClashModelValidator$ValidationDelegate.lambda$validate$33(NameClashModelValidator.java:77)    org.mule.module.extension.internal.introspection.validation.NameClashModelValidator$ValidationDelegate$$Lambda$27/1920186116.accept(Unknown Source)    java.util.Iterator.forEachRemaining(Iterator.java:116)    java.util.Spliterators$IteratorSpliterator.forEachRemaining(Spliterators.java:1801)    java.util.stream.ReferencePipeline$Head.forEach(ReferencePipeline.java:580)    org.mule.module.extension.internal.introspection.validation.NameClashModelValidator$ValidationDelegate.validate(NameClashModelValidator.java:77)    org.mule.module.extension.internal.introspection.validation.NameClashModelValidator$ValidationDelegate.access$000(NameClashModelValidator.java:52)    org.mule.module.extension.internal.introspection.validation.NameClashModelValidator.validate(NameClashModelValidator.java:49)    org.mule.module.extension.internal.introspection.DefaultExtensionFactory.lambda$createFrom$39(DefaultExtensionFactory.java:105)    org.mule.module.extension.internal.introspection.DefaultExtensionFactory$$Lambda$18/1393913553.accept(Unknown Source)    java.lang.Iterable.forEach(Iterable.java:75)    org.mule.module.extension.internal.introspection.DefaultExtensionFactory.createFrom(DefaultExtensionFactory.java:105)    org.mule.module.extension.internal.introspection.DefaultExtensionFactory.createFrom(DefaultExtensionFactory.java:94)    org.mule.module.extension.studio.internal.capability.studio.editor.StudioEditorGeneratorTest.testGeneration(StudioEditorGeneratorTest.java:63)    sun.reflect.NativeMethodAccessorImpl.invoke0(Native Method)    sun.reflect.NativeMethodAccessorImpl.invoke(NativeMethodAccessorImpl.java:62)    sun.reflect.DelegatingMethodAccessorImpl.invoke(DelegatingMethodAccessorImpl.java:43)    java.lang.reflect.Method.invoke(Method.java:497)    org.junit.runners.model.FrameworkMethod$1.runReflectiveCall(FrameworkMethod.java:47)    org.junit.internal.runners.model.ReflectiveCallable.run(ReflectiveCallable.java:12)    org.junit.runners.model.FrameworkMethod.invokeExplosively(FrameworkMethod.java:44)    org.junit.internal.runners.statements.InvokeMethod.evaluate(InvokeMethod.java:17)    org.junit.internal.runners.statements.RunBefores.evaluate(RunBefores.java:26)    org.junit.internal.runners.statements.RunAfters.evaluate(RunAfters.java:27)    org.junit.rules.TestWatcher$1.evaluate(TestWatcher.java:55)  {code}",-1,1,13,2,2026-05-14T20:44:39Z,2026-05-14T21:05:00Z,1221.319,"{""Decision"": -1}"
mule,5,MULE-8555,MULE-8772,Promote to public api DefaultHttpListenerConfig.resolvePath or equivalent behavior,There's no way to resolve the full path of a listener using the public API.    Mule 3.6 offered the following method that was changed in 3.7:  {code}  public String resolvePath(String listenerPath)  {code},Create the new object store,Create the new object store.,1,-1,5,13,2026-05-14T20:44:39Z,2026-05-14T21:05:00Z,1221.397,"{""Decision"": 1}"
mule,5,MULE-8503,MULE-8743,"Remove the ""extension"" prefix from the generated XSD file name","Since per MULE-8485 we decided that extensions should not have any naming differentiator, the %s-extension-%s pattern which is now used to name generated XSD needs to change to be source agnostic.",Mule registry failing to lookup sub-flows,"When trying to do the following     ```  context.getRegistry().lookupObjects(SubflowMessageProcessorChainFactoryBean.class);  ```    Over a context that has been created with the following xml:  ```  <mule xmlns=""http://www.mulesoft.org/schema/mule/core""        xmlns:xsi=""http://www.w3.org/2001/XMLSchema-instance""        xsi:schemaLocation=""          http://www.mulesoft.org/schema/mule/core http://www.mulesoft.org/schema/mule/core/current/mule.xsd"">          <sub-flow name=""firstFlow"">          <set-payload value=""#['real_payload']""/>      </sub-flow>    </mule>  ```    The method returns an empty collection.    When you do something like   ```  context.getRegistry.get(""firstFlow"")  ```    The bean is returned. It seems as if the problem is with the type lookup",-1,-1,1,8,2026-05-14T20:44:39Z,2026-05-14T21:05:01Z,1221.817,"{""Decision"": -1}"
mule,5,MULE-8506,MULE-8635,XSD Generator fails to generate documentation for attributes,We should check with [this tool|https://github.com/mulesoft/mule-tool-schema-doc] that the documentation generated for Validators extension is correct.,ConcurrentModificationException when hot deploying,To reproduce:  # Deploy first application in Mule Standalone CE  # Deploy second application to a different server (app1 depends on it)  # Load application with some requests (Don't know if this is needed to reproduce)  # Deploy third application by moving the exploded app to apps directory,-1,-1,5,8,2026-05-14T20:44:39Z,2026-05-14T21:05:01Z,1222.405,"{""Decision"": -1}"
mule,5,MULE-8693,MULE-8501,XA transaction must set tx timeout in XA resources,XA transaction must set tx timeout in XA resources,ExtensionManagerConfigurationBuilder not invoked when Mule starts in standalone mode,"When starting in standalone mode, the ExtensionManagerConfigurationBuilder is not been invoked and thus applications fail to deploy if they contain any extensions",1,1,3,1,2026-05-14T20:44:39Z,2026-05-14T21:05:02Z,1223.152,"{""Decision"": 1}"
mule,5,MULE-9158,MULE-8521,Change TransformationService to not mutate MuleMessage,There are two parts to this:  * applyTransformers() methods:  ** Update applyTransformers() method signatures to return a MuleMessage instance.  ** Change implementation of  applyTransformers() to return a new message instance with the result of the transformation rather than mutating the original message instance.  ** Update all uses to use the return value as the result of the transformation.  * getPayload() methods:  ** Remove the logic that transparently transforms consumable payloads by mutating the message and setting a byte[] representation.   ** Calls to getPayload() that require transformation of a consumable payload will now fail.  ** Update uses to perform transformation to non-consumable prior to getPayload() if required.  ** Update getPayloadForLogging() implementation to return something like “Stream payload (InputStream)” instead of failing or performing translation. ** Ensure getPayloadForLogging() is only used for system logging and not used be user configured <logger/> component.,Validators fail when used with a MEL expression inside a component,"When you use a MEL expression Validator inside another component, the following error is thrown:    {quote}  ********************************************************************************  Message               : Execution of the expression ""validator.validateUrl('http://www.mulesoft.com')"" failed. (org.mule.api.expression.ExpressionRuntimeException). Message payload is of type: NullPayload  Code                  : MULE_ERROR--2  --------------------------------------------------------------------------------  Exception stack is:  1. [Error: unresolvable property or identifier: _muleEvent]  [Near : {... tension.validation.internal.el.ValidatorElContext(_muleEvent) ....}]                                                                           ^  [Line: 1, Column: 66] (org.mule.mvel2.PropertyAccessException)    org.mule.mvel2.optimizers.impl.refl.ReflectiveAccessorOptimizer:693 (http://www.mulesoft.org/docs/site/current3/apidocs/org/mule/mvel2/PropertyAccessException.html)  2. Execution of the expression ""validator.validateUrl('http://www.mulesoft.com')"" failed. (org.mule.api.expression.ExpressionRuntimeException)    org.mule.el.mvel.MVELExpressionLanguage:202 (http://www.mulesoft.org/docs/site/current3/apidocs/org/mule/api/expression/ExpressionRuntimeException.html)  3. Execution of the expression ""validator.validateUrl('http://www.mulesoft.com')"" failed. (org.mule.api.expression.ExpressionRuntimeException). Message payload is of type: NullPayload (org.mule.api.MessagingException)    org.mule.execution.ExceptionToMessagingExceptionExecutionInterceptor:32 (http://www.mulesoft.org/docs/site/current3/apidocs/org/mule/api/MessagingException.html)  --------------------------------------------------------------------------------  Root Exception stack trace:  [Error: unresolvable property or identifier: _muleEvent]  [Near : {... tension.validation.internal.el.ValidatorElContext(_muleEvent) ....}]                                                                           ^  [Line: 1, Column: 66]    org.mule.mvel2.optimizers.impl.refl.ReflectiveAccessorOptimizer.getBeanProperty(ReflectiveAccessorOptimizer.java:693)    org.mule.mvel2.optimizers.impl.refl.ReflectiveAccessorOptimizer.compileGetChain(ReflectiveAccessorOptimizer.java:337)    org.mule.mvel2.optimizers.impl.refl.ReflectiveAccessorOptimizer.optimizeAccessor(ReflectiveAccessorOptimizer.java:140)      + 3 more (set debug level logging or '-Dmule.verbose.exceptions=true' for everything)  ********************************************************************************  {quote}",1,1,8,5,2026-05-14T20:44:39Z,2026-05-14T21:05:03Z,1223.635,"{""Decision"": 1}"
mule,5,MULE-9160,MULE-9083,Upgrade to Log4j latest version,https://issues.apache.org/jira/browse/LOG4J2-998 figures as already fixed in 2.3 and 2.5 is already out.  Mule is currently using 2.1  This may allow to get rid to some custom hacks currently being done in Mule side.,Add the concept of Message Sources in the Ext-Api,Allow the Ext-Api and the Ext-Framework to define and implement message sources,-1,-1,5,13,2026-05-14T20:44:39Z,2026-05-14T21:05:03Z,1223.678,"{""Decision"": -1}"
mule,5,MULE-8685,MULE-9225,CopyOnWriteCaseInsensitiveMap should be interoperable with a regular map,"CopyOnWriteCaseInsensitiveMap provides improved performance in cases in which reads vastly outnumbers reads.    However, it's not good when:    * I want to create a CopyOnWriteCaseInsensitiveMap from an existing map  * The initial assumption stops being true and I want to transform the CopyOnWriteCaseInsensitiveMap to a regular one    This should be supported","If the @XML annotation is not present, the extension should not fail.","Currently when creating an extension, the @XML annotation is mandatory, we should specify at least the namespace of the extension.    If the @XML annotation is not present, this error is thrown   [ERROR] diagnostic: error: xml model property cannot be null.    Instead of creating a validator for avoiding this error, we must implement a default behaviour for the @XML annotation when it is not present.    The behavior should be that:    1) The annotation can be either completely absent or present but with all optional parameters  2) The namespace attribute will be derived from the extension name by transforming to lower case, removing all occurrences of the ""connector"" String and hyphenizing  3) The schemaLocation should default to http://www.mulesoft.org/schema/mule/{1}, where {1} is replaced by the namespace value  4) The schemaVersion should default to the Major and minor components of the Semver extension version, without classifiers. For example: 4.0.0-SNAPSHOT should translate to 4.0",-1,-1,1,5,2026-05-14T20:44:39Z,2026-05-14T21:05:03Z,1223.874,"{""Decision"": -1}"
mule,5,MULE-9115,MULE-8820,Remove JMS transport,1.2.17 Remove JMS transport,Performance degradation on registry lookup,"Because the mule registry was unified on Spring, lookup and get operations take longer to execute because spring checks for prototypes, etc.    We should add a cache to speed up lookups of things that we know are not prototypes",1,1,8,5,2026-05-14T20:44:39Z,2026-05-14T21:05:04Z,1224.529,"{""Decision"": 1}"
mule,5,MULE-9228,MULE-8656,"SDK: Split extensions parent POM, for internal and external extensions","*Split extensions parent POM*    * Create a new Parent POM for external (to Mule Distribution) extensions, to be used by MuleSoft internal connectors (Salesforce, Workday, etc) and third party (custom connectors, certification).  ** One of the problems the actual POM is that project version (the extension version) is attached to all Mule dependencies version. For external connectors, this should be detached .  * Rollback the changes made in the actual extensions POM, to be used exclusively for Mule Distribution extensions. (MULE-9055)",Database Connector artifact located in registry no longer implements Testable and DataSense interfaces,All datasense related functionality for the Database connector is no longer working due to the connector/config element stored in the registry not implementing the required interfaces,1,1,5,3,2026-05-14T20:44:39Z,2026-05-14T21:05:05Z,1225.815,"{""Decision"": 1}"
mule,5,MULE-8908,MULE-9112,Add the concept of ExceptionEnricher in Ext-Api,"Add the concept of an ExceptionEnricher in the ext-api which gets invoked whenever an operation throws an exception. This is useful to avoid repetitive try..catch blocks.    It would be defined by an interface roughly looking like this    {code:java}  public interface ExceptionEnricher {    Exception enrichException(Exception e);  }  {code}    Then you can declare it at an Extension level:    {code:java}  @Extension  @Operations(Operations.class);  @OnException(handler = PetExceptionEnricher.class)  public class PetStoreConnector {  …  }  {code}    Or at a configuration level:    {code:java}  @Configuration(name=""pooled-config"")  @PooledConnector(PetClientConnectionHandler.class)  @OnException(handler = PooledPetConnectionExceptionEnricher.class)  public class PooledConnectionConfig {  }  {code}    A simple implementation would look similar to this:    {code:java}  public class PetExceptionEnricher implements ExceptionEnricher {    	public Exception enrichException(Exception e)  {  		if (irrelevantException(e)) {  			logger.error(e.getMessage())  		} else if (e instanceof SocketException) {  			return new ConnectionException(e); // wants to reconnect  		} else {  			return e;                  }          }  }  {code}",Remove SSL transport,1.2.14 Remove SSL transport,-1,1,8,5,2026-05-14T20:44:39Z,2026-05-14T21:05:05Z,1225.819,"{""Decision"": -1}"
mule,5,MULE-8698,MULE-8919,NonBlockingNotSupportedFunctionalTestCase.aggregator caused InboundAggregationNoTimeoutTestCase to fail.,Messages created in NonBlockingNotSupportedFunctionalTestCase.aggregator are not related by their rootId which caused InboundAggregationNoTimeoutTestCase to fail.,mule-maven-plugin CloudHub deployment does not check for file existence,"When you try to deploy a Mule application through a ZIP file, the Maven plugin does not check if the file actually exists.  If it is an unexistent file, the deployment process starts anyway and the application is created in CloudHub using the name of the given unexistent file.  The build fails because it can't deploy the application but the changes in CloudHub are already done and they're not rolled back.    The expected behavior is that the plugin checks if the file exists before making any change in CloudHub. If not, it should throw an exception and fail the build.",1,1,5,1,2026-05-14T20:44:39Z,2026-05-14T21:05:05Z,1226.093,"{""Decision"": 1}"
mule,5,MULE-8939,MULE-8572,Release MVEL 2.1.9-MULE-008,Perform a release of MVEL that contains the fix for MULE-8831    # Update pom.xml to meet Maven Central repository requirements  # Update build plan to deploy to Maven Central  # Sign the jar using gpg  # Add javadoc plugin for releases,Dependency injection fails when injection candidate is registered on domain,"When the @Inject annotation is used to inject an instance which leaves on the parent domain context, injection fails",-1,1,5,3,2026-05-14T20:44:39Z,2026-05-14T21:05:05Z,1226.245,"{""Decision"": -1}"
mule,5,MULE-8574,MULE-8657,DataType does not validates encoding,"When setting the encoding in payload, transformers, properties and variables with an incorrect value it is not validated. In the other hand the mimeType throws an exception. I think that the encoding should have the same behaviour.  When you set the property ""ContentType""  it let you use any value in both mimeType and encoding. But maybe in the content type situation is the desired behaviour.   Steps to reproduce (see attached app):  Set Payload: 1) Send HTTP request to http://localhost:8081/encoding_not_throw_exception : There the first set payload set the encoding with an invalid value but as then there is another set payload that set the encoding to a valid encoding there is not exception.  2)  Send HTTP request to  http://localhost:8081/encoding_throw_exception :  Here the Set  Payload set an invalid encoding value and it throws ""java.io.UnsupportedEncodingException"".  Properties: 1) Send HTTP request to http://localhost:8081/encoding_not_throw_exception_in_properties :  2) Set property sets the encoding with a wrong value. In the check in the Outbound Property log:    OUTBOUND scoped properties:     pepe=2     pepe-DataType=SimpleDataType{type=java.lang.Integer, mimeType='text/plain', encoding='qwd'}",XMLStreamException when using non blocking cxf:proxy-service and cxf:proxy-client,"Steps to reproduce:  - Deploy the attached apps (the leagues-ws will work as a server and the wsdl-proxy as a proxy), notice that the wsdl-proxy app is prepared to be non-blocking.  - Make a the following request:  URL http://localhost:8090/api  Headers:  SOAPAction: getTeamsAction  Content-Type: text/xml;charset=UTF-8  Body:  {code}  <soapenv:Envelope xmlns:soapenv=""http://schemas.xmlsoap.org/soap/envelope/"" xmlns:leag=""http://leagues.examples.mule.org/"" xmlns:soc=""http://mulesoft.com/schemas/soccer"">     <soapenv:Header/>     <soapenv:Body>        <leag:teams>        </leag:teams>     </soapenv:Body>  </soapenv:Envelope>  {code}    This warning appears in the log of every request",1,1,5,3,2026-05-14T20:44:39Z,2026-05-14T21:05:05Z,1226.313,"{""Decision"": 1}"
mule,5,MULE-8553,MULE-8606,Add max-send-buffer-size entry in wrapper.conf,We need to add that property now that it's available.,Can't use redelivery policy,"If an idempotent-redelivery-policy is defined for an inbound-endpoint, the execution of the flow will halt after the following message: org.mule.processor.IdempotentRedeliveryPolicy: The message cannot be processed because the digest could not be generated. Either make the payload serializable or use an expression.",-1,1,3,1,2026-05-14T20:44:39Z,2026-05-14T21:05:07Z,1227.862,"{""Decision"": -1}"
mule,5,MULE-8507,MULE-8769,Replace all string to number validators by a single one,"There are several validators that allows to check whether a string has a number format: is-long, is-integer, is-double, is-float, is short. It would be a better user experience to have just one is-number and let user decide on the range using min and max attributes.",Loggers memory leak after fixing MULE-8635,"Changes from MULE-8635 introduced a memory leak where MuleApplicationClassLoaders are not being disposed.  MULE-8635 added logic to clean up loggers, but seems that the logic is executed but the memory is not released.  To reproduce the issue:  _ Start a vainilla mule instance  _ Once default app is deployed force a redeploy touching the app's config file    Expected behaviour, according to the code, is that after 15 seconds the memory is released, but that does not happen.",-1,-1,1,8,2026-05-14T20:44:39Z,2026-05-14T21:05:07Z,1228.028,"{""Decision"": -1}"
mule,5,MULE-8521,MULE-8578,Validators fail when used with a MEL expression inside a component,"When you use a MEL expression Validator inside another component, the following error is thrown:    {quote}  ********************************************************************************  Message               : Execution of the expression ""validator.validateUrl('http://www.mulesoft.com')"" failed. (org.mule.api.expression.ExpressionRuntimeException). Message payload is of type: NullPayload  Code                  : MULE_ERROR--2  --------------------------------------------------------------------------------  Exception stack is:  1. [Error: unresolvable property or identifier: _muleEvent]  [Near : {... tension.validation.internal.el.ValidatorElContext(_muleEvent) ....}]                                                                           ^  [Line: 1, Column: 66] (org.mule.mvel2.PropertyAccessException)    org.mule.mvel2.optimizers.impl.refl.ReflectiveAccessorOptimizer:693 (http://www.mulesoft.org/docs/site/current3/apidocs/org/mule/mvel2/PropertyAccessException.html)  2. Execution of the expression ""validator.validateUrl('http://www.mulesoft.com')"" failed. (org.mule.api.expression.ExpressionRuntimeException)    org.mule.el.mvel.MVELExpressionLanguage:202 (http://www.mulesoft.org/docs/site/current3/apidocs/org/mule/api/expression/ExpressionRuntimeException.html)  3. Execution of the expression ""validator.validateUrl('http://www.mulesoft.com')"" failed. (org.mule.api.expression.ExpressionRuntimeException). Message payload is of type: NullPayload (org.mule.api.MessagingException)    org.mule.execution.ExceptionToMessagingExceptionExecutionInterceptor:32 (http://www.mulesoft.org/docs/site/current3/apidocs/org/mule/api/MessagingException.html)  --------------------------------------------------------------------------------  Root Exception stack trace:  [Error: unresolvable property or identifier: _muleEvent]  [Near : {... tension.validation.internal.el.ValidatorElContext(_muleEvent) ....}]                                                                           ^  [Line: 1, Column: 66]    org.mule.mvel2.optimizers.impl.refl.ReflectiveAccessorOptimizer.getBeanProperty(ReflectiveAccessorOptimizer.java:693)    org.mule.mvel2.optimizers.impl.refl.ReflectiveAccessorOptimizer.compileGetChain(ReflectiveAccessorOptimizer.java:337)    org.mule.mvel2.optimizers.impl.refl.ReflectiveAccessorOptimizer.optimizeAccessor(ReflectiveAccessorOptimizer.java:140)      + 3 more (set debug level logging or '-Dmule.verbose.exceptions=true' for everything)  ********************************************************************************  {quote}",The Json-to-Object transformer not change the mimeType correctly. It should set application/json,"The json-to-object not change the mimeType correctly. It should set application/json as mimeType but keep text/javascript after an HTTP Request.    Steps to reproduce (see attached app):  1) Send HTTP request to http://localhost:8081/json_object_wrong_mime_type .    2) Check in the log the datatype of the message after Json-to-Object transformer in the outbound property ""json_object_datatype"".",1,1,5,3,2026-05-14T20:44:39Z,2026-05-14T21:05:07Z,1228.273,"{""Decision"": 1}"
mule,5,MULE-8820,MULE-8597,Performance degradation on registry lookup,"Because the mule registry was unified on Spring, lookup and get operations take longer to execute because spring checks for prototypes, etc.    We should add a cache to speed up lookups of things that we know are not prototypes",set-payload with invalid MIME type returns an ugly error,"When using an invalid MIME type in set-payload the error message is not very clear.    Deploy this app:    {code:xml}  <?xml version=""1.0"" encoding=""UTF-8""?>    <mule xmlns:scripting=""http://www.mulesoft.org/schema/mule/scripting"" xmlns:db=""http://www.mulesoft.org/schema/mule/db""          xmlns:tracking=""http://www.mulesoft.org/schema/mule/ee/tracking""          xmlns:http=""http://www.mulesoft.org/schema/mule/http"" xmlns=""http://www.mulesoft.org/schema/mule/core""          xmlns:doc=""http://www.mulesoft.org/schema/mule/documentation""          xmlns:spring=""http://www.springframework.org/schema/beans"" version=""EE-3.7.0""          xmlns:xsi=""http://www.w3.org/2001/XMLSchema-instance"" xsi:schemaLocation=""http://www.springframework.org/schema/beans http://www.springframework.org/schema/beans/spring-beans-current.xsd  http://www.mulesoft.org/schema/mule/core http://www.mulesoft.org/schema/mule/core/current/mule.xsd  http://www.mulesoft.org/schema/mule/http http://www.mulesoft.org/schema/mule/http/current/mule-http.xsd  http://www.mulesoft.org/schema/mule/ee/tracking http://www.mulesoft.org/schema/mule/ee/tracking/current/mule-tracking-ee.xsd  http://www.mulesoft.org/schema/mule/db http://www.mulesoft.org/schema/mule/db/current/mule-db.xsd  http://www.mulesoft.org/schema/mule/scripting http://www.mulesoft.org/schema/mule/scripting/current/mule-scripting.xsd"">      <http:listener-config name=""HTTP_Listener_Configuration"" host=""0.0.0.0"" port=""8081"" doc:name=""HTTP Listener Configuration""/>      <http:request-config name=""HTTP_Request_Configuration3"" host=""localhost"" port=""8082"" doc:name=""HTTP Request Configuration""/>      <flow name=""nonblockingFlow"" processingStrategy=""non-blocking"">          <http:listener config-ref=""HTTP_Listener_Configuration"" path=""/"" doc:name=""HTTP"" allowedMethods=""GET""/>          <set-payload value=""Response OK"" encoding=""asdfsadf"" returnClass=""pepe"" name=""my-set-payload"" mimeType=""mimeTypeFake"" ignoreBadInput=""false""/>      </flow>  </mule>  {code}    Request:  ~  curl http://localhost:8081/  javax.activation.MimeTypeParseException: Unable to find a sub type. (org.mule.api.MuleRuntimeException). Message payload is of type: BufferInputStream%    App log:    org.mule.execution.ExceptionToMessagingExceptionExecutionInterceptor:32 (http://www.mulesoft.org/docs/site/current3/apidocs/org/mule/api/MessagingException.html)  --------------------------------------------------------------------------------  Root Exception stack trace:  javax.activation.MimeTypeParseException: Unable to find a sub type.    javax.activation.MimeType.parse(MimeType.java:102)    javax.activation.MimeType.<init>(MimeType.java:63)    org.mule.transformer.types.SimpleDataType.<init>(SimpleDataType.java:40)      + 3 more (set debug level logging or '-Dmule.verbose.exceptions=true' for everything)  ********************************************************************************",1,1,5,3,2026-05-14T20:44:39Z,2026-05-14T21:05:07Z,1228.279,"{""Decision"": 1}"
mule,5,MULE-8523,MULE-8908,When all validator fails it should always throw an exception,"Allowing all validator to avoid throwing an exception make us think about where should the validation result go. If we put it in the payload, we should overwrite the payload always, not only for the failing scenario. So, best solution for now is to always throw an exception. If needed in the future we can add the option to not throw an exception and put the result in a flow variable.",Add the concept of ExceptionEnricher in Ext-Api,"Add the concept of an ExceptionEnricher in the ext-api which gets invoked whenever an operation throws an exception. This is useful to avoid repetitive try..catch blocks.    It would be defined by an interface roughly looking like this    {code:java}  public interface ExceptionEnricher {    Exception enrichException(Exception e);  }  {code}    Then you can declare it at an Extension level:    {code:java}  @Extension  @Operations(Operations.class);  @OnException(handler = PetExceptionEnricher.class)  public class PetStoreConnector {  …  }  {code}    Or at a configuration level:    {code:java}  @Configuration(name=""pooled-config"")  @PooledConnector(PetClientConnectionHandler.class)  @OnException(handler = PooledPetConnectionExceptionEnricher.class)  public class PooledConnectionConfig {  }  {code}    A simple implementation would look similar to this:    {code:java}  public class PetExceptionEnricher implements ExceptionEnricher {    	public Exception enrichException(Exception e)  {  		if (irrelevantException(e)) {  			logger.error(e.getMessage())  		} else if (e instanceof SocketException) {  			return new ConnectionException(e); // wants to reconnect  		} else {  			return e;                  }          }  }  {code}",-1,-1,1,8,2026-05-14T20:44:39Z,2026-05-14T21:05:08Z,1228.453,"{""Decision"": -1}"
mule,5,MULE-9207,MULE-8708,ConnectionProvider getHandlingStrategy must receive a parameterized ConnectionHandlingStrategyFactory,"Current ConnectionProvider getHandlingStrategy interface method receive a ConnectionHandlingStrategyFactory raw type parameter, this  results in an unchecked warning on every implementation of this method.  The signature of the method must be  {code:java}  ConnectionHandlingStrategy<Connection> getHandlingStrategy(ConnectionHandlingStrategyFactory<Config, Connection> handlingStrategyFactory);  {code}",Validations doesn't support concurrency.,Hitting a validations app with more than one thread causes an exception saying that no config-ref was set and there are N configurations.,-1,-1,2,3,2026-05-14T20:44:39Z,2026-05-14T21:05:09Z,1229.675,"{""Decision"": -1}"
mule,5,MULE-8806,MULE-8666,New HTTP Listener not working with some kind of attachments,Using SoapUI to call a CXF WS with an attachment I discover that HTTP module was crashing. See attachment.    Workaround was to use deprecated http endpoint.,Set mime type correct for common files with FTP/File connectors,"The FTP and File connectors should set mime types for common file types correct, including CSV, XML, and JSON.",1,-1,1,5,2026-05-14T20:44:39Z,2026-05-14T21:05:09Z,1230.129,"{""Decision"": 1}"
mule,5,MULE-8735,MULE-8638,MuleMessage is going to registry for every transformation when extended transformations are used.,Now there is no longer a transient registry it is critical that we don't lookup objects in the registry in runtime per-message.  Not doing so will cause an performance impact and also thread contention at higher concurrencies.    org.mule.DefaultMuleMessage#applyAllTransformers  org.mule.DefaultMuleContext#getDataTypeConverterResolver,[Regression] NPE when filter fails,When a filter evaluation fails message is discarded but a NPE is shown in app log.,1,-1,1,8,2026-05-14T20:44:39Z,2026-05-14T21:05:09Z,1230.131,"{""Decision"": 1}"
mule,5,MULE-8519,MULE-9155,Add a trace/debug log when a Validation was done successfully,It would be nice to have a trace/debug log that is shown after a validator is successfully executed.     The log message should mention the info to identify the validator itself and the arguments used in the execution of the validator.,@Optional should not be allowed when @Parameter group is used,"When using @ParameterGroup, @Optional should be marked as an error.    {code:java}  @Operation  	public SimplePojo parameterGroupPojoOperationWithDefault( @Optional @ParameterGroup SimplePojo pojo) {  		return pojo;  	}  {code}",-1,-1,1,5,2026-05-14T20:44:39Z,2026-05-14T21:05:10Z,1230.934,"{""Decision"": -1}"
mule,5,MULE-9180,MULE-8579,Add support for a Palette Name so that extension can define the display name (like the friendlyName of @Connector),"Users need to be able to specify a friendly name that will be used to generate the display name of the extension.    For example salesforce extension should say ""Salesforce"" in the palette, and we cannot generate this form the namespace nor the class name.",Datatype cannot be configured when adding properties using message-property-transformer,You can't set the datatype to the properties in the Message Properties transfomer,-1,1,5,3,2026-05-14T20:44:39Z,2026-05-14T21:05:10Z,1231.242,"{""Decision"": -1}"
mule,5,MULE-8594,MULE-9191,Content-type is not set on HTTP responses,"When using an ObjectToJson transformer (with return type String), ""content-type"" header is not being set in the response.    This might happen with other transformers, in fact with any other thing that sets a String Payload.     Attaching an example app that reproduces the issue. Running the same app with Mule 3.6 shows the right behavior.",Spike on new FTP connector,Spike on a new FTP connector which is consistent with the new File one,1,-1,5,13,2026-05-14T20:44:39Z,2026-05-14T21:05:11Z,1231.75,"{""Decision"": 1}"
mule,5,MULE-8724,MULE-9204,Operation state handling in extensions api,"We need to clearly define how to manage state within operations define with extensions api. Not only define how to implement each use case but also doing it in a way that fits the user mindset.    We need:   - Global state between operators   - Global state per config   - Global state per tenant config   - State for a particular operation (one per xml element) disregarding the config    I'm just trying to list all the cases, then we would have to try to come up with use cases for each use case.",HTTP Requester + OAuth: Add the option to send Client id/secret with Basic Auth using Client Credentials,Right now the HTTP Requester sends the client_id and client_secret in the request-body.     This is a valid option but the RFC also allows to send them using Basic Authentication:  * https://tools.ietf.org/html/rfc6749#section-2.3.1     For example Paypal and Spotify APIs only support to send them using Basic Auth.  * Example: https://developer.paypal.com/docs/api/#oauth-request--response,1,1,8,5,2026-05-14T20:44:39Z,2026-05-14T21:05:11Z,1231.794,"{""Decision"": 1}"
mule,5,MULE-8581,MULE-8837,Spike on Collection splitter is not setting the group size when payload is an Iterator,"Salesforce queries return an iterator and when a collection splitter is used, it fails to aggregate the collection after because the group size is set to -1.  Attached mule config    This seems to be happening because this class https://github.com/mulesoft/mule/blob/bfb3a17263d1e4b32ee10272cbf710a2bf41b16b/core/src/main/java/org/mule/routing/outbound/IteratorMessageSequence.java is used from https://github.com/mulesoft/mule/blob/1dbf6e09a651184e9c54ec8988ecf1907cbdd58f/core/src/main/java/org/mule/util/collection/EventToMessageSequenceSplittingStrategy.java and it is setting UNKNOWN_SIZE as Group size for all Iterator payloads",Improve usability to manage cookies in the HTTP listener,"Currently, the only way to handle cookies in the HTTP listener is through the Set-Cookie and Cookie headers (reading and setting them manually). Improve the usability so that the user doesn't have to manually parse a cookie sent by the client, or know how to create a Set-Cookie header. (Probably by adding come cookie object as the old http transport had, and adding some new syntax to the response-builder element in the config).",-1,-1,5,13,2026-05-14T20:44:39Z,2026-05-14T21:05:11Z,1232.3,"{""Decision"": -1}"
mule,5,MULE-8938,MULE-8827,Connector and Endpoint message notifications not fired when an exception is thrown,"When there is an exception during the execution of a flow there are no connectorMessageNotification (when the new HTTP Module is used) or no endpointMessageNotification (when the HTTP Transport is used) sent, even when there is a response (with a failed status code).    Expected: Some connector/endpoint message notification (maybe an specific type, like MESSAGE_ERROR) fired for this case.  Actual: no notification.    Attaching app showing the behavior",Tests for HTTP connector in HttpSecurityFilterFunctionalTestCase depend on tests executed one the HTTP transport,org.mule.module.cxf.HttpSecurityFilterFunctionalTestCase is executed on flows using HTTP transport and HTTP connector.  All test pass under the current configuration as the HTTP transport tests are executed before the HTTP connector's.   Running the connector test only or switching the order breaks the following tests:  * testAuthenticationAuthorisedGetHttps  * testAuthenticationAuthorisedPostHttps  * testAuthenticationFailureBadCredentialsGetHttps  * testAuthenticationFailureBadCredentialsPostHttps,1,1,8,5,2026-05-14T20:44:39Z,2026-05-14T21:05:12Z,1232.453,"{""Decision"": 1}"
mule,5,MULE-8635,MULE-8779,ConcurrentModificationException when hot deploying,To reproduce:  # Deploy first application in Mule Standalone CE  # Deploy second application to a different server (app1 depends on it)  # Load application with some requests (Don't know if this is needed to reproduce)  # Deploy third application by moving the exploded app to apps directory,Hostname verification not working correctly with HTTPS proxy,"When configuring the http requester with HTTPS and a proxy, hostname verification is done against the proxy instead of the real host. This makes the request fail, as the certificate doesn't contain the url of the proxy. The verification should be made against the host of the request.    This is a bug in AHC, it is fixed in AHC 1.9.27, so a possible solution to this is updating at least to this version.",1,1,8,5,2026-05-14T20:44:39Z,2026-05-14T21:05:12Z,1232.882,"{""Decision"": 1}"
mule,5,MULE-8582,MULE-8698,Spike - Mule support XA transaction on XA resources used by a Spring object component ?,"As you should know, a common use case is the bridge pattern :  * read a message from an inbound endpoint (from a JMS queue or/and a database through JDBC).  * writing the message to an outbound endpoint (to a JMS queue or/and a database through JDBC).    {code:xml}     <service name=""myBridgeService"">       <inbound>         <jms:inbound-endpoint queue=""/queue/inbox""/>       </inbound>       <outbound>         <multicasting-router>           <jms:outbound-endpoint queue=""/queue/outbox"" />           <jdbc:outbound-endpoint queryKey=""insertMessageStmt"" />         </multicasting-router>       </outbound>     </service>  {code}     What happens then if something goes wrong when writing the result to the outbound endpoint (eg. jdbc endpoint)? If you don't use XA Transaction on inbound and outbound endpoints, the message will not be rollbacked to the inbound endpoint in case of an Exception. So you will have to solve this issue by configuring <xa-transaction> on each endpoint with the appropriate transaction strategy.     {code:xml}     <service name=""myBridgeService"">       <inbound>         <jms:inbound-endpoint queue=""/queue/inbox"">           <xa-transaction action=""ALWAYS_BEGIN"" />         </jms:inbound-endpoint>       </inbound>       <outbound>         <multicasting-router>           <jms:outbound-endpoint queue=""/queue/outbox"">             <xa-transaction action=""ALWAYS_JOIN"" />           </jms:outbound-endpoint>           <jdbc:outbound-endpoint queryKey=""insertMessageStmt"">             <xa-transaction action=""ALWAYS_JOIN"" />           </jdbc:outbound-endpoint>         </multicasting-router>       </outbound>     </service>  {code}     But what happens now if you have a component between inbound and outbound enpoints ?    {code:xml}    <service name=""myDaoService"">      <inbound>        <jms:inbound-endpoint queue=""/queue/inbox"">          <xa-transaction action=""ALWAYS_BEGIN"" />        </jms:inbound-endpoint>      </inbound>      <component>        <spring-object bean=""messageDao"" />      </component>      <outbound>        <multicasting-router>          <jms:outbound-endpoint queue=""/queue/outbox"">            <xa-transaction action=""ALWAYS_JOIN"" />          </jms:outbound-endpoint>          <jdbc:outbound-endpoint queryKey=""insertMessageStmt"">            <xa-transaction action=""ALWAYS_JOIN"" />          </jdbc:outbound-endpoint>        </multicasting-router>      </outbound>    </service>  {code}    In most cases, the Spring object component (eg. messsageDao) will execute complicated business operations (from a currently existing business API) and also use a DataSource to execute several SQL select and update statements before returning a result to the outbound. These JDBC operations will be handled likely by Spring JdbcTemplate or even HibernateTemplate.    As far as I understand, Mule is fully responsible to handle enlistment/delistment and close of XA resources (see _org.mule.transaction.XaTransaction_). So by default, XA resources used by a Spring object component will not be handled by Mule and will not participate in the XA transaction started from Mule.    For completeness... I've also found a unit test for this usecase in Mule distribution under MULE_HOME/src/mule-3.1.2-src.zip/org/mule/test/integration/transaction/XATransactionsWithSpringDAO.java. When you execute this test, you will have a successful result but the XA resource used by the dao bean is not enlisted nor delisted in/from the transaction started from Mule.",NonBlockingNotSupportedFunctionalTestCase.aggregator caused InboundAggregationNoTimeoutTestCase to fail.,Messages created in NonBlockingNotSupportedFunctionalTestCase.aggregator are not related by their rootId which caused InboundAggregationNoTimeoutTestCase to fail.,1,1,8,5,2026-05-14T20:44:39Z,2026-05-14T21:05:13Z,1233.618,"{""Decision"": 1}"
mule,5,MULE-8638,MULE-8713,[Regression] NPE when filter fails,When a filter evaluation fails message is discarded but a NPE is shown in app log.,Merge mule 3.x on 4.x branch,Merge latest changes on mule 3 into mule 4 branch,-1,1,8,5,2026-05-14T20:44:39Z,2026-05-14T21:05:13Z,1233.796,"{""Decision"": -1}"
mule,5,MULE-8509,MULE-9074,CXF Proxy-Client is throwing NullPointerException,"Nowadays, if you want to create a proxy, you have to specify the port name and the soapVersion for each binding. This information is provided by the wsdl, so it shouldn't be required, the proxies should detect them automatically.    As a consequence, if you have an API with multiple ports, one of them receiving a SOAP 1.1 envelope, and other one receiving a SOAP 1.2 envelope, and if you don't specify the port and the soapVersion in both proxies (service and client) you will not be able to send a SOAP 1.2 message.     This means that a simple proxy cannot be used with both types of SOAP versions.",WebService Consumer: xsd:import for external resources through HTTP fails with java.io.FileNotFoundException,WS consumer can't handle imported or included wsdl/xsd files when they are located externally.,1,1,8,5,2026-05-14T20:44:39Z,2026-05-14T21:05:13Z,1233.973,"{""Decision"": 1}"
mule,5,MULE-8677,MULE-8632,HTTP requestor should ignore 'Transfer-Encoding' property as it is a hop-by-hop header,"Transfer-Encoding is a hop-by-hop header and therefore shouldn't really be used by HTTP requestor if there is a ""transfer-encoding"" property present in the outbound property scope to determine request streaming behaviour.  Generally current behaviour is fine, but there is one case that is currently incorrect IMO.    * We shouldn't stream a String payload when the ""transfer-encoding"" outbound message property is present.    Also:  * Aso, While I think it is probably correct that a String payload should be streamed when a ""transfer-encoding"" header is configured and streaming mode is 'AUTO'. This is not the way the user should be enabling streaming and I suggest we log an INFO message whenever a transfer-encoding header is set suggesting the user uses the responseStreamingMode attribute instead.  * There are currently no tests covering the case when these headers are configured using a <request-builder>, we should add these.    *AUTO Behaviour appears to be inconsistent with HTTP listener because the presence of both transfer-encoding/content-length headers results in no streaming with requestor, but streaming with listener*    Failing test that show this can be found in this branch: https://github.com/mulesoft/mule/compare/MULE-8676",HTTP Listener Connector reject a GET and DELETE that contains a body.,http://forum.mulesoft.org/mulesoft/topics/http-get-delete-how-to-get-the-body-of-request-using-http-listenner-connector,1,1,8,5,2026-05-14T20:44:39Z,2026-05-14T21:05:13Z,1234.072,"{""Decision"": 1}"
mule,5,MULE-9290,MULE-8685,Extensions fail to build if parameter has a wildcard generic,"Consider an extension with a parameter like this:    {code:java}  @Parameter  private ObjectStore<? extends Serializable> timeObjectStore;  {code}    Building such a extension results on the following error:    {code}  [ERROR] diagnostic: error: Can't get qualifier for a null class    java.lang.IllegalArgumentException: Can't get qualifier for a null class      org.mule.extension.api.introspection.DataQualifierFactory.getQualifier(DataQualifierFactory.java:176)      org.mule.extension.api.introspection.DataType.of(DataType.java:86)      org.mule.extension.api.introspection.DataType.of(DataType.java:38)      org.mule.extension.api.introspection.DataType.of(DataType.java:62)      org.mule.module.extension.internal.util.IntrospectionUtils.toDataType(IntrospectionUtils.java:172)      org.mule.module.extension.internal.util.IntrospectionUtils.getFieldDataType(IntrospectionUtils.java:118)      org.mule.module.extension.internal.introspection.AnnotationsBasedDescriber.declareSingleParameters(AnnotationsBasedDescriber.java:223)      org.mule.module.extension.internal.introspection.AnnotationsBasedDescriber.declareAnnotatedParameters(AnnotationsBasedDescriber.java:168)      org.mule.module.extension.internal.introspection.AnnotationsBasedDescriber.declareConfiguration(AnnotationsBasedDescriber.java:163)      org.mule.module.extension.internal.introspection.AnnotationsBasedDescriber.declareConfigurations(AnnotationsBasedDescriber.java:140)      org.mule.module.extension.internal.introspection.AnnotationsBasedDescriber.describe(AnnotationsBasedDescriber.java:116)  {code}    The problem is that because the generic is a wildcard, the ResolveableType  obtained by IntrospectionUtils.getFieldDataType() returns a null rawClass. As a result, the generated DataType points to a null class which in turn causes a NPE when an attempt is made to obtain a qualifier.    The SDK should:    * Ignore a type's generics one they contain at least one wildcard (consider cases like Map<String, ?>  * Log a warning when it founds a wildcard generic  * Also verify this behaviour for the case of operations in which the parameters are obtained from method arguments instead of fields",CopyOnWriteCaseInsensitiveMap should be interoperable with a regular map,"CopyOnWriteCaseInsensitiveMap provides improved performance in cases in which reads vastly outnumbers reads.    However, it's not good when:    * I want to create a CopyOnWriteCaseInsensitiveMap from an existing map  * The initial assumption stops being true and I want to transform the CopyOnWriteCaseInsensitiveMap to a regular one    This should be supported",1,1,5,1,2026-05-14T20:44:39Z,2026-05-14T21:05:14Z,1234.889,"{""Decision"": 1}"
mule,5,MULE-8743,MULE-8518,Mule registry failing to lookup sub-flows,"When trying to do the following     ```  context.getRegistry().lookupObjects(SubflowMessageProcessorChainFactoryBean.class);  ```    Over a context that has been created with the following xml:  ```  <mule xmlns=""http://www.mulesoft.org/schema/mule/core""        xmlns:xsi=""http://www.w3.org/2001/XMLSchema-instance""        xsi:schemaLocation=""          http://www.mulesoft.org/schema/mule/core http://www.mulesoft.org/schema/mule/core/current/mule.xsd"">          <sub-flow name=""firstFlow"">          <set-payload value=""#['real_payload']""/>      </sub-flow>    </mule>  ```    The method returns an empty collection.    When you do something like   ```  context.getRegistry.get(""firstFlow"")  ```    The bean is returned. It seems as if the problem is with the type lookup",Provide access to client certificate on 2-way TLS authenticated connections,When a 2-way TLS authenticated connection is created the client certificate should be exposed in the flow since it may be useful to use it to identify the client.    We are going to expose the client certificate ONLY (not the CA certificates) in the flow using a new inbound property http.client.cert.    The user can access the client principal by doing message.inboundProperties['http.client.cert'].getSubjectDN()    We analyse if there is any risk by exposing the certificate as an inbound property but we got to the conclusion that there's no risk since the client certificate is publicly available in general and it's not used for the communication encrypt  / decrypt. It's only used to identify the client.,-1,1,8,5,2026-05-14T20:44:39Z,2026-05-14T21:05:14Z,1235.149,"{""Decision"": -1}"
mule,5,MULE-9065,MULE-8533,IndexOutOfBoundsException when header key has empty value,"When an empty header is sent to a Jetty endpoint, it fails with said exception.",MBeans/JMX Memory Leak on vanilla Mule ESB Standalone,"Jira created at request of Mariano Gonzalez - see http://forum.mulesoft.org/mulesoft/topics/mbeans-jmx-memory-leak-on-vanilla-mule-esb-standalone-no-custom-code-deployed?utm_source=notification&utm_medium=email&utm_campaign=new_reply&utm_content=reply_button&reply%5Bid%5D=15618818#reply_15618818    1) Deploy an out of the box Mule Standalone ESB, e.g. mule-standalone-3.6.1  2) Start - default app deploys, no custom code deployed  3) Start Oracle VisualVM, connect to Mule ESB  4) Watch the heap being consumed    I performed this test with max memory changed to 256Mb in wrapper.conf (so I didn't have to wait so long for memory to be consumed), on openSuse 13.1, with Oracle Java version ""1.8.0_31""  Java(TM) SE Runtime Environment (build 1.8.0_31-b13)  Java HotSpot(TM) 64-Bit Server VM (build 25.31-b07, mixed mode)    I have observed the same symptoms using Java jdk1.7.0_75 on openSuse, and Java jdk1.7.0_xx on Mac/OS, so it doesn't seem to be o/s or Java related.    If I don't attempt to monitor Mule ESB, the memory leaks don't appear to happen, though it's difficult to be sure without being able to monitor, but I presume that this is MBean/JMX instrumentation related.    Running Oracle JConsole does not appear to induce the same dramatic memory consumption, but does seem to cause some sort of slow incremental leak.",-1,-1,5,8,2026-05-14T20:44:39Z,2026-05-14T21:05:15Z,1235.498,"{""Decision"": -1}"
mule,5,MULE-8786,MULE-8555,"WSC with basic auth wraps ""error""s HTTP status code by throwing exceptions with timeouts","When using WSC in conjunction with HTTP Basic Authentication (through HttpRequesterConfig) when bad credentials are used in the basic auth, the output I see is a timeout [1] rather than an exception caused by a 401 or 403 status code error.    To reproduce so, I'm attaching a small SOAP server (demo-soap-server.zip) and a mule app to try it out [2]. The endpoint I'm hitting is http://localhost:9000/acme-crm/orders?wsdl where the valid credentials are  user: admin  pass: admin.    In the mule app there are two flows to be executed   * (a) http://localhost:8081/goodCredentials where once it's hit you will see something like the following in a browser  {code:xml}<ns2:CreateResponse><return>0</return></ns2:CreateResponse>{code}  * and (b) http://localhost:8081/badCredentials where once it's hit you will wait for the default timeout of the WSC to be consumed, seeing at the end the stack trace in the mule app [1].    The issue here is that, despite the app will fail because of bad credentials, the developer should be warn that the error was an unauthorized rather than timed-outed.          [1] Mule app stack after hitting http://localhost:8081/badCredentials  {code:java|title=log of the mule application}  WARN  2015-07-16 17:54:43,634 [[wsc_wrong_cred].HTTP_Listener_Configuration.worker.01] org.apache.cxf.endpoint.ClientImpl: Timed out waiting for response to operation {http://support.cxf.module.mule.org/}invoke.  ERROR 2015-07-16 17:54:43,647 [[wsc_wrong_cred].HTTP_Listener_Configuration.worker.01] org.mule.exception.DefaultMessagingExceptionStrategy:   ********************************************************************************  Message               : Timed out waiting for response to operation {http://support.cxf.module.mule.org/}invoke.. Failed to route event via endpoint: org.mule.module.cxf.CxfOutboundMessageProcessor. Message payload is of type: PushbackInputStream  Type                  : org.mule.api.transport.DispatchException  Code                  : MULE_ERROR--2  JavaDoc               : http://www.mulesoft.org/docs/site/current3/apidocs/org/mule/api/transport/DispatchException.html  Payload               : java.io.PushbackInputStream@2ef70222  ********************************************************************************  Exception stack is:  1. Timed out waiting for response to operation {http://support.cxf.module.mule.org/}invoke. (java.io.IOException)    org.apache.cxf.endpoint.ClientImpl:740 (null)  2. Timed out waiting for response to operation {http://support.cxf.module.mule.org/}invoke.. Failed to route event via endpoint: org.mule.module.cxf.CxfOutboundMessageProcessor. Message payload is of type: PushbackInputStream (org.mule.api.transport.DispatchException)    org.mule.module.cxf.CxfOutboundMessageProcessor:163 (http://www.mulesoft.org/docs/site/current3/apidocs/org/mule/api/transport/DispatchException.html)  ********************************************************************************  Root Exception stack trace:  java.io.IOException: Timed out waiting for response to operation {http://support.cxf.module.mule.org/}invoke.    org.apache.cxf.endpoint.ClientImpl.waitResponse(ClientImpl.java:740)    org.apache.cxf.endpoint.ClientImpl.processResult(ClientImpl.java:661)    org.apache.cxf.endpoint.ClientImpl.doInvoke(ClientImpl.java:581)    org.apache.cxf.endpoint.ClientImpl.invoke(ClientImpl.java:481)    org.mule.module.cxf.CxfOutboundMessageProcessor.doSendWithClient(CxfOutboundMessageProcessor.java:281)    org.mule.module.cxf.CxfOutboundMessageProcessor.process(CxfOutboundMessageProcessor.java:128)    org.mule.execution.ExceptionToMessagingExceptionExecutionInterceptor.execute(ExceptionToMessagingExceptionExecutionInterceptor.java:24)    org.mule.execution.MessageProcessorNotificationExecutionInterceptor.execute(MessageProcessorNotificationExecutionInterceptor.java:107)    org.mule.execution.MessageProcessorExecutionTemplate.execute(MessageProcessorExecutionTemplate.java:44)    org.mule.processor.BlockingProcessorExecutor.executeNext(BlockingProcessorExecutor.java:94)    org.mule.processor.BlockingProcessorExecutor.execute(BlockingProcessorExecutor.java:56)    org.mule.processor.AbstractRequestResponseMessageProcessor.processBlocking(AbstractRequestResponseMessageProcessor.java:56)    org.mule.processor.AbstractRequestResponseMessageProcessor.process(AbstractRequestResponseMessageProcessor.java:47)    org.mule.execution.ExceptionToMessagingExceptionExecutionInterceptor.execute(ExceptionToMessagingExceptionExecutionInterceptor.java:24)    org.mule.execution.MessageProcessorNotificationExecutionInterceptor.execute(MessageProcessorNotificationExecutionInterceptor.java:107)    org.mule.execution.MessageProcessorExecutionTemplate.execute(MessageProcessorExecutionTemplate.java:44)    org.mule.processor.BlockingProcessorExecutor.executeNext(BlockingProcessorExecutor.java:94)    org.mule.processor.BlockingProcessorExecutor.execute(BlockingProcessorExecutor.java:56)    org.mule.module.ws.consumer.WSConsumer$1.processNext(WSConsumer.java:183)    org.mule.processor.AbstractRequestResponseMessageProcessor.processBlocking(AbstractRequestResponseMessageProcessor.java:56)    org.mule.processor.AbstractRequestResponseMessageProcessor.process(AbstractRequestResponseMessageProcessor.java:47)    org.mule.execution.ExceptionToMessagingExceptionExecutionInterceptor.execute(ExceptionToMessagingExceptionExecutionInterceptor.java:24)    org.mule.execution.MessageProcessorNotificationExecutionInterceptor.execute(MessageProcessorNotificationExecutionInterceptor.java:107)    org.mule.execution.MessageProcessorExecutionTemplate.execute(MessageProcessorExecutionTemplate.java:44)    org.mule.processor.BlockingProcessorExecutor.executeNext(BlockingProcessorExecutor.java:85)    org.mule.processor.BlockingProcessorExecutor.execute(BlockingProcessorExecutor.java:56)    org.mule.execution.ExceptionToMessagingExceptionExecutionInterceptor.execute(ExceptionToMessagingExceptionExecutionInterceptor.java:24)    org.mule.execution.MessageProcessorNotificationExecutionInterceptor.execute(MessageProcessorNotificationExecutionInterceptor.java:107)    org.mule.execution.MessageProcessorExecutionTemplate.execute(MessageProcessorExecutionTemplate.java:44)    org.mule.module.ws.consumer.WSConsumer.process(WSConsumer.java:107)    org.mule.execution.ExceptionToMessagingExceptionExecutionInterceptor.execute(ExceptionToMessagingExceptionExecutionInterceptor.java:24)    org.mule.execution.MessageProcessorNotificationExecutionInterceptor.execute(MessageProcessorNotificationExecutionInterceptor.java:107)    org.mule.execution.MessageProcessorExecutionTemplate.execute(MessageProcessorExecutionTemplate.java:44)    org.mule.processor.BlockingProcessorExecutor.executeNext(BlockingProcessorExecutor.java:85)    org.mule.processor.BlockingProcessorExecutor.execute(BlockingProcessorExecutor.java:56)    org.mule.execution.ExceptionToMessagingExceptionExecutionInterceptor.execute(ExceptionToMessagingExceptionExecutionInterceptor.java:24)    org.mule.execution.MessageProcessorExecutionTemplate.execute(MessageProcessorExecutionTemplate.java:44)    org.mule.processor.BlockingProcessorExecutor.executeNext(BlockingProcessorExecutor.java:94)    org.mule.processor.BlockingProcessorExecutor.execute(BlockingProcessorExecutor.java:56)    org.mule.processor.AsyncInterceptingMessageProcessor.process(AsyncInterceptingMessageProcessor.java:102)    org.mule.execution.ExceptionToMessagingExceptionExecutionInterceptor.execute(ExceptionToMessagingExceptionExecutionInterceptor.java:24)    org.mule.execution.MessageProcessorNotificationExecutionInterceptor.execute(MessageProcessorNotificationExecutionInterceptor.java:107)    org.mule.execution.MessageProcessorExecutionTemplate.execute(MessageProcessorExecutionTemplate.java:44)    org.mule.processor.BlockingProcessorExecutor.executeNext(BlockingProcessorExecutor.java:94)    org.mule.processor.BlockingProcess...  ********************************************************************************  {code}    [2] Mule application to try it out  {code:xml|title=mule app.xml}<?xml version=""1.0"" encoding=""UTF-8""?>    <mule xmlns:dw=""http://www.mulesoft.org/schema/mule/ee/dw"" xmlns:ws=""http://www.mulesoft.org/schema/mule/ws"" xmlns:http=""http://www.mulesoft.org/schema/mule/http"" xmlns=""http://www.mulesoft.org/schema/mule/core"" xmlns:doc=""http://www.mulesoft.org/schema/mule/documentation""  	xmlns:spring=""http://www.springframework.org/schema/beans"" version=""EE-3.7.0""  	xmlns:xsi=""http://www.w3.org/2001/XMLSchema-instance""  	xsi:schemaLocation=""http://www.springframework.org/schema/beans http://www.springframework.org/schema/beans/spring-beans-current.xsd  http://www.mulesoft.org/schema/mule/core http://www.mulesoft.org/schema/mule/core/current/mule.xsd  http://www.mulesoft.org/schema/mule/ws http://www.mulesoft.org/schema/mule/ws/current/mule-ws.xsd  http://www.mulesoft.org/schema/mule/http http://www.mulesoft.org/schema/mule/http/current/mule-http.xsd  http://www.mulesoft.org/schema/mule/ee/dw http://www.mulesoft.org/schema/mule/ee/dw/current/dw.xsd"">      <http:listener-config name=""HTTP_Listener_Configuration"" host=""0.0.0.0"" port=""8081"" doc:name=""HTTP Listener Configuration""/>            <http:request-config name=""HTTP_Request_Configuration_GOOD_CREDS"" doc:name=""HTTP Request Configuration"">          <http:basic-authentication username=""admin"" password=""admin""/>      </http:request-config>      <http:request-config name=""HTTP_Request_Configuration_BAD_CREDS"" doc:name=""HTTP Request Configuration"">          <http:basic-authentication username=""admin"" password=""admin___AAAAAAAAAAAAAAAAAAAAAAA""/>      </http:request-config>            <ws:consumer-config name=""Web_Service_Consumer_BAD_CREDS"" wsdlLocation=""http://localhost:9000/acme-crm/orders?wsdl"" service=""OrderManagementService"" port=""OrderManagementPort"" serviceAddress=""http://localhost:9000/acme-crm/orders"" connectorConfig=""HTTP_Request_Configuration_BAD_CREDS"" doc:name=""Web Service Consumer""/>      <ws:consumer-config name=""Web_Service_Consumer_GOOD_CREDS"" wsdlLocation=""http://localhost:9000/acme-crm/orders?wsdl"" service=""OrderManagementService"" port=""OrderManagementPort"" serviceAddress=""http://localhost:9000/acme-crm/orders"" connectorConfig=""HTTP_Request_Configuration_GOOD_CREDS"" doc:name=""Web Service Consumer""/>                  <flow name=""wsc_wrong_credFlow"">          <http:listener config-ref=""HTTP_Listener_Configuration"" path=""/badCredentials"" doc:name=""badCredentials""/>          <dw:transform-message doc:name=""Transform Message"">              <dw:set-payload><![CDATA[%dw 1.0  %output application/xml  %namespace ns0 http://server.connect.mulesoft.org/  ---  {  	ns0#Create: {  		order: {  			client: ""failureCreatingOrder"",  			clientId: 1,  			description: ""someDesc"",  			id: 1,  			items: {  				sko: 1  			},  			shippingDate: |2003-10-01T23:57:59Z|  		}  	}  }]]></dw:set-payload>          </dw:transform-message>          <ws:consumer config-ref=""Web_Service_Consumer_BAD_CREDS"" operation=""Create"" doc:name=""Web Service Consumer""/>      </flow>      <flow name=""wsc_wrong_credFlow1"">          <http:listener config-ref=""HTTP_Listener_Configuration"" path=""/goodCredentials"" doc:name=""/goodCredentials""/>          <dw:transform-message doc:name=""Transform Message"">              <dw:set-payload><![CDATA[%dw 1.0  %output application/xml  %namespace ns0 http://server.connect.mulesoft.org/  ---  {  	ns0#Create: {  		order: {  			client: ""successCreatingOrder"",  			clientId: 1,  			description: ""description"",  			id: 1,  			items: {  				sko: 1  			},  			shippingDate: |2003-10-01T23:57:59Z|  		}  	}  }]]></dw:set-payload>          </dw:transform-message>          <ws:consumer config-ref=""Web_Service_Consumer_GOOD_CREDS"" operation=""Create"" doc:name=""Web Service Consumer""/>      </flow>  </mule>  {code}",Promote to public api DefaultHttpListenerConfig.resolvePath or equivalent behavior,There's no way to resolve the full path of a listener using the public API.    Mule 3.6 offered the following method that was changed in 3.7:  {code}  public String resolvePath(String listenerPath)  {code},1,1,8,5,2026-05-14T20:44:39Z,2026-05-14T21:05:15Z,1235.536,"{""Decision"": 1}"
mule,5,MULE-8655,MULE-8610,Update jython to 2.7.0,Update to the lastest jython release,Update MVEL version to 2.1.9-MULE-006,Need to update MVEL to include the fix for  MULE-8336,1,1,3,1,2026-05-14T20:44:39Z,2026-05-14T21:05:15Z,1235.951,"{""Decision"": 1}"
mule,5,MULE-8713,MULE-9038,Merge mule 3.x on 4.x branch,Merge latest changes on mule 3 into mule 4 branch,Build Mule 3.7.3 final binaries,Build Mule 3.7.3 final binaries,1,1,5,3,2026-05-14T20:44:39Z,2026-05-14T21:05:15Z,1236.294,"{""Decision"": 1}"
mule,5,MULE-8598,MULE-8543,Deployment should fail when using Invalid MIME type,"When deploying the below config deployment should fail because MIME type does not exists. Now is failing in runtime when executing the flow    {code:xml}  <?xml version=""1.0"" encoding=""UTF-8""?>    <mule xmlns:scripting=""http://www.mulesoft.org/schema/mule/scripting"" xmlns:db=""http://www.mulesoft.org/schema/mule/db""          xmlns:tracking=""http://www.mulesoft.org/schema/mule/ee/tracking""          xmlns:http=""http://www.mulesoft.org/schema/mule/http"" xmlns=""http://www.mulesoft.org/schema/mule/core""          xmlns:doc=""http://www.mulesoft.org/schema/mule/documentation""          xmlns:spring=""http://www.springframework.org/schema/beans"" version=""EE-3.7.0""          xmlns:xsi=""http://www.w3.org/2001/XMLSchema-instance"" xsi:schemaLocation=""http://www.springframework.org/schema/beans http://www.springframework.org/schema/beans/spring-beans-current.xsd  http://www.mulesoft.org/schema/mule/core http://www.mulesoft.org/schema/mule/core/current/mule.xsd  http://www.mulesoft.org/schema/mule/http http://www.mulesoft.org/schema/mule/http/current/mule-http.xsd  http://www.mulesoft.org/schema/mule/ee/tracking http://www.mulesoft.org/schema/mule/ee/tracking/current/mule-tracking-ee.xsd  http://www.mulesoft.org/schema/mule/db http://www.mulesoft.org/schema/mule/db/current/mule-db.xsd  http://www.mulesoft.org/schema/mule/scripting http://www.mulesoft.org/schema/mule/scripting/current/mule-scripting.xsd"">      <http:listener-config name=""HTTP_Listener_Configuration"" host=""0.0.0.0"" port=""8081"" doc:name=""HTTP Listener Configuration""/>      <http:request-config name=""HTTP_Request_Configuration3"" host=""localhost"" port=""8082"" doc:name=""HTTP Request Configuration""/>      <flow name=""nonblockingFlow"" processingStrategy=""non-blocking"">          <http:listener config-ref=""HTTP_Listener_Configuration"" path=""/"" doc:name=""HTTP"" allowedMethods=""GET""/>          <set-payload value=""Response OK"" encoding=""asdfsadf"" returnClass=""pepe"" name=""my-set-payload"" mimeType=""mimeTypeFake/fake"" ignoreBadInput=""false""/>      </flow>  </mule>  {code}",CXF schemas for 3.5 and 3.6 are wrong,https://github.com/mulesoft/mule/blob/mule-3.x/modules/cxf/src/main/resources/META-INF/spring.schemas#L5-L6,1,1,3,1,2026-05-14T20:44:39Z,2026-05-14T21:05:17Z,1237.464,"{""Decision"": 1}"
mule,5,MULE-8600,MULE-8678,Setting wrong encoding causes flow execution to hang,"Deploy the below config and run this:    curl -m 10 http://localhost:8081/  curl: (28) Operation timed out after 10004 milliseconds with 0 bytes received    It logs an error as soon as I send the request but then I only receive the curl timeout without Mule doing anything.    When I remove encoding=""asdfsadf"" ti returns 200 immediately.",HTTP Requestor should not use Host property.,"If I have configured requestor to hit google.com, i should then not be able to set a host message property or host header (on request builder) that conflicts with google.com. Currently if i hit google.com and i have <set-property propertyName=""Host"" value=""pirulo""/> in my flow then google with receive ""Host: pirulo"".    If the host configured is an ip address then thats different, need to decide if requestor should take ""Host"" value from message properties or only from response-builder (or neither) in that case.",-1,1,8,5,2026-05-14T20:44:39Z,2026-05-14T21:05:17Z,1238.414,"{""Decision"": -1}"
mule,5,MULE-8687,MULE-8658,Passing a JaxB annotated pojo to the HTTP listener response is throwing a transformer error,Using the Workday connector and sending a POJO with results to the HTTP listener is throwing the copied transformer error. There is a simple app attached to reproduce it.,"XML header is not removed when proxying, using non blocking cxf:proxy-service and cxf:proxy-client","Steps to reproduce:  - Deploy the attached apps (the leagues-ws will work as a server and the wsdl-proxy as a proxy), notice that the wsdl-proxy app is prepared to be non-blocking.  - Make a the following request:  URL http://localhost:8090/api  Headers:  SOAPAction: getTeamsAction  Content-Type: text/xml;charset=UTF-8  Body:  {code}  <soapenv:Envelope xmlns:soapenv=""http://schemas.xmlsoap.org/soap/envelope/"" xmlns:leag=""http://leagues.examples.mule.org/"" xmlns:soc=""http://mulesoft.com/schemas/soccer"">     <soapenv:Header/>     <soapenv:Body>        <leag:teams>        </leag:teams>     </soapenv:Body>  </soapenv:Envelope>  {code}    Notice that the soap envelope does not contain the xml tag:   <?xml version=""1.0"" encoding=""UTF-8""?>  but the response has it.     This issue does not happen if the proxy is prepared to be blocking (ie. the response never contains the xml tag). Also, the previous versions of Mule didn't add the tag in the response.    This issue appears on every request.",-1,-1,1,8,2026-05-14T20:44:39Z,2026-05-14T21:05:18Z,1238.531,"{""Decision"": -1}"
mule,5,MULE-9084,MULE-8753,Allow SDK to generate Studio support,Allow the new SDK to optionally generate Studio editors and update site. On a first pass we only require functionality similar to that provided by Devkit. We'll iterate more in the future,Give the Extension model the concept of vendor,Currently Extension instances are matched by its getName() method. They should also include the concept of vendor and be used for matching purposes as well.,1,1,13,5,2026-05-14T20:44:39Z,2026-05-14T21:05:18Z,1238.662,"{""Decision"": 1}"
mule,5,MULE-8690,MULE-8506,Remove registry deprecation warnings from log.,"In API Gateway we need to use a registry feature that generates several log entries like:   {code}  WARN 2015-06-05 16:41:53,968 [Thread-2] org.mule.registry.DefaultRegistryBroker: 3 registries have been registered, however adding registries has been deprecated as of Mule 3.7.0  {code}    How to reproduce:  - Configure GW to use any valid organization  - Deploy an API with autodiscovery  - Run GW    Expected:  - The information is not logged at all in no log file.    Actual:  - The information is logged in mule_ee with WARN level.",XSD Generator fails to generate documentation for attributes,We should check with [this tool|https://github.com/mulesoft/mule-tool-schema-doc] that the documentation generated for Validators extension is correct.,-1,-1,1,5,2026-05-14T20:44:39Z,2026-05-14T21:05:18Z,1238.923,"{""Decision"": -1}"
mule,5,MULE-8530,MULE-8596,"Remove domain, ISBN, date, credit card validators",Remove,JMX connection error when using JConsole,"Deployed an simple app with an HTTP listener and HTTP request. Opened Oracle Java Mission Control and when I went to the threads view I got an exception on the console.  I cannot see the threads when using JConsole, it seems that JMC recovers from that error and shows the threads anyway but at the cost of having a big delay in the response time.   This is working in 3.5.x",-1,-1,1,8,2026-05-14T20:44:39Z,2026-05-14T21:05:18Z,1239.229,"{""Decision"": -1}"
mule,5,MULE-8541,MULE-9075,Exposes information needed by DataMapper in order to run as a plugin,"DataMapper is accessing some elements in our code that is defined as protected. Because now DataMapper is going to be a Mule plugin, this won't work anymore as it will ran in a different classloader.    Need access to the following fields on MVELExpressionLanguage: globalFunctions, parserConfiguration and aliases    Need access to MuleImmutableVariableResolver class",Remove RC4 cipher suites from tls-default.conf,As per https://tools.ietf.org/html/rfc7465 we should remove this cipher suites from our suggested ones.,1,-1,2,3,2026-05-14T20:44:39Z,2026-05-14T21:05:19Z,1239.743,"{""Decision"": 1}"
mule,5,MULE-9249,MULE-8565,Allow users to use file/directory pickers as editors for their mule extensions,For file and FTP extensions it would be better to have a directory picker as editor instead of a plain string editor.    Studio supports path editors for the current file connector as shown in the images.    The proposed support for this is to create a @Path annotation to mark fields that need this kind of editor.,Add support for preemptive basic authentication in the HTTP module,"Allow to configure if basic authentication is preemptive or not in the new HTTP connector, by adding an attribute to the config: preemtive=""true|false|expression""    Also add this to the config builder in the public API of the connector.",1,-1,2,3,2026-05-14T20:44:39Z,2026-05-14T21:05:19Z,1240.355,"{""Decision"": 1}"
mule,5,MULE-8543,MULE-9158,CXF schemas for 3.5 and 3.6 are wrong,https://github.com/mulesoft/mule/blob/mule-3.x/modules/cxf/src/main/resources/META-INF/spring.schemas#L5-L6,Change TransformationService to not mutate MuleMessage,There are two parts to this:  * applyTransformers() methods:  ** Update applyTransformers() method signatures to return a MuleMessage instance.  ** Change implementation of  applyTransformers() to return a new message instance with the result of the transformation rather than mutating the original message instance.  ** Update all uses to use the return value as the result of the transformation.  * getPayload() methods:  ** Remove the logic that transparently transforms consumable payloads by mutating the message and setting a byte[] representation.   ** Calls to getPayload() that require transformation of a consumable payload will now fail.  ** Update uses to perform transformation to non-consumable prior to getPayload() if required.  ** Update getPayloadForLogging() implementation to return something like “Stream payload (InputStream)” instead of failing or performing translation. ** Ensure getPayloadForLogging() is only used for system logging and not used be user configured <logger/> component.,-1,-1,1,8,2026-05-14T20:44:39Z,2026-05-14T21:05:20Z,1240.51,"{""Decision"": -1}"
mule,5,MULE-9155,MULE-8736,@Optional should not be allowed when @Parameter group is used,"When using @ParameterGroup, @Optional should be marked as an error.    {code:java}  @Operation  	public SimplePojo parameterGroupPojoOperationWithDefault( @Optional @ParameterGroup SimplePojo pojo) {  		return pojo;  	}  {code}",Enricher does not propagates datatype,Message enricher is not propagating datatype when well-known expressions are used (like expressions returning message's payload/properties),-1,-1,5,8,2026-05-14T20:44:39Z,2026-05-14T21:05:20Z,1241.381,"{""Decision"": -1}"
mule,5,MULE-8549,MULE-8655,Update C3P0 to version 0.9.5,There is a new version of C3P0. Would be great to update it to replace the old version that is shipped on Mule,Update jython to 2.7.0,Update to the lastest jython release,-1,-1,2,3,2026-05-14T20:44:39Z,2026-05-14T21:05:20Z,1241.383,"{""Decision"": -1}"
mule,5,MULE-8854,MULE-8804,Exceptions are wrapped in extensions API,"There's a problem when throwing certain exceptions. I was invoking a non existent method in the operation of an extension, expecting the NoSuchMethodException to be wrapped by a MessagingException. The result was a MessagingException wrapping a UndeclaredThrowableException that then contained my exception. I tracked it down to the rethrowRuntimeException method in class org.springframework.util.ReflectionUtils:  	public static void rethrowRuntimeException(Throwable ex) {  		if (ex instanceof RuntimeException) {  			throw (RuntimeException) ex;  		}  		if (ex instanceof Error) {  			throw (Error) ex;  		}  		throw new UndeclaredThrowableException(ex);  	}  So it seems this involves all exceptions that are not RuntimeException or Error.",CXF does not set the correct mimeType,If payload was a stream and it was consumed and converted to String (for ex. after a logger) dw fails.,1,-1,1,8,2026-05-14T20:44:39Z,2026-05-14T21:05:20Z,1241.388,"{""Decision"": 1}"
mule,5,MULE-8784,MULE-8904,Revisit DefaultExtensionManager implicit config test cases considering MULE-8741,Now that implicit configs are instantiated by DefaultImplicitConfigurationFactory related tests should be refactored and that class should have its own tests.,mule-maven-plugin CloudHub redeployment configuration loss,"When you use the Maven plugin to redeploy an application with the redeploy=true flag, the existing application gets deleted before the updated application is deployed.  This behavior causes all CloudHub configured properties to be lost, and the plugin currently supports only a few of the configurations to be set on the POM file.  CloudHub configurations such as Properties, Insight and Logging need to be reconfigured every time the application is deployed.    Ideally, we should be able to specify all configurations so they can be updated through the POM file, or the Maven plugin should redeploy without deleting the existing application so we don't lose the configuration.",-1,1,5,3,2026-05-14T20:44:39Z,2026-05-14T21:05:22Z,1242.708,"{""Decision"": -1}"
mule,5,MULE-9038,MULE-8798,Build Mule 3.7.3 final binaries,Build Mule 3.7.3 final binaries,Message mime type/encoding must be reset when payload is set without a datatype,"DefaultMuleMessage#setPayload(Object) is maintaining previous mimeType/encoding   instead of cleaning it, this is causing issues as transformers read the payload value taking in account the mimeType, which won't match the payload that was set.",-1,1,3,1,2026-05-14T20:44:39Z,2026-05-14T21:05:22Z,1242.935,"{""Decision"": -1}"
mule,5,MULE-9272,MULE-9109,Improve logging when a TLS error occurs,"Right now we might get a ""Remotely closed"" IOException in the requester, with no relation to TLS or tip to debug it, and no message at all in the listener.",Remove VM transport,Remove VM transport    - All test cases testing VM must be removed  - All test cases  that are using VM as a mean for testing something else should be migrated to use something else whenever possible. PK created some infrastructure to replace VM usage like FunctionalTestCase.runFlow and <test:queue> component. ( see DatasourcePoolingLimitTestCase)  - When is not possible to replace VM a new task should be created to cover that scenario when we have the required connectors/features to be able to test it. Add the test cases class names so we can use them as input for re-creating the test cases). Use issue https://www.mulesoft.org/jira/browse/MULE-9307,-1,-1,1,21,2026-05-14T20:44:39Z,2026-05-14T21:05:22Z,1243.032,"{""Decision"": -1}"
mule,5,MULE-8505,MULE-8536,XSD Generator creates wrong attribute types for numeric parameters,"h2. Size validator has int parameters for min and max values but the generated XSD creates attributes with Long data type.    {code:xml}   <xs:complexType name=""ValidateSizeType"">      <xs:complexContent>        <xs:extension xmlns:mule=""http://www.mulesoft.org/schema/mule/core"" base=""mule:abstractMessageProcessorType"">          <xs:attribute type=""mule:substitutableName"" use=""required"" name=""config-ref"">            <xs:annotation>              <xs:documentation>Specify which configuration to use for this invocation.</xs:documentation>            </xs:annotation>          </xs:attribute>          <xs:attribute type=""mule:expressionObject"" use=""required"" name=""value""></xs:attribute>          <xs:attribute type=""mule:expressionLong"" use=""optional"" name=""min""></xs:attribute>          <xs:attribute type=""mule:expressionLong"" use=""optional"" name=""max""></xs:attribute>          <xs:attribute type=""mule:expressionString"" use=""optional"" name=""message""></xs:attribute>          <xs:attribute type=""mule:expressionString"" use=""optional"" name=""exceptionClass""></xs:attribute>        </xs:extension>      </xs:complexContent>    </xs:complexType>  {code}    {code}  /**       * Validates that {@code value} has a size between certain inclusive boundaries. This       * validator is capable of handling instances of {@link String}, {@link Collection},       * {@link Map} and arrays       *       * @param value   the value to validate       * @param min     the minimum expected length (inclusive, defaults to zero)       * @param max     the maximum expected length (inclusive). Leave unspecified or {@code null} to allow any max length       * @param options the {@link ValidationOptions}       * @param event   the current {@link MuleEvent       */      @Operation      public void validateSize(Object value,                               @Optional(defaultValue = ""0"") int min,                               @Optional Integer max,                               @ParameterGroup ValidationOptions options,                               MuleEvent event) throws Exception      {          ValidationContext context = createContext(options, event);          validateWith(new SizeValidator(value, min, max, context), context, event);      }  {code}    h2. expressionObject is generated for java.lang.Long parameters in isLong validator  {code:xml}    <xs:element xmlns=""http://www.mulesoft.org/schema/mule/validation"" type=""IsLongType"" substitutionGroup=""validator-message-processor"" name=""is-long""></xs:element>    <xs:complexType name=""IsLongType"">      <xs:complexContent>        <xs:extension xmlns:mule=""http://www.mulesoft.org/schema/mule/core"" base=""mule:abstractMessageProcessorType"">          <xs:attribute type=""mule:substitutableName"" use=""required"" name=""config-ref"">            <xs:annotation>              <xs:documentation>Specify which configuration to use for this invocation.</xs:documentation>            </xs:annotation>          </xs:attribute>          <xs:attribute type=""mule:expressionString"" use=""optional"" name=""pattern""></xs:attribute>          <xs:attribute type=""mule:expressionString"" use=""required"" name=""value""></xs:attribute>          <xs:attribute type=""mule:expressionString"" use=""optional"" name=""locale""></xs:attribute>          <xs:attribute type=""mule:expressionObject"" use=""optional"" name=""minValue""></xs:attribute>          <xs:attribute type=""mule:expressionObject"" use=""optional"" name=""maxValue""></xs:attribute>          <xs:attribute type=""mule:expressionString"" use=""optional"" name=""exceptionClass""></xs:attribute>          <xs:attribute type=""mule:expressionString"" use=""optional"" name=""message""></xs:attribute>        </xs:extension>      </xs:complexContent>    </xs:complexType>  {code}",DI should never include Devkit components,"Although MULE-8534 and MULE-8415 tried to keep some level of compatibility between mule's injector and devkit's components, some other integration issues keep popping up so we decided that for now Devkit will be excluded from it. Devkit will provide its own solution for DI",-1,1,3,1,2026-05-14T20:44:39Z,2026-05-14T21:05:22Z,1243.134,"{""Decision"": -1}"
mule,5,MULE-8536,MULE-8958,DI should never include Devkit components,"Although MULE-8534 and MULE-8415 tried to keep some level of compatibility between mule's injector and devkit's components, some other integration issues keep popping up so we decided that for now Devkit will be excluded from it. Devkit will provide its own solution for DI",Allow insecure HTTPS connections,"It is now impossible to disable all certificate validations in HTTPS, which would be useful for QA and early development scenarios. Though -Dcom.ning.http.client.AsyncHttpClientConfig.acceptAnyCertificate=true is intended for this, we are always adding our own default TlsContext when the protocol is HTTPS and thus bypassing that AHC logic.",1,-1,1,8,2026-05-14T20:44:39Z,2026-05-14T21:05:23Z,1244.35,"{""Decision"": 1}"
mule,5,MULE-8676,MULE-9228,HTTP listener should ignore 'Transfer-Encoding' property as it is a hop-by-hop header,"Transfer-Encoding is a hop-by-hop header and therefore shouldn't really be used by HTTP listener if there is a ""transfer-encoding"" property present in the outbound property scope to determine response streaming behaviour.    Generally current behaviour is fine, but there is one case that is currently incorrect IMO.    * We shouldn't stream a String payload when the ""transfer-encoding"" outbound message property is present.  * We shouldn't stream a String payload when the ""transfer-encoding"" and ""content-length"" outbound message properties are both present.  * Aso, While I think it is probably correct that  a String payload should be streamed when a ""transfer-encoding"" header is configured and streaming mode is 'AUTO'.  This is not the way the user should be enabling streaming and I suggest we log an INFO message whenever a transfer-encoding header is set suggesting the user uses the responseStreamingMode attribute instead.    Failing test that show this can be found in this branch: https://github.com/mulesoft/mule/compare/MULE-8676    *AUTO Behaviour appears to be inconsistent with HTTP requestor because the presence of both transfer-encoding/content-length headers results in no streaming with requestor, but streaming with listener*","SDK: Split extensions parent POM, for internal and external extensions","*Split extensions parent POM*    * Create a new Parent POM for external (to Mule Distribution) extensions, to be used by MuleSoft internal connectors (Salesforce, Workday, etc) and third party (custom connectors, certification).  ** One of the problems the actual POM is that project version (the extension version) is attached to all Mule dependencies version. For external connectors, this should be detached .  * Rollback the changes made in the actual extensions POM, to be used exclusively for Mule Distribution extensions. (MULE-9055)",-1,1,8,5,2026-05-14T20:44:39Z,2026-05-14T21:05:23Z,1244.407,"{""Decision"": -1}"
mule,5,MULE-9112,MULE-8615,Remove SSL transport,1.2.14 Remove SSL transport,Regression found on proxy scenario with the new http module.,"proxy scenario have a regression between 3.7.0-SNAPSHOT 1 and 2, build on may 12.         build             tps           latency  	3.7.0-RC	6847.83	27.9199  	3.6.2	18380.5	8.63  	Diff %	-62.74%	223.52%",-1,-1,5,13,2026-05-14T20:44:39Z,2026-05-14T21:05:24Z,1244.655,"{""Decision"": -1}"
mule,5,MULE-9060,MULE-8503,Update commons-collections version,"The Apache commons-collections library (4.0, 3.2.1 and older) has a vulnerability in the InvokerTransformer object where serializable collections are allowed to execute arbitrary Java code, whenever the library is in the classpath.    If we have an endpoint that receives a serializable object, that object can invoke arbitrary Java code at the moment we try to deserialize it.    We should upgrade to the fixed version (3.2.2) as soon as it's available or remove the class from our classpath.","Remove the ""extension"" prefix from the generated XSD file name","Since per MULE-8485 we decided that extensions should not have any naming differentiator, the %s-extension-%s pattern which is now used to name generated XSD needs to change to be source agnostic.",1,1,3,1,2026-05-14T20:44:39Z,2026-05-14T21:05:24Z,1244.805,"{""Decision"": 1}"
mule,5,MULE-8821,MULE-8628,Concurrent calls to the OAuth2 authorize MessageProcessor fail when passing different values for accessTokenUrl,"When the authorize MessageProcessor is invoked by 2 different users at the same time and each of those invocations is done with a different value for the accessTokenUrl, the access token request for one of them is made to the wrong url.    I am using the salesforce connector v6.2.1 and this is how my authorize call looks like:    <sfdc:authorize       display=""#[flowVars['display']]""       authorizationUrl=""#[flowVars['salesForceUrl'] + '/authorize']""       accessTokenUrl=""#[flowVars['salesForceUrl'] + '/token']""       config-ref=""sfdcConnectorConfig""       state=""#[payload]""       accessTokenId=""#[flowVars['remoteUserId']]"" />    The flowVar salesforceUrl can take 2 possible values, which are:  https://login.salesforce.com (Salesforce Production)  https://test.salesforce.com (Salesforce Sandbox)    When a user does the OAuth dance to login.salesforce.com at the same time another user does the OAuth dance to test.salesforce.com, one of the dances fail.    ------------------------------------------------------------------------------------------    I believe the problem can be found in the way the accessTokenUrl is retrieved and saved by these 2 processors (in mule-devkit-support):  - org.mule.security.oauth.processor.BaseOAuth2AuthorizeMessageProcessor<T>  - org.mule.security.oauth.processor.OAuth2FetchAccessTokenMessageProcessor    The BaseOAuth2AuthorizeMessageProcessor<T> (line 81) saves the accessTokenUrl value in the defaultUnauthorizedConnector object of the OAuth2Manager.  The OAuth2FetchAccessTokenMessageProcessor (line 57) obtains an OAuth2Adapter (used to fetch the access token) from the OAuth2Manager. The OAuth2Manager creates the adapter setting the accessTokenUrl (line 256 BaseOAuth2Manager<T>) with the value taken from the defaultUnauthorizedConnector object.    https://github.com/mulesoft/mule/blob/mule-3.5.2/modules/devkit-support/src/main/java/org/mule/security/oauth/processor/BaseOAuth2AuthorizeMessageProcessor.java#L81    https://github.com/mulesoft/mule/blob/mule-3.5.2/modules/devkit-support/src/main/java/org/mule/security/oauth/processor/OAuth2FetchAccessTokenMessageProcessor.java#L57    https://github.com/mulesoft/mule/blob/mule-3.5.2/modules/devkit-support/src/main/java/org/mule/security/oauth/BaseOAuth2Manager.java#L256    The defaultUnauthorizedConnector of the OAuth2Manager is common to all events and threads. I believe that when 2 users are doing the oauth dance at the same time the accessTokenUrl value of the defaultUnauthorizedConnector is being overwritten by the second user before the first is able to fetch the access token.",HTTP Connector should not send/respond http.* properties,"HTTP Connector knows these properties are internal, so it makes sense that they are filtered and not sent.",1,1,8,5,2026-05-14T20:44:39Z,2026-05-14T21:05:24Z,1244.81,"{""Decision"": 1}"
mule,5,MULE-8834,MULE-9257,Fix ext-api version in 3.x,Further development of the ext-api will continue on the Mule 4 branch and thus the version of it should be fix for 3.x,Test client credentials token request authentication,"Since MULE-9204 is done, we need to test that this actually works for the APIs  mentioned.   || OAuth Server || Using Basic Auth || Encode In Body || |Paypal API| SUCCESS | N/A | |Twitter API| SUCCESS | N/A | |Facebook API| N/A | SUCCESS | |Spotify API| SUCCESS | SUCCESS | |OAuth Provider| SUCCESS | SUCCESS |  It was also tested the case when a token expires and then the need to obtain a new one using the Spotify api.",-1,-1,1,5,2026-05-14T20:44:39Z,2026-05-14T21:05:25Z,1245.679,"{""Decision"": -1}"
mule,5,MULE-9083,MULE-9249,Add the concept of Message Sources in the Ext-Api,Allow the Ext-Api and the Ext-Framework to define and implement message sources,Allow users to use file/directory pickers as editors for their mule extensions,For file and FTP extensions it would be better to have a directory picker as editor instead of a plain string editor.    Studio supports path editors for the current file connector as shown in the images.    The proposed support for this is to create a @Path annotation to mark fields that need this kind of editor.,1,1,13,2,2026-05-14T20:44:39Z,2026-05-14T21:05:25Z,1246.089,"{""Decision"": 1}"
mule,5,MULE-8565,MULE-8523,Add support for preemptive basic authentication in the HTTP module,"Allow to configure if basic authentication is preemptive or not in the new HTTP connector, by adding an attribute to the config: preemtive=""true|false|expression""    Also add this to the config builder in the public API of the connector.",When all validator fails it should always throw an exception,"Allowing all validator to avoid throwing an exception make us think about where should the validation result go. If we put it in the payload, we should overwrite the payload always, not only for the failing scenario. So, best solution for now is to always throw an exception. If needed in the future we can add the option to not throw an exception and put the result in a flow variable.",1,1,3,1,2026-05-14T20:44:39Z,2026-05-14T21:05:25Z,1246.397,"{""Decision"": 1}"
mule,5,MULE-8538,MULE-8916,Dispose lifecycle phase is invoked even when initialise phase fails,dispose() should not be invoked if initialise() fails.  At least thats how I believe it always worked.      This change causes NPE's in dispose() in a lot of cases. Which results in much more verbose and confusing errores being logged.,Unclear message when more than one transformer is available,"When Mule finds more than one transformer flow execution fails. In this case we should show more information about the problem to the user, like why those transformers where selected and what to do to solve the problem.",1,1,5,2,2026-05-14T20:44:39Z,2026-05-14T21:05:26Z,1246.487,"{""Decision"": 1}"
mule,5,MULE-8772,MULE-9120,Create the new object store,Create the new object store.,Remove devkit-support module,Remove module from the Mule 4 project,1,1,13,2,2026-05-14T20:44:39Z,2026-05-14T21:05:26Z,1247.288,"{""Decision"": 1}"
mule,5,MULE-8601,MULE-9272,Deployment should fail when using invalid encoding,"When deploying the below config deployment should fail because encoding does not exists. Now is failing in runtime when executing the flow    {code:xml}  <?xml version=""1.0"" encoding=""UTF-8""?>    <mule xmlns:scripting=""http://www.mulesoft.org/schema/mule/scripting"" xmlns:db=""http://www.mulesoft.org/schema/mule/db""          xmlns:tracking=""http://www.mulesoft.org/schema/mule/ee/tracking""          xmlns:http=""http://www.mulesoft.org/schema/mule/http"" xmlns=""http://www.mulesoft.org/schema/mule/core""          xmlns:doc=""http://www.mulesoft.org/schema/mule/documentation""          xmlns:spring=""http://www.springframework.org/schema/beans"" version=""EE-3.7.0""          xmlns:xsi=""http://www.w3.org/2001/XMLSchema-instance"" xsi:schemaLocation=""http://www.springframework.org/schema/beans http://www.springframework.org/schema/beans/spring-beans-current.xsd  http://www.mulesoft.org/schema/mule/core http://www.mulesoft.org/schema/mule/core/current/mule.xsd  http://www.mulesoft.org/schema/mule/http http://www.mulesoft.org/schema/mule/http/current/mule-http.xsd  http://www.mulesoft.org/schema/mule/ee/tracking http://www.mulesoft.org/schema/mule/ee/tracking/current/mule-tracking-ee.xsd  http://www.mulesoft.org/schema/mule/db http://www.mulesoft.org/schema/mule/db/current/mule-db.xsd  http://www.mulesoft.org/schema/mule/scripting http://www.mulesoft.org/schema/mule/scripting/current/mule-scripting.xsd"">      <http:listener-config name=""HTTP_Listener_Configuration"" host=""0.0.0.0"" port=""8081"" doc:name=""HTTP Listener Configuration""/>      <http:request-config name=""HTTP_Request_Configuration3"" host=""localhost"" port=""8082"" doc:name=""HTTP Request Configuration""/>      <flow name=""nonblockingFlow"" processingStrategy=""non-blocking"">          <http:listener config-ref=""HTTP_Listener_Configuration"" path=""/"" doc:name=""HTTP"" allowedMethods=""GET""/>          <set-payload value=""Response OK"" encoding=""asdfsadf"" name=""my-set-payload"" />      </flow>  </mule>  {code}",Improve logging when a TLS error occurs,"Right now we might get a ""Remotely closed"" IOException in the requester, with no relation to TLS or tip to debug it, and no message at all in the listener.",1,1,3,1,2026-05-14T20:44:39Z,2026-05-14T21:05:26Z,1247.427,"{""Decision"": 1}"
mule,5,MULE-8615,MULE-8510,Regression found on proxy scenario with the new http module.,"proxy scenario have a regression between 3.7.0-SNAPSHOT 1 and 2, build on may 12.         build             tps           latency  	3.7.0-RC	6847.83	27.9199  	3.6.2	18380.5	8.63  	Diff %	-62.74%	223.52%",Setting a NullPayload in a property must behave as setting null,"Mule uses NullPayload to represent a null value in a MuleMessage's payload.  When a message has NullPayload and a property is set using an expression like #[payload], then the property will contain NullPayload.  This situation requires that checking a property requires to consider NullPayload value as a separate case other than null and not null.",1,1,13,2,2026-05-14T20:44:39Z,2026-05-14T21:05:27Z,1247.731,"{""Decision"": 1}"
mule,5,MULE-8741,MULE-8553,Extract logic for creating implicit configs to a separate class,The logic for creating implicit configurations is now part of the DefaultExtensionsManager. Would be good to have that extracted to a separate class,Add max-send-buffer-size entry in wrapper.conf,We need to add that property now that it's available.,1,1,5,3,2026-05-14T20:44:39Z,2026-05-14T21:05:27Z,1247.733,"{""Decision"": 1}"
mule,5,MULE-8657,MULE-8507,XMLStreamException when using non blocking cxf:proxy-service and cxf:proxy-client,"Steps to reproduce:  - Deploy the attached apps (the leagues-ws will work as a server and the wsdl-proxy as a proxy), notice that the wsdl-proxy app is prepared to be non-blocking.  - Make a the following request:  URL http://localhost:8090/api  Headers:  SOAPAction: getTeamsAction  Content-Type: text/xml;charset=UTF-8  Body:  {code}  <soapenv:Envelope xmlns:soapenv=""http://schemas.xmlsoap.org/soap/envelope/"" xmlns:leag=""http://leagues.examples.mule.org/"" xmlns:soc=""http://mulesoft.com/schemas/soccer"">     <soapenv:Header/>     <soapenv:Body>        <leag:teams>        </leag:teams>     </soapenv:Body>  </soapenv:Envelope>  {code}    This warning appears in the log of every request",Replace all string to number validators by a single one,"There are several validators that allows to check whether a string has a number format: is-long, is-integer, is-double, is-float, is short. It would be a better user experience to have just one is-number and let user decide on the range using min and max attributes.",1,1,3,1,2026-05-14T20:44:39Z,2026-05-14T21:05:28Z,1248.517,"{""Decision"": 1}"
mule,5,MULE-8904,MULE-8897,mule-maven-plugin CloudHub redeployment configuration loss,"When you use the Maven plugin to redeploy an application with the redeploy=true flag, the existing application gets deleted before the updated application is deployed.  This behavior causes all CloudHub configured properties to be lost, and the plugin currently supports only a few of the configurations to be set on the POM file.  CloudHub configurations such as Properties, Insight and Logging need to be reconfigured every time the application is deployed.    Ideally, we should be able to specify all configurations so they can be updated through the POM file, or the Maven plugin should redeploy without deleting the existing application so we don't lose the configuration.",mule-maven-plugin CloudHub deployment fails when domain is already in use,"When trying to deploy an application to CloudHub, deployment fails if the domain is already in use.    Plugin should validate that the domain is free before trying to deploy the application.",1,1,3,1,2026-05-14T20:44:39Z,2026-05-14T21:05:28Z,1249.059,"{""Decision"": 1}"
mule,5,MULE-8725,MULE-8625,Implememnt multitenant configuration eviction policy,When using configs multitenant with extenision API there should be a way to evict (dispose) config that are not longer used.     This is critical to avoid OOM and wasting resources for use cases where there may be hundreds or thousands config created over time.,Support disablePropertiesAsHeaders in http:request builder config,http:listener element supports disablePropertiesAsHeaders in the response builder configuration.     We should add support for disablePropertiesAsHeaders in the http:request builder element. Also it must support mule expressions.,1,1,8,5,2026-05-14T20:44:39Z,2026-05-14T21:05:30Z,1250.574,"{""Decision"": 1}"
mule,5,MULE-9191,MULE-9252,Spike on new FTP connector,Spike on a new FTP connector which is consistent with the new File one,Allow users to use password editor for sensitive data fields,"When a field is related to sentisitive data, like passwords or tokens, users should be able to use the password editor field.    To do this, users should be able to mark the parameters and configurable field with @Password.",1,1,13,2,2026-05-14T20:44:39Z,2026-05-14T21:05:30Z,1250.722,"{""Decision"": 1}"
