method,pearson_correlation,spearman_correlation,mean_absolute_error,root_mean_squared_error,accuracy_within_1,accuracy_within_2,avg_response_time,total_predictions,successful_predictions
Zero-shot,0.3741785814098561,0.021424237951507552,2.476923076923077,3.2177392923986483,0.3384615384615385,0.6153846153846154,4.522983140211839,65,65
Few-shot,0.33857735343848677,0.4015605576056829,3.4153846153846152,4.04589060272652,0.2153846153846154,0.4,0.46280941596397984,65,65
