method,pearson_correlation,spearman_correlation,mae,rmse,accuracy_within_1,accuracy_within_2,avg_response_time,total_predictions
zero_shot,0.3214284173479183,0.34919148523147747,0,0,0.23076923076923078,0.4153846153846154,0,65
few_shot,0.4626127259897717,0.4887029788279069,0,0,0.23076923076923078,0.38461538461538464,0,65
