{
  "project_name": "jirasoftware_filtered",
  "test_samples": 65,
  "few_shot_examples": 5,
  "zero_shot_metrics": {
    "pearson_correlation": 0.3168335120350305,
    "spearman_correlation": 0.33481375529616836,
    "mean_absolute_error": 5.584615384615384,
    "root_mean_squared_error": 7.085195833567341,
    "accuracy_within_1": 0.13846153846153847,
    "accuracy_within_2": 0.2153846153846154,
    "total_predictions": 65
  },
  "few_shot_metrics": {
    "pearson_correlation": 0.4641398162573476,
    "spearman_correlation": 0.5416774349929468,
    "mean_absolute_error": 1.3846153846153846,
    "root_mean_squared_error": 2.1908902300206643,
    "accuracy_within_1": 0.6153846153846154,
    "accuracy_within_2": 0.8153846153846154,
    "total_predictions": 65
  }
}