{
  "project_name": "jirasoftware_filtered",
  "test_samples": 65,
  "few_shot_examples": 5,
  "zero_shot_metrics": {
    "pearson_correlation": 0.41110524697425366,
    "spearman_correlation": 0.41982530727835654,
    "mean_absolute_error": 2.5846153846153848,
    "root_mean_squared_error": 3.3420399113760997,
    "accuracy_within_1": 0.35384615384615387,
    "accuracy_within_2": 0.5230769230769231,
    "total_predictions": 65
  },
  "few_shot_metrics": {
    "pearson_correlation": 0.43970824394397323,
    "spearman_correlation": 0.47481606951329236,
    "mean_absolute_error": 5.584615384615384,
    "root_mean_squared_error": 7.54983443527075,
    "accuracy_within_1": 0.2,
    "accuracy_within_2": 0.3384615384615385,
    "total_predictions": 65
  }
}