method,pearson_correlation,spearman_correlation,mean_absolute_error,root_mean_squared_error,accuracy_within_1,accuracy_within_2,avg_response_time,total_predictions,successful_predictions
Zero-shot,0.3741785814098561,0.021424237951507552,2.476923076923077,3.2177392923986483,0.3384615384615385,0.6153846153846154,5.376582461137038,65,65
Few-shot,0.3251773871599034,0.36382067424839204,3.353846153846154,3.914470196984124,0.18461538461538463,0.4153846153846154,0.5638786169198843,65,65
