dataset,run_index,issuekey_xi,issuekey_xj,title_xi,description_xi,title_xj,description_xj,predicted_Yi,actual_Yi,storypoint_xi,storypoint_xj,request_started_at,request_finished_at,request_runtime_seconds,raw_response
moodle,2,MDL-53190,MDL-47417,Create event for evidence of prior learning viewed,"Just an event for when a specific evidence of prior learning is viewed, triggered from the user_evidence.php file.",grademax should be reset to 100 when switching from natural agg method to different one,if category with any other than natural agg method is created the grademax is set to 100. When we change the agg method to natural the grademax is adjusted. When we change the agg method from natural to anything else the grademax is NOT set to 100.    P.S. I don't know atm if 100 is hardcoded or is a setting,-1,-1,1,5,2026-05-14T15:07:19Z,2026-05-14T16:26:50Z,4770.689,"{""Decision"": -1}"
moodle,2,MDL-47244,MDL-52861,Dividers don't display well in responsive layouts,"Identified during MDL-45893, dividers appear as horizontal lines in responsive menus when they should be vertical instead.",The grading dialogue should show who is being graded,"Noticed on the prototype site, after the dialogue opens there is no reference to the user that we're grading. (From the competency breakdown).",-1,1,3,1,2026-05-14T15:07:19Z,2026-05-14T16:26:53Z,4773.55,"{""Decision"": -1}"
moodle,2,MDL-52709,MDL-50482,Create C(R)UD events for competency frameworks,"This issue will create 3 events:    - \tool_lp\event\framework_created  - \tool_lp\event\framework_updated  - \tool_lp\event\framework_deleted    From the top of my head I don't see any information to place in _other_.    Those events should be triggered anywhere where a framework is created, updated, or deleted, if the code is well structured this should be 3 API methods.    Tests are required for each event. See _events_test.php_ files.    Documentation: https://docs.moodle.org/dev/Event_2#Properties",Add ability to duplicate a learning plan template,"The docs say ""Learning plan templates should allow ""duplication"" to create a new template for a new year (for example)"" but currently this behaviour does not exist.",-1,1,3,1,2026-05-14T15:07:19Z,2026-05-14T16:26:53Z,4774.272,"{""Decision"": -1}"
moodle,2,MDL-47520,MDL-53185,Styling changes for gradebook design improvements,"Barbara needs more CSS classes for her work on MDL-47363  Seems reasonable to add those classes inside natural aggregation branch so she will (hopefully) only need to work with .less and .css    1. Add classes 'levelodd' and 'leveleven' (or 'depthodd' and 'deptheven') for cells in user report and setup page, and also make sure that 'level1', 'level2', etc. are added to each cell. This classes will be used for swapping background color for netsted categories and adding indentation to some fields. Add missing classes specifying which column cell belongs to, the table itself, the empty row, etc  -2. Remove ""Category total"" row from setup page and move it's contents into the category header row. This will involve changing some behat tests checking the contents of the table.-",Big button to turn CBE on/off.,One setting to rule them all,-1,1,8,3,2026-05-14T15:07:19Z,2026-05-14T16:26:54Z,4774.782,"{""Decision"": -1}"
moodle,2,MDL-50182,MDL-47055,Decide Moodle 3.0 requirements and push them to environment.xml,"We need to decide ASAP about all the PHP/DB/Moodle versions requirements and put all them into the environmental tests (adding them to all supported branches).    At the same time, if there is any change in the PHP version... some changes have to be populated to various installers and replace them by the new one when corresponding. To get a list of candidates:    grep -r '5\.x\.y' * | grep '\.php'    (and look for MDL-39007 status, about to unify all those duplicated checks)    Ciao :-)",reimplement extra credit handling with natural weights.,"See https://tracker.moodle.org/browse/MDL-46576 for the code to branch from, unless that issue has already been integrated.    See the spec at https://docs.moodle.org/dev/Natural_weighting    See https://github.com/MoodleGradebookWorkingGroup/moodle/compare/master...28_natural_weights for the original prototype implementation.",-1,1,13,8,2026-05-14T15:07:19Z,2026-05-14T16:26:55Z,4775.908,"{""Decision"": -1}"
moodle,2,MDL-47056,MDL-46695,"Grader report displays ""error"" for single item in new course","If you create a new course, enrol a student, create one assignment then go to the grader report it reports ""Error"" as the student's grade.    Changing a setting like weight or aggregation method may resolve it.","Get prototype onto prototype.moodle.net, promote and request feedback","Once the UMN prototype has been checked and possibly modified to meet Moodle coding standards, the prototype should be shared publicly, with an opportunity for feedback.",-1,1,20,8,2026-05-14T15:07:19Z,2026-05-14T16:26:56Z,4776.627,"{""Decision"": -1}"
moodle,2,MDL-47252,MDL-51805,Discussion subscriptions visible (and broken) to guests,"Discussion subscriptions visible (and broken) to guests    # Create a new forum on the course front page  # Create a discussion in the forum  # Logout  # View the forum as a guest  #* *The envelope icons are visible, and clicking them gives an error*",Freeze a learning plan when it is marked as completed,"When a learning plan is marked as completed we will archive the status of its competencies into an archive table or equivalent. Any further change to the competencies by users who have the permissions will be stored in the archived table, but an evidence will be added to the competency.",-1,1,8,3,2026-05-14T15:07:19Z,2026-05-14T16:26:56Z,4776.629,"{""Decision"": -1}"
moodle,2,MDL-51442,MDL-47056,Framework scales configuration must be mandatory,Currently it is possible for scales to be set without a default or proficiency value set. The form needs to throw a validation error when the scale was not properly defined when creating a competency framework.    We consider the scale properly configured when:    - It defines a default value  - It defines at least one proficiency value    Search for TODOs in the existing code.,"Grader report displays ""error"" for single item in new course","If you create a new course, enrol a student, create one assignment then go to the grader report it reports ""Error"" as the student's grade.    Changing a setting like weight or aggregation method may resolve it.",1,-1,2,20,2026-05-14T15:07:19Z,2026-05-14T16:26:56Z,4776.662,"{""Decision"": 1}"
moodle,2,MDL-51034,MDL-53195,Add page to list competencies in a user learning plan,"This page is linked in the menu, but doesn't exist currently.    https://docs.moodle.org/dev/images_dev/b/ba/cbe_spec12.jpg    -Also, this issue should allow for a user to remove a competency from a plan. Implement reordering if you wish to, otherwise please raise a follow-up.- Moved to MDL-50328",Undefined variable: coursecompetency warning in \tool_lp\api::get_user_competency_in_course(),"There is an undefined variable $coursecompetency in \tool_lp\api::get_user_competency_in_course() (see [here|https://github.com/FMCorz/moodle/blob/cbe/admin/tool/lp/classes/api.php#L1129]. I think that it should be {{$competency}}    I am not sure how to trigger the issue but, by setting {{$found}} to false, the following will be shown in the user course competency page.  {code}  Notice: Undefined variable: coursecompetency in /home/jun/moodles/cbe/moodle/admin/tool/lp/classes/api.php on line 1130  {code}",1,1,3,1,2026-05-14T15:07:19Z,2026-05-14T16:26:56Z,4777.136,"{""Decision"": 1}"
moodle,2,MDL-52106,MDL-52408,Remove competency rules on parent when children are being moved or deleted,"When used in rules, especially with the rule based on points, if a competency is moved then the validation for the parent will fail when edited. But more importantly the rule of the parent it is coming from and the rules of the parent where it is going to will be affected in a random way. Also our UI will not display rules that have been moved, or deleted.    In order to prevent managers from messing up a framework we will prevent _move_, _delete_ and perhaps _add_ when the competency is being used in a rule.",api::list_related_competencies should not require manage capability,Everyone who can view the competency should be able to view the related competencies.,1,1,3,1,2026-05-14T15:07:19Z,2026-05-14T16:26:57Z,4777.665,"{""Decision"": 1}"
moodle,2,MDL-47242,MDL-51035,Fix nested custom_menu responsive display,"Identified during MDL-45893, deeply-nested items have hover behaviour that's not consistent with root-level items.    Responsive issues with dividers on 2.8 have been split off into MDL-47244.","Create workflow for requesting approval, and approving draft learning plans.",https://docs.moodle.org/dev/Competency_Based_Education#User_learning_plans,-1,1,5,1,2026-05-14T15:07:19Z,2026-05-14T16:26:57Z,4777.757,"{""Decision"": -1}"
moodle,2,MDL-51862,MDL-51233,Create a persistent model user_competency_plan,This model will archive the _user_competency_ records for a specific plan when the plan is frozen. It should contain the same information than the user_competency with the addition of the plan ID.    This issue is just about creating the model.,Remove unused ID number from learning plan templates,See discussion in MDL-51027.,1,1,3,1,2026-05-14T15:07:19Z,2026-05-14T16:26:58Z,4778.656,"{""Decision"": 1}"
moodle,2,MDL-47011,MDL-47297,Apply natural weights to all grade items when setting up the gradebook.,"All assessments and categories should have a natural weight applied by default.  e.g.  assignment one 75 points - weight = 75%  assignment two 25 points - weight = 25%  Total weight = 100%    If one of the weights is manually altered, then the other assignments should be automatically updated to equal 100%  e.g.  assignment one 75 point - weight manually changed to 80%  assignment two 25 point - weight automatically updated to 20%  Total weight = 100%    We thought that perhaps an additional field could be added to the grade_item table of weightoverride like the demo code has, to determine if a weight was manually changed or not.",Upgrade Google APIs Client Library to 1.0.5 for Moodle 2.8 release,Library: Google APIs Client Library	  Current version: 0.6.0	  Latest version: 1.0.5-beta	  https://github.com/google/google-api-php-client    Make sure to update files:  - lib/google/ (library itself)  - lib/thirdpartylibs.xml (indicate the current version)  - lib/google/readme_moodle.txt (indicate the current version and/or changes made),1,1,20,8,2026-05-14T15:07:19Z,2026-05-14T16:26:58Z,4778.931,"{""Decision"": 1}"
moodle,2,MDL-49464,MDL-47046,Course competency links should be included in course backup/restore,"The course competency should be restored, if the competency exists in the site (match of idnumber of both the competency and the framework).",Update code from UCLA to meet coding style guidelines,Another stub issue to get issues against the actual work body.,1,-1,2,40,2026-05-14T15:07:19Z,2026-05-14T16:26:58Z,4779.492,"{""Decision"": 1}"
moodle,2,MDL-52229,MDL-51638,Handle hidden templates/frameworks when linking competencies,"When a user is building a framework they can set their framework as hidden, in which case it will not show up in the different areas where a framework can be picked to then select some of its competencies. The same applies to templates, when the template is hidden it can not be selected to create a plan from that template.    There is no security risks attached to this issue, which means that the functions listing the frameworks and templates use an optional argument to filter out the invisible template/frameworks. Everyone can list hidden frameworks/templates but the UI will only display the relevant ones (visible). Crafting a request will report the hidden frameworks/templates, and that's fine.    However, the methods that are linking competencies to a framework/template should first check that the competency is not part of a hidden framework, in which case it cannot be linked. The method creating a plan from a template will perform the same check to ensure that the template is visible.    Note that if a framework/template is hidden after the competency/plan was created nothing happens. The hidden option is just there to act as a draft/archived flag to only display the relevant options in the UI. If the competency/plan was already created then it remains visible regardless of the status of its origin.    At a later stage we may decide to rename _visible_ to something more relevant. Or to have a _status_ on the framework/template (draft, active, archived). In that case a framework/template would have to be made ""Active"" to be visible in the relevant UI, and it could not be sent back as draft when used. Later maybe.",Use taxonomy terms in competency names everywhere,"Once MDL-51026 is done, we need to use the taxonomy terms wherever we used to display ""Competency"", unless the taxonomy level is not defined.",-1,1,3,1,2026-05-14T15:07:19Z,2026-05-14T16:26:59Z,4780.003,"{""Decision"": -1}"
moodle,2,MDL-49463,MDL-46980,A user can upload evidence or prior learning,"This issue is about creating a model and interface for a user to add evidence. User evidences are stored using the persistent _user_evidence_. They may contain a title, description, one URL and files. Only one URL can be linked, others should be added to the description, this can be clarified in the help popup for the URL.    At this stage the evidence will not be linked to a competency.",Move install code into core,Right now the install code is in local/gradebookcoredb. It needs to be moved into core. Also upgrade code needs to be written. Then the local plugin can be removed.,1,1,13,8,2026-05-14T15:07:19Z,2026-05-14T16:26:59Z,4780.009,"{""Decision"": 1}"
moodle,2,MDL-51039,MDL-51504,Add completion rules to course - competency links,"For competencies linked to a course - the link should be able to be configured to allow either:    The competency should be ""Completed/Recommended"" when the course is completed. There should also be an option to do nothing.    The screen should explain that in any case when the course is completed an evidence attached to the user's evidence for that competency.",Template due date must not be set in the past,We need to validate the due date so that it cannot be set in the past:    - For new templates.  - For existing templates updating their due date.    No need to bother about user plans for now.,1,1,3,1,2026-05-14T15:07:19Z,2026-05-14T16:27:00Z,4780.8,"{""Decision"": 1}"
moodle,2,MDL-51646,MDL-55126,Implement plan status,"When a user is lacking permissions, their plan will automatically be created with the status ""Draft"". When a user has permissions, they can choose whether the plan is ""Draft"" or ""Active"".  A user that only has the permission to _create_ their own plan cannot change the plan (including linked competencies) once it was set ""Active"" or ""Completed"", more will come with MDL-51035. Users with the permission to manage a plan can.  The page listing the plans should contain tabs to display the list of Draft/Active/Completed plans. We can look at MDL-50976, if it does not seem to be closed to finish we can ignore that fact and raise a follow-up issue to implement the tabs.  Note, in MDL-51805 we will freeze the result of the competencies of a user when the plan becomes complete.  Also note that there will be more status added in the future when the plans will be reviewed, etc...  The actions to be taken when the plan is marked as completed will be set in MDL-51805.",Deprecated get_records_csv() and put_records_csv(),"While searching for php 7.1 incompatible code I found methods get_record_csv() and put_records_csv() that are never used, have some debug echo and also use \r\n as the line separator....     We need to deprecate them",1,1,3,1,2026-05-14T15:07:19Z,2026-05-14T16:27:00Z,4781.068,"{""Decision"": 1}"
moodle,2,MDL-46923,MDL-52235,Typo in behat function name,The functions 'following_should_exit_in_the_table' and 'following_should_not_exit_in_the_table' have typos.,"Button ""Add new learning plan"" should not be displayed when permissions are missing","I found out this small bug in the user list of learning plans (plans.php) :  * Users with only ""tool/lp:planviewown"" or ""tool/lp:planview"", see the ""Add new learning plan"" button when they should not.",-1,1,3,1,2026-05-14T15:07:19Z,2026-05-14T16:27:00Z,4781.403,"{""Decision"": -1}"
moodle,2,MDL-54915,MDL-47110,Rendering concurrent Mustache templates with strings loses javascript,"Using client-side rendering of multiple templates at once can cause any {{#js}} blocks in those templates to be lost, if the template needs to fetch language strings from the server.    This is because there is a single shared templates module with global state containing the required javascript additions, and it is reset on every call to render().    *To reproduce:*    * Create a plugin in {{local}} called mustacheproblems.  * Create a template called {{problem.mustache}}    {code:html}  {{!    @template local_mustacheproblems/problem    Example context (json): {}    }}    <div>This is a template whose {{#str}} javascript, local_mustacheproblems {{/str}} <span id=""some-span-{{uniqid}}"">has not been run</span></div>  {{#js}}  	require(['jquery'], function($) {  		$('#some-span-{{uniqid}}').html('has been run');  	})  {{/js}}  {code}    * Create a second template called {{problems.mustache}}    {code:html}  {{!    @template local_mustacheproblems/problems    Example context (json): {}    }}  <div id=""problems-{{uniqid}}"">  </div>  {{#js}}  require(['jquery', 'core/templates'], function($, Templates) {  	  	for(var i = 0; i < 5; i++) {    		var promise = Templates.render('local_mustacheproblems/problem', {});    		promise.done(function(html, js) {  			$('#problems-{{uniqid}}').append(html);  			Templates.runTemplateJS(js);  		});    	}    });  {{/js}}  {code}    * Add the following strings to the {{lang/en/local_mustacheproblems.php}}    {code:php}  $string['pluginname'] = 'Mustache problems';  $string['javascript'] = 'Javascript';  {code}    * View local_mustacheproblems/problems in the Template Library    *Expected result:*    All five divs should read ""Javascript has been run""    *Actual result:*    Only the last div reads ""Javascript has been run"". If you select the template again, then with the required language string cached, all five divs read ""Javascript has been run"".    *Notes:*    I have marked this as 2.9.6 because that's the only system I've tested it on, however looking at the code for master shows that the bug is still present.","Automatically normalise weights, and notify users","Currently the weights in the Natural weighting aggregation method are not normalised to percentages. If a user provides weights in a category that do not sum to 100, they need to be automatically proportionally adjusted.    It would be helpful to add a notification, possibly within the category that has been updated, that informs the user that their figures have been normalised to become percentages.",1,-1,4,20,2026-05-14T15:07:19Z,2026-05-14T16:27:01Z,4781.578,"{""Decision"": 1}"
moodle,2,MDL-46797,MDL-52062,"Rename ""Sum of grades"" aggregation to ""Natural""","It was considered acceptable that the Natural Weighting aggregation method would replace the Sum of grades aggregation, rather than being an additional, new aggregation method. The upgrade path to achieve this replacement is clear.    A number of name suggestions were the new aggregation method, including:  * Natural weighted,  * Default,  * Simple,  * Easy,  * Standard and  * Natural.    It was accepted by consensus that ""Natural"" concisely represented the meaning of the aggregation method and would also be consistent if it was adopted as the new default method, potentially the only default method selectable on new sites.",User's learning plan pages do not have a breadcrumb,"When viewing a user's plans page, or a plan itself, there is not breadcrumb which makes it hard to navigate back and forth.",1,1,5,1,2026-05-14T15:07:19Z,2026-05-14T16:27:01Z,4782.496,"{""Decision"": 1}"
moodle,2,MDL-46822,MDL-46801,Allow editing of weights within single category,"Currently, to allow editing of weights, the cog icon at the top of the weights column needs to be clicked. The user can then edit weights all categories/items.    It would be useful to be able to turn on such editing within a category.    The icon for editing might need to be replaced with another icon or text to avoid confusing with the Edit icon to the right.",Nest weightings within categories,"At the moment, on the Gradebook setup pages (Simple and Full), where weights are used, the weights are all lined up in one column. It is difficult to determine what weights belong to grade items, categories and nested grade items.    The weights should be nested to indicate they are within a category.",-1,1,20,13,2026-05-14T15:07:19Z,2026-05-14T16:27:02Z,4782.788,"{""Decision"": -1}"
moodle,2,MDL-51033,MDL-47457,Create User Learning Plans from a Learning Plan Template,"See screenshot and description from spec:    https://docs.moodle.org/dev/Competency_Based_Education#User_learning_plans    The data in easy user plan will be exactly the same as the template, but also include the template ID as a reference to the original template. The user plan will be updated so that it gets its competencies from the template competencies when a link is present, this in order make it more efficient to update a template and related plans.    The most complex part of this issue will probably be about creating the user interface which allows to pick users and cohorts. We can raise another issue to resolve this if need be. Note: Perhaps we can use the newly introduced auto complete field (MDL-51247?).",We need a log in icon for the user menu.,"We need a log in icon for the user menu.    There is a todo in code for this issue (around user/lib.php line 688).  The user menu usually shows an icon for each item, however if you log in as guest there is no icon for logging in as a valid user.",1,1,8,3,2026-05-14T15:07:19Z,2026-05-14T16:27:02Z,4782.944,"{""Decision"": 1}"
moodle,2,MDL-47255,MDL-55066,Record aggregationcoef2 and weightoverride in grade history,"When aggregationcoef2 is modified, it should store in grade history, and when something else is modified, the aggregationcoef should be stored",Create a script to compare all grades for a 57% letter boundary problem.,Currently the upgrade step for checking if a course should be frozen with a 57%letter boundary problem only checks if the course has the potential that grades will be affected. It does not check individual grades to see if they are affected.    It's quite possible that courses will be flagged as frozen when they do not need to be.    This task is to create a script that can be used to check each grade and ensure that the course will only be frozen if there will definitely be a grade change.,-1,1,5,2,2026-05-14T15:07:19Z,2026-05-14T16:27:02Z,4783.216,"{""Decision"": -1}"
moodle,2,MDL-46988,MDL-52418,Fix RTL styling of the new grader report,"The CSS styles are not always very well set up for RTL languages. For instance the margin between the user picture and the full name. Or some text alignment, etc...",Invalid responses in learning plan templates and course competencies pages,Invalid responses javascript pop-ups in learning plan templates and course competencies pages when adding or deleting competencies. See attachments for more details.,1,1,5,1,2026-05-14T15:07:19Z,2026-05-14T16:27:03Z,4783.654,"{""Decision"": 1}"
moodle,2,MDL-46921,MDL-50439,Allow sorting on additional name fields.,"The sorting of tables can only be done on the users first name and surname. There should be a way to sort on the additional name fields (firstnamephonetic, lastnamephonetic, middlename, alternatename).",Create a universal block to display CBE related information,"We will create a universal block for CBE related content and information, typically used on the dashboard it will not be limited to there.  The block will display:  # Plans #- Current active learning plans #- Progression of current plans #- Link to all learning plans # User competencies to review # Plans to review  Maybe at a later stage this block could also link to the ""mentees"" of the current user, as in the users in which the current user has a specific capability.  The block will define its own pages listing the elements cited above. For example, the user competencies will be reviewed directly from a block page, extending tool_lp templates to avoid code duplication. In theory the block will only rely on the API methods provided by tool_lp and not include any logic of its own.",-1,1,20,13,2026-05-14T15:07:19Z,2026-05-14T16:27:04Z,4784.512,"{""Decision"": -1}"
moodle,2,MDL-53182,MDL-47420,Create events for plan workflow,"All the workflow actions associated with a plan should trigger a specific event. Here is a non exhaustive list:    - Plan approved  - Plan reopened  - Plan review requested  - Plan review request cancelled  - Plan review started  - Plan review stopped  - ...    You may find _update_ events in the relevant API methods, the new events should replace those.",Fix unit tests broken in the dev branch.,Currently they are failing:    PHP Fatal error:  Call to a member function get_aggregation_hint() on a non-object in /home/damyonw/Documents/Moodle/instances/im_demo1/moodle/grade/report/lib.php on line 436,1,-1,2,8,2026-05-14T15:07:19Z,2026-05-14T16:27:04Z,4784.785,"{""Decision"": 1}"
moodle,2,MDL-47460,MDL-52696,Event monitor: Fix missing alt on icons,"The delete, edit and copy icons don't have an alt message, this is necessary to behat tests.",Better handling of template due date when creating plans,When creating plans from a template we should:    # Handle due date validation errors during in the scheduled task for template cohorts  # Hide the option to create plans from the UI when the validation of the due date will fail  # Hide the option to add cohorts to templates when the validation of the due date will fail,-1,1,3,1,2026-05-14T15:07:19Z,2026-05-14T16:27:04Z,4785.399,"{""Decision"": -1}"
moodle,2,MDL-53186,MDL-53160,Sending competencies for review from the evidence of prior learning interface,"I realised that when I attach competencies to an evidence of prior learning I don't have a way to send them for review. That means that I should manually visit every single competency to then request the review.    In order to improve this, I suggest that we:    # Add an option to bulk ""Send linked competencies for review"" in  #- As a checkbox, in the dialogue when picking competencies  #- In the page of a specific evidence of prior learning - in a new menu along with the delete option  # Display the current status of all the linked competencies, and name of the reviewer when there is one  # Make the competencies a link to the user competency (outside the plan)",Create C(R)UD events for evidence of prior learning,"This issue will add, trigger and test the following events:        Evidence of prior learning created      Evidence of prior learning deleted      Evidence of prior learning updated",1,1,3,1,2026-05-14T15:07:19Z,2026-05-14T16:27:04Z,4785.469,"{""Decision"": 1}"
moodle,2,MDL-51638,MDL-52051,Use taxonomy terms in competency names everywhere,"Once MDL-51026 is done, we need to use the taxonomy terms wherever we used to display ""Competency"", unless the taxonomy level is not defined.",Migrate to Dropbox API v2,"Dropbox have release a new API increment, we probably should update to v2 before we get caught out when they drop v1:    https://blogs.dropbox.com/developers/2015/11/dropbox-api-v2-launches-today/  {quote}  At some point we'll likely deprecate the previous API v1, but we don't have specific plans to share now. We'll be sure to give developers plenty of warning.  {quote}",-1,-1,1,5,2026-05-14T15:07:19Z,2026-05-14T16:27:05Z,4785.751,"{""Decision"": -1}"
moodle,2,MDL-50267,MDL-46966,Remove strings deprecated in 2.9,"Remove strings from language files under the heading ""Deprecated in Moodle 2.9"" and the respective lines in deprecated.txt files    See also https://docs.moodle.org/dev/String_Deprecation",change the default value of grade_aggregations_visible,"Changing the default value of grade_aggregations_visible to only include Natural is enough. The default for grade_aggregations_visible should be changed to only be sum of grades.    If FORCE_SUM_OF_GRADES is in the code, it can be removed.",-1,-1,1,5,2026-05-14T15:07:19Z,2026-05-14T16:27:05Z,4786.413,"{""Decision"": -1}"
moodle,2,MDL-47006,MDL-54915,Add weights to sum of grades / natural,"Add weights from weighted mean of grades. Leave as numbers for now, will change to percentages later    + Fix the display of the weight fields with natural aggregation to always display percentage (main screen, edit screen of grade item, edit screen of grade category, maybe outcome too) (was MDL-47125)  + When using aggregation method 'Simple weighted mean', the extra credit field is a input field, which name is aggregationcoef2. (was MDL-47112)",Rendering concurrent Mustache templates with strings loses javascript,"Using client-side rendering of multiple templates at once can cause any {{#js}} blocks in those templates to be lost, if the template needs to fetch language strings from the server.    This is because there is a single shared templates module with global state containing the required javascript additions, and it is reset on every call to render().    *To reproduce:*    * Create a plugin in {{local}} called mustacheproblems.  * Create a template called {{problem.mustache}}    {code:html}  {{!    @template local_mustacheproblems/problem    Example context (json): {}    }}    <div>This is a template whose {{#str}} javascript, local_mustacheproblems {{/str}} <span id=""some-span-{{uniqid}}"">has not been run</span></div>  {{#js}}  	require(['jquery'], function($) {  		$('#some-span-{{uniqid}}').html('has been run');  	})  {{/js}}  {code}    * Create a second template called {{problems.mustache}}    {code:html}  {{!    @template local_mustacheproblems/problems    Example context (json): {}    }}  <div id=""problems-{{uniqid}}"">  </div>  {{#js}}  require(['jquery', 'core/templates'], function($, Templates) {  	  	for(var i = 0; i < 5; i++) {    		var promise = Templates.render('local_mustacheproblems/problem', {});    		promise.done(function(html, js) {  			$('#problems-{{uniqid}}').append(html);  			Templates.runTemplateJS(js);  		});    	}    });  {{/js}}  {code}    * Add the following strings to the {{lang/en/local_mustacheproblems.php}}    {code:php}  $string['pluginname'] = 'Mustache problems';  $string['javascript'] = 'Javascript';  {code}    * View local_mustacheproblems/problems in the Template Library    *Expected result:*    All five divs should read ""Javascript has been run""    *Actual result:*    Only the last div reads ""Javascript has been run"". If you select the template again, then with the required language string cached, all five divs read ""Javascript has been run"".    *Notes:*    I have marked this as 2.9.6 because that's the only system I've tested it on, however looking at the code for master shows that the bug is still present.",-1,1,40,4,2026-05-14T15:07:19Z,2026-05-14T16:27:06Z,4787.07,"{""Decision"": -1}"
moodle,2,MDL-46819,MDL-46962,Negative adjusted weights in the natural aggregation should not be allowed.,Entering negative weights when using the natural aggregation method should not be allowed.,Handle floating objects with RTL languages,"RTL does not work so far, we have to invert the computations as everything aligned on the right should be aligned on the left, etc...",-1,1,13,8,2026-05-14T15:07:19Z,2026-05-14T16:27:06Z,4787.142,"{""Decision"": -1}"
moodle,2,MDL-51580,MDL-46818,Decide Moodle 3.1 requirements and push them to environment.xml (due date: 30/11/2015),"We need to decide ASAP about all the PHP/DB/Moodle versions requirements and put all them into the environmental tests (adding them to all supported branches).    At the same time, if there is any change in the PHP version... some changes have to be populated to various installers and replace them by the new one when corresponding. To get a list of candidates:    grep -r '5\.x\.y' * | grep '\.php'    (and look for MDL-39007 status, about to unify all those duplicated checks)    Ciao :-)",Add form change checking to Gradebook setup page,"Currently, if you change a weight or some other setting on the Gradebook setup page(s) and then move away from the page without clicking ""Save changes"", the changes you have made will be lost without warning.    Change checking should be added to warn users of potentially losing changes before leaving the page.",1,1,13,8,2026-05-14T15:07:19Z,2026-05-14T16:27:07Z,4787.583,"{""Decision"": 1}"
moodle,2,MDL-51024,MDL-47253,Create a new page that can migrate a set of courses from one competency framework to another,"The use case is for updating to a newer curriculum, but leaving already completed competencies un-modified.    The workflow would be to either duplicate the old framework and make changes to it, or create a new one and import from file, then choose which courses should be moved to the new framework and trigger a script that will look for competencies that exist in both frameworks (matched on idnumber) and update the course / activity competencies to point to the new framework. This process should produce a report of competencies that were mapped, competencies that could not be mapped, as well as new competencies that did not exist in the old framework.     From the spec: ""A competency framework can be duplicated, and there is an admin tool for migrating courses from one framework to another (as long as the idnumbers between the competencies in the frameworks can be matched).""","Change default aggregation method to ""Natural""","At the moment the default visible aggregation methods is ""Natural"" only but at the same time the default aggregation method is ""weighed means""    Make sure that all behat tests pass!",1,1,13,8,2026-05-14T15:07:19Z,2026-05-14T16:27:07Z,4787.589,"{""Decision"": 1}"
moodle,2,MDL-52675,MDL-53162,When deleting a template delete or unlink derived plans,"When a user delete a template, we have to ask:    # Whether the derived plans should be deleted  # Whether the derived plans should be unlinked    _No need to ask them when there are no derived plans._    Deleting relations/dependencies should be delayed to other issues.",Behat tests for plans CRUD operations,"Test behat for:   - create plan (form, template, et template cohort)  - update plan  - delete plan  - view plan",1,1,3,1,2026-05-14T15:07:19Z,2026-05-14T16:27:08Z,4789.045,"{""Decision"": 1}"
moodle,2,MDL-46966,MDL-53182,change the default value of grade_aggregations_visible,"Changing the default value of grade_aggregations_visible to only include Natural is enough. The default for grade_aggregations_visible should be changed to only be sum of grades.    If FORCE_SUM_OF_GRADES is in the code, it can be removed.",Create events for plan workflow,"All the workflow actions associated with a plan should trigger a specific event. Here is a non exhaustive list:    - Plan approved  - Plan reopened  - Plan review requested  - Plan review request cancelled  - Plan review started  - Plan review stopped  - ...    You may find _update_ events in the relevant API methods, the new events should replace those.",-1,1,5,2,2026-05-14T15:07:19Z,2026-05-14T16:27:08Z,4789.055,"{""Decision"": -1}"
moodle,2,MDL-53211,MDL-51507,Create a user_competency_course model and populate it on suggest,"It has occurred that we need to store the suggestions that were applied in a course. Simply relying on the _evidence_ will make it hard to compute data for that course only, join, etc... so we will introduce a new model _user_competency_course_ which stores the proficiency and rating of a user in the context of a course.    So, when a teacher is suggesting a rate from a course we will populate the table _user_competency_course_ and attach an evidence as we are currently doing. When a suggestion happens within an activity (e.g. triggered by auto completion) we will also record that at the course level. When the suggestion is in a context parent to a course we proceed as normal.    MDL-52979 will take care of displaying the information in the views.    At a later stage we may decide to rephrase ""Suggest"" if another word works better.",External functions to create/update competency frameworks lack scale information,"Frameworks must have a scale and the scale configured when they are created, and/or updated. The external functions associated with the frameworks lack the parameters to set those.    It is understand that those parameters cannot be extensively validated until we fix MDL-51506, however this issue could still be worked on, and a ""TODO MDL-51506"" comment can be added to the code to notify of the missing bits.",1,1,3,1,2026-05-14T15:07:19Z,2026-05-14T16:27:09Z,4789.833,"{""Decision"": 1}"
moodle,2,MDL-47358,MDL-53186,Ensure changes to categories and effects on grade items are recorded in Grade history,"Changes made to and within categories in the Setup page should be recorded in the Grade history. These include changes to aggregation method, weight, max grade and other category settings.    Where these changes affect grade items (through recalculation) these changes should also be recorded and shown in the Grade history report.",Sending competencies for review from the evidence of prior learning interface,"I realised that when I attach competencies to an evidence of prior learning I don't have a way to send them for review. That means that I should manually visit every single competency to then request the review.    In order to improve this, I suggest that we:    # Add an option to bulk ""Send linked competencies for review"" in  #- As a checkbox, in the dialogue when picking competencies  #- In the page of a specific evidence of prior learning - in a new menu along with the delete option  # Display the current status of all the linked competencies, and name of the reviewer when there is one  # Make the competencies a link to the user competency (outside the plan)",1,1,8,3,2026-05-14T15:07:19Z,2026-05-14T16:27:09Z,4790.076,"{""Decision"": 1}"
moodle,2,MDL-53194,MDL-47063,Add behat tests for linking evidence of prior learning with competencies,"This behat test will ensure that user can link evidence of prior learning with their competencies. There are mutiple places where linking can occur, at this stage there is the list of evidence of prior learning, or the evidence of prior learning page itself.",Classes .overridden and .ajaxoverridden are not changing the styles,"The styles for .ajaxoverridden were lost in another issue, they should be restored. Though they will suffer from the same problem than the one happening for .overridden: some other rules (with nth-child()) takes precedence over it and so the background color is not updated. We should make overridden more important.",1,-1,1,5,2026-05-14T15:07:19Z,2026-05-14T16:27:09Z,4790.193,"{""Decision"": 1}"
moodle,2,MDL-47046,MDL-46907,Update code from UCLA to meet coding style guidelines,Another stub issue to get issues against the actual work body.,Refactor user_button class to remove js methods,"As per the review on the parent epic the user_button class needs to be refactored as well -  {quote}      This user_button class is terrible. It just exposes methods to allow calling the js init functions it requires - but those functions are called from outside the class - ie the caller has to know all the functions and params that are required for the JS. Further - it builds up arrays of init functions and modules of which there is only one, and then calls them, in an inefficient way which prevents comboloading. {quote}",-1,1,40,20,2026-05-14T15:07:19Z,2026-05-14T16:27:09Z,4790.494,"{""Decision"": -1}"
moodle,2,MDL-47260,MDL-51644,Undefined offset when using another aggregation method than Natural,# Set the aggregation method to 'Simple weighted mean of grades'  # Set a weight on an item  # Press 'Save changes'    *Expected*    - Nothing happens    *Actual*    - A wild notice appears,Create persistent model for user_competency,"This issue is about creating the basic API create CRUD user competencies.    User competencies are links between the user and a competency, often they will be transparently created from a user plan.    This issue should not be creating any external function or API yet as we will not even have a view, and also because the capability checks are tricky in this case as the model is only used to store information at this stage. Later on when we add competency reviews then we will have API and external functions.    The _persistent_ model is the only thing we need.     Non-exhaustive list of columns needed:  * int id  * int userid  * int competencyid  * int status (idle, in review, etc, will be defined later) (use constants)  * int reviewerid  * bool proficiency  * int grade (from a scale)    At this stage we will consider that the linked competency cannot be deleted without deleting the user_competency, therefore we do not need to duplicate the competency information like scale, etc...",-1,1,8,3,2026-05-14T15:07:19Z,2026-05-14T16:27:11Z,4791.883,"{""Decision"": -1}"
moodle,2,MDL-51866,MDL-47025,Framework's scale cannot be changed once used,Once a user_competency framework is set on a competency that belongs to that framework the scale cannot be changed. The scale configuration (Proficiency and default values) can still be changed but it will not affect any of the existing user_competency objects.,Fix highlighting behaviour in the new grader report,"It does not appear to work any more, probably due to recent changes.",1,-1,1,5,2026-05-14T15:07:19Z,2026-05-14T16:27:11Z,4791.908,"{""Decision"": 1}"
moodle,2,MDL-49461,MDL-52712,Mark competencies complete when the course is completed,"Completing the course will complete any assigned competencies by assigning the default value from the competency scale.  Note that depending on the course competency rule we could set the competency as ""Recommended"", or do nothing.",Create event for template viewed,"This issue will create 1 event:    - \tool_lp\event\template_viewed    This event needs to be triggered in the views that display the template. As Ajax, and WS, do not access the page directly a new WS function needs to be created to trigger the event remotely. See _mod_book_view_book_ for example.    I would say that the only view we have displaying the template so far is _templatecompetencies.php_.    The event needs to be tested.",1,1,5,2,2026-05-14T15:07:19Z,2026-05-14T16:27:12Z,4792.754,"{""Decision"": 1}"
moodle,2,MDL-47098,MDL-51026,If you adjust the weight of a category itself you cannot un-override it,Put a category within a natural weight category and adjust its weight. For a regular grade item if you click the cog/settings icon the resulting page has weight and weight adjusted settings that allow the user to un-override the weight adjustment. These do not exist on the category page.,A competency framework can customise the terms for up to 4 competency levels,"We will restrict the depth of the competency frameworks so that we can allow customisable language to describe each level of a competency.     From the spec: ""The taxonomy refers to the naming for each level in the framework. Up to 4 levels are supported, and the name for each level can be set from the following list: Domain, Competency, Behaviour, Indicator, Outcome, Level, Concept, Value, Practice, Skill, Proficiency""    These will be provided by language strings, so they can be displayed in different languages (not taken from user input).    All other screens should replace the word ""Competency"" and ""Competencies"" with the correct term depending on the depth of the competency.    The number of terms will be fetched from a method in the framework class, just to ensure that later on we can change this number, or make it match a configuration variable. The term levels can either be saved in 4 columns, or in 1 column (_taxonomies_) with serialised data. The serialised data is less flexible but it seems unlikely that we will need to fetch just 1 term, or filter per term without loading the framework object.    The terms are using constants and will be mapped to language strings, e.g.:    {noformat}  const TAXONOMY_DOMAIN = 'domain';  const TAXONOMY_COMPETENCY = 'competency';  <lang_string> public function get_taxonomy($level);  <lang_string> public static function get_taxonomy_for_term($constant);  {noformat}",-1,1,8,3,2026-05-14T15:07:19Z,2026-05-14T16:27:12Z,4793.096,"{""Decision"": -1}"
moodle,2,MDL-51233,MDL-49517,Remove unused ID number from learning plan templates,See discussion in MDL-51027.,Upgrade AdoDB library to 5.19 for Moodle 2.9 release,Library: AdoDB  Current version: 5.18  Latest version: 5.19  http://adodb.sourceforge.net/    (this library used by auth plugins only)    Make sure to update files:  - lib/adodb/ (library itself)  - lib/thirdpartylibs.xml (indicate the current version)  - lib/adodb/readme_moodle.txt (indicate the current version and/or changes made),-1,-1,1,5,2026-05-14T15:07:19Z,2026-05-14T16:27:13Z,4793.636,"{""Decision"": -1}"
moodle,2,MDL-52676,MDL-47298,When deleting a template delete associated template_cohorts,Deleting a template should not leave template_cohorts behind.,Upgrade Compatible password hashing library for Moodle 2.8 release,"Library: Compatible password hashing  There are no versions, just github branch, changes from the last pull: https://github.com/ircmaxell/password_compat/compare/2a7b6355d27c65f7e0de1fbbc0016b5b6cd8226b...master    Make sure to update files:  - lib/password_compat/ (library itself)  - lib/thirdpartylibs.xml (indicate the current version)  - lib/password_compat/readme_moodle.txt (indicate the current version and/or changes made)",-1,-1,1,5,2026-05-14T15:07:19Z,2026-05-14T16:27:13Z,4793.657,"{""Decision"": -1}"
moodle,2,MDL-52755,MDL-47064,Competencies sort order is not preserved when plan is completed,"The sort order is changing when a plan status is set to completed and it should not (See attachments).    To reproduce :  * Create a new plan with status active  * Add two competencies in the plan in the following order, name and idnumber :  ** Competency 1.2 _cpt12_  ** Competency 1.1 _cpt11_  * Complete the plan  * *You should see the competencies in the same sort order but it changed (now sorted by idnumber ASC)*",Add contribution column to the user report,In the user report (grade/report/user/index.php) the contribution column should display what percentage each grade item adds to the course/category total percentage    Base off branch in https://tracker.moodle.org/browse/MDL-46576,-1,-1,2,40,2026-05-14T15:07:19Z,2026-05-14T16:27:13Z,4794.235,"{""Decision"": -1}"
moodle,2,MDL-46736,MDL-50253,Handle grades associated with deleted grade items in the history report,"The query getting all the grades joins on grade_item to filter on course ID. Whenever a grade item is not found, the course ID would be considered as null and thus not being used.    We need to update the SQL query to handle the deleted grade items, possibly by joining on the grade_item_history table rather than the grade_item one.    {code}  $ git grep MDL-46736  grade/report/history/tests/report_test.php:        // TODO MDL-46736 Handle deleted/non-existing grade items.  {code}",Competencies can be related to other competencies,"You need to be able to link competencies to each other. This has no effect on the code logic, only display. Where we show the details we should also show the related competencies.    In order for the migration from one framework to another to work we will only permit linking to competencies within the same framework at this stage.    Note: duplicating frameworks should support this as well. Please consider this and raise another or report it to the related issue MDL-51602 if it's not finished yet.",-1,1,20,8,2026-05-14T15:07:19Z,2026-05-14T16:27:14Z,4794.657,"{""Decision"": -1}"
moodle,2,MDL-52408,MDL-52743,api::list_related_competencies should not require manage capability,Everyone who can view the competency should be able to view the related competencies.,Add a statistics report to the course (competencies),"Show the percentage completed,    Top X users  Bottom X users    Top X competencies  Bottom X competencies",-1,-1,1,5,2026-05-14T15:07:19Z,2026-05-14T16:27:14Z,4794.767,"{""Decision"": -1}"
moodle,2,MDL-47297,MDL-52979,Upgrade Google APIs Client Library to 1.0.5 for Moodle 2.8 release,Library: Google APIs Client Library	  Current version: 0.6.0	  Latest version: 1.0.5-beta	  https://github.com/google/google-api-php-client    Make sure to update files:  - lib/google/ (library itself)  - lib/thirdpartylibs.xml (indicate the current version)  - lib/google/readme_moodle.txt (indicate the current version and/or changes made),Only show course ratings / proficiency when viewing a competency in a course,"Currently, when a rating is suggested for a competency, it is only displayed in the list of evidences - and so becomes lost in the long list of evidence.    We should provide a hint of the suggested rating based on the aggregate of all the suggestions.    E.g.    Suggested ratings: Met (4), Not met (1) (possibly with hyper links to scroll to the most recent suggestion for each scale value).    When rating in a course - we should also limit the evidence list to only the evidence provided in that course.",-1,1,8,3,2026-05-14T15:07:19Z,2026-05-14T16:27:14Z,4795.188,"{""Decision"": -1}"
moodle,2,MDL-52741,MDL-47146,Show the taxonomy level for a competency in the competency summary template,"IE - everywhere the competency summary is shown it should include the term from the taxonomy (Level, Skill etc).     The generic term is still competency - ie when you are displaying a list or generating a notification.",Implement the prototyped changes,See MDL-46862. The changes in the prototype were made by commenting out code and similar. They changes can serve as a guide for the final version but do not meet acceptable coding standards.,-1,-1,2,20,2026-05-14T15:07:19Z,2026-05-14T16:27:15Z,4796.084,"{""Decision"": -1}"
moodle,2,MDL-46980,MDL-52423,Move install code into core,Right now the install code is in local/gradebookcoredb. It needs to be moved into core. Also upgrade code needs to be written. Then the local plugin can be removed.,Create a plan summary screen,"We will recycle the page listing the competencies in a plan and add more information to it.    The page currently does not display information about the plan itself, it should contain:    - Due date  - Status (Draft, Active, Complete) (Later we'll add review)  - Option to change the status from here (just like on the plans page)  - Reviewer (Added later when reviews are supported)  - The template the plan is based on, and a link to if the user can view the template.  - A button to unlink the plan from its template (warning required) (MDL-52423)  - A button to edit the plan (cancelling the edit, or saving should return to the plan)    The button to add competencies stays there.    Note that a plan based on a template cannot be modified, it can only be unlinked. Also note that relevant capability checks must be made.",1,1,8,3,2026-05-14T15:07:19Z,2026-05-14T16:27:15Z,4796.089,"{""Decision"": 1}"
moodle,2,MDL-47022,MDL-47045,"Implement ""Export since"" filter on grade export","The current grade export feature does not have a way to filter the results by date.  While working on MDL-46599 we found the necessity of create a new filter by date and time, in order to fix this bug properly.  The main concept is allow users to export grades from a past date to now, and save the last export date for further reference.  Another benefit of this new feature would be standardize all export formats (OpenDocument, Plain Text, Excel and XML).   We're still considering about the possibility of replace the *Export new or updated grades only* by this date filter.  However this could turn this issue too expensive because the XML structure is different of other export formats and is being used by OU and it rely on a config: *gradeexport*.",Bring in code from UCLA,Just a stub task to bring the code from UCLA into the working branch.,1,1,40,20,2026-05-14T15:07:19Z,2026-05-14T16:27:15Z,4796.491,"{""Decision"": 1}"
moodle,2,MDL-46801,MDL-47353,Nest weightings within categories,"At the moment, on the Gradebook setup pages (Simple and Full), where weights are used, the weights are all lined up in one column. It is difficult to determine what weights belong to grade items, categories and nested grade items.    The weights should be nested to indicate they are within a category.",Test the Grader report on a number of third-party themes,"To ensure that the changes made to base and bootstrapbase themes are correctly affecting derivative themes, a number of third-party themes (including Standard) should be tested.",1,1,13,8,2026-05-14T15:07:19Z,2026-05-14T16:27:16Z,4797.284,"{""Decision"": 1}"
moodle,2,MDL-51967,MDL-46967,Create a dialogue to view all the information about a competency,There will be many places where being able to view the full details of a competency will be very useful. For example when a student is viewing their plan they should be able to view the information about a competency without having to leave the page. Or when a teacher is linking competencies to a course. Or when a teacher is grading a bunch of competencies.,Remove grade/lib.php update_field(),Replace it by using Moodle's existing database methods or at least something that cannot be used to update anything in the database.  Perhaps something like update_weight() in grade_items and another one for grade_grade instances.,1,-1,1,5,2026-05-14T15:07:19Z,2026-05-14T16:27:17Z,4797.617,"{""Decision"": 1}"
moodle,2,MDL-51869,MDL-52561,Users can link evidence of prior learning to their competencies,"Users can link evidence to their competencies if they have the capability _tool/lp:planaddevidence_. When they link an evidence to their competency, an _evidence_ is attached to the competency indicating that the user has linked evidence or prior learning, providing the link to the user's evidence page.    Note: discuss the capability name, perhaps it's better to have _tool/lp:addevidence_ which would control both the upload of evidence and the linking of evidence. Confusion with the persistent _evidence_ need to be addressed as they are different.",Plan created from cohort and deleted are recreated by sync task,"When we delete a user plan created from a template and a cohort all information associated to the plan is deleted from the database. So when the scheduled task to sync plans runs, it recreates the plan because there is no way to know that the plan was there before.",1,1,3,1,2026-05-14T15:07:19Z,2026-05-14T16:27:17Z,4797.646,"{""Decision"": 1}"
moodle,2,MDL-53185,MDL-51953,Big button to turn CBE on/off.,One setting to rule them all,Missing four services definitions,"When working on MDL-51870, I realized that 4 services definition were missing from db/services.php :  * count_templates_using_competency  * list_templates_using_competency  * count_competencies_in_template  * list_competencies_in_template    These services are not currently used in the plugin, that's why we never had any problems.",1,1,3,1,2026-05-14T15:07:19Z,2026-05-14T16:27:17Z,4797.83,"{""Decision"": 1}"
moodle,2,MDL-47064,MDL-54796,Add contribution column to the user report,In the user report (grade/report/user/index.php) the contribution column should display what percentage each grade item adds to the course/category total percentage    Base off branch in https://tracker.moodle.org/browse/MDL-46576,Cannot switch between students in assignment grading interface,"_Reproduced with Firefox, not with Chrome._    # Set Atto autosave frequency to 10 seconds  # Go to an assignment with participants  # Open the grader  # Type some text in the feedback and wait for Atto to save the draft  # Try to switch to another user  # You are warned of unsaved changes, do not save  # Click _Reset_ at the bottom of the page  # Try to switch to another user    *Expected*    - Respect the same behaviour as Chrome, the view switches to the new user    *Actual*    - The same message as earlier warns you about unsaved changes, you cannot leave the page.",-1,1,40,4,2026-05-14T15:07:19Z,2026-05-14T16:27:17Z,4798.129,"{""Decision"": -1}"
moodle,2,MDL-47417,MDL-53187,grademax should be reset to 100 when switching from natural agg method to different one,if category with any other than natural agg method is created the grademax is set to 100. When we change the agg method to natural the grademax is adjusted. When we change the agg method from natural to anything else the grademax is NOT set to 100.    P.S. I don't know atm if 100 is hardcoded or is a setting,Create events for user competency workflow,Create the events associated with the changes in status of a user competency:    # \tool_lp\event\user_competency_review_requested  # \tool_lp\event\user_competency_review_started  # ...,1,1,5,2,2026-05-14T15:07:19Z,2026-05-14T16:27:18Z,4799.076,"{""Decision"": 1}"
moodle,2,MDL-47346,MDL-46950,Record aggregationstatus and aggregationweight in the history tables,"The grade_grades table defines:    - aggregationstatus  - aggregationweight    but those fields are not recorded in the history report. We have to decide whether or not this information is valuable enough to be saved.    Implementing those fields after release might lead to inconsistent history as it will be very tricky (read impossible) to recompute the values of those columns during an upgrade.    This issue should also answer the question ""Should these fields be displayed in the history report"" and if yes, add them.",Re-organised CSS of the grader report,#NAME?,1,1,20,13,2026-05-14T15:07:19Z,2026-05-14T16:27:18Z,4799.223,"{""Decision"": 1}"
moodle,2,MDL-51460,MDL-46920,List frameworks' API function does not support order,"This is a recent regression, the parameters $sort and $order need to be combined because passed to _get_records_select_ otherwise the $order is not respected.    Unit tests should be added to confirm this behaviour.",Data-target does nothing,Currently on themes based off bootstrap base have a button that expands the header and displays the users logged in status. This button has a data-target property which is meant to specify (or so I would think) what DOM elements are to be hidden or displayed at narrow screen resolutions,1,-1,1,3,2026-05-14T15:07:19Z,2026-05-14T16:27:19Z,4799.943,"{""Decision"": 1}"
moodle,2,MDL-51513,MDL-51866,Properly delete a competency,"When doing task MDL-51130, we realized that we had to first properly complete the deletion of competency before working on deleting the entire framework.    The tech spec are, at the moment, not completed and must be before starting the development. See some possible spec scenarios in the comments of MDL-51130.     To be determined: can we allow the deletion of competencies when some students are already marked as proficient in those? We could ask a user to confirm, or create a special permission for deletion of such competencies.    Note: competency::delete() removes the course competencies, that shouldn't be done there.",Framework's scale cannot be changed once used,Once a user_competency framework is set on a competency that belongs to that framework the scale cannot be changed. The scale configuration (Proficiency and default values) can still be changed but it will not affect any of the existing user_competency objects.,1,1,3,1,2026-05-14T15:07:19Z,2026-05-14T16:27:19Z,4800.06,"{""Decision"": 1}"
moodle,2,MDL-52747,MDL-51942,Show the courses a competency is linked to from the competency summary in plan page.,This allows students to discover courses that could teach them a skill or competency.,Ensure that constant MOODLE_INTERNAL is used everywhere,I noticed that some of the files in tool_lp do not have:    {noformat}  defined('MOODLE_INTERNAL') || die();  {noformat}    We should add it to any file that is not directly accessed.,1,1,3,1,2026-05-14T15:07:19Z,2026-05-14T16:27:19Z,4800.102,"{""Decision"": 1}"
moodle,2,MDL-54796,MDL-47152,Cannot switch between students in assignment grading interface,"_Reproduced with Firefox, not with Chrome._    # Set Atto autosave frequency to 10 seconds  # Go to an assignment with participants  # Open the grader  # Type some text in the feedback and wait for Atto to save the draft  # Try to switch to another user  # You are warned of unsaved changes, do not save  # Click _Reset_ at the bottom of the page  # Try to switch to another user    *Expected*    - Respect the same behaviour as Chrome, the view switches to the new user    *Actual*    - The same message as earlier warns you about unsaved changes, you cannot leave the page.",Event monitor: Add help icon on subscriptions manage page,"On subscriptions manage page, there should be a help icon which provide further details on each rule. This should be present in both the tables. This can possibly include information such as event name, module name, description, etc. Up to the assignee to decide the best amount of info.    Since our help icon infrastructure only supports static content at this point, this might involve writing some yui code to generate custom panels for displaying the help content.",1,-1,4,20,2026-05-14T15:07:19Z,2026-05-14T16:27:20Z,4801.478,"{""Decision"": 1}"
moodle,2,MDL-53192,MDL-46825,Rebase CBE to latest Moodle core,Fred needs to rebase CBE...,Allow categories to be collapsed in the Gradebook setup page,"The setup page(s) for the gradebook can get long and complicated when there are numerous grade items and categories. One way of potentially reducing the complexity is by allowing the categories to be collapsed on this page, much like settings pages allow sections of settings to be collapsed.",1,-1,2,40,2026-05-14T15:07:19Z,2026-05-14T16:27:20Z,4801.479,"{""Decision"": 1}"
moodle,2,MDL-51598,MDL-52424,Wrong number of competencies displayed in the list of competency frameworks,In the list of competency frameworks all frameworks have the same number of competencies.  The number displayed looks to be the number of records in table tool_lp_competency.,Plans page should show the template the plan is based on,"On the page listing all the plans for a user we must show the template the plan is based on when there is one. ""Unlinking"" the plan from its template is done within the plan page, not from the list.",-1,1,2,1,2026-05-14T15:07:19Z,2026-05-14T16:27:21Z,4801.712,"{""Decision"": -1}"
moodle,2,MDL-50439,MDL-47345,Create a universal block to display CBE related information,"We will create a universal block for CBE related content and information, typically used on the dashboard it will not be limited to there.  The block will display:  # Plans #- Current active learning plans #- Progression of current plans #- Link to all learning plans # User competencies to review # Plans to review  Maybe at a later stage this block could also link to the ""mentees"" of the current user, as in the users in which the current user has a specific capability.  The block will define its own pages listing the elements cited above. For example, the user competencies will be reviewed directly from a block page, extending tool_lp templates to avoid code duplication. In theory the block will only rely on the API methods provided by tool_lp and not include any logic of its own.",Category max grade is not properly updated when using extra credit,"# Set up a gradebook with a sub category  #- 2 items in the sub category (leave defaults)  #- 2 items in the top category (leave defaults)  # Set all categories to use 'Natural weighting'  #- All the weights should have been set automatically  #- Notice the sub category max grade is 200, and both items are weighted as 50  # Tick the extra credit checkbox of one of the items in the sub category  # Click ""Save changes""    *Expected*    - The category max grade is 100  - The category weight is equal to other items in the parent category    *Actual*    - The category max grade is 200  - The category weight is not equal to the other items in the parent category",1,1,13,8,2026-05-14T15:07:19Z,2026-05-14T16:27:22Z,4802.597,"{""Decision"": 1}"
moodle,2,MDL-51735,MDL-49523,Veiwing a lesson before questions / pages are added results in an exception,"When a student attempts to view a lesson activity prior to content / question pages being added, the lesson displays an exception to the student    Steps to reproduce:  1. As a teacher create a new lesson activity but do not add any pages to it  2. As a student view the newly created lesson activity    Expected result:  Student should get a message indicating that the lesson is not ready to be attempted.    Actual Result:    Debug info:   Error code: cannotfindfirstpage  Stack trace:  line 481 of /lib/setuplib.php: moodle_exception thrown  line 284 of /mod/lesson/view.php: call to print_error()",Upgrade Typo3 library to ??? for Moodle 2.9 release,Library: Typo3	  Current version: 4.7.15	  Latest version: ???  http://typo3.org/download/    Make sure to update files:  - lib/typo3/ (library itself)  - lib/thirdpartylibs.xml (indicate the current version)  - lib/typo3/readme_moodle.txt (indicate the current version and/or changes made)      Sorry - I can't actually tell which branch we pulled the code from. The readme_moodle.txt is not detailed enough.,-1,-1,1,5,2026-05-14T15:07:19Z,2026-05-14T16:27:22Z,4803.05,"{""Decision"": -1}"
moodle,2,MDL-52696,MDL-47242,Better handling of template due date when creating plans,When creating plans from a template we should:    # Handle due date validation errors during in the scheduled task for template cohorts  # Hide the option to create plans from the UI when the validation of the due date will fail  # Hide the option to add cohorts to templates when the validation of the due date will fail,Fix nested custom_menu responsive display,"Identified during MDL-45893, deeply-nested items have hover behaviour that's not consistent with root-level items.    Responsive issues with dividers on 2.8 have been split off into MDL-47244.",1,-1,1,5,2026-05-14T15:07:19Z,2026-05-14T16:27:23Z,4803.705,"{""Decision"": 1}"
moodle,2,MDL-51870,MDL-49516,"Use new ""ajax"" definition of external functions","Looking at the logs we can notice a log of debugging messages because we are using _is_allowed_from_ajax_. We need to update all the functions definition to support ajax and remove these definitions.    Example:    {noformat}      'core_output_load_template' => array(          ...          'ajax'        => true,      ),  {noformat}",Upgrade S3 library in repository_s3 to 0.5.1-dev for Moodle 2.9 release,Library S3  Current version: 0.5.1-dev 8413f6f70ad3bb79ae756958d4ba2238514b00af  Latest version: 0.5.1-dev 2cf80b2  https://github.com/tpyo/amazon-s3-php-class  changes: https://github.com/tpyo/amazon-s3-php-class/compare/8413f6f70ad3bb79ae756958d4ba2238514b00af...2cf80b2    Make sure to update files:  - repository/s3/S3.php (library itself)  - repository/s3/thirdpartylibs.xml (indicate the current version)  - repository/s3/readme_moodle.txt (indicate the current version and/or changes made),1,-1,1,5,2026-05-14T15:07:19Z,2026-05-14T16:27:23Z,4803.861,"{""Decision"": 1}"
moodle,2,MDL-53019,MDL-47098,Decide Moodle 3.2 requirements and push them to environment.xml (due date: 13/06/2016),We need to decide ASAP about all the PHP/DB/Moodle versions requirements and put all them into the environmental tests (adding them to all supported branches).    All the still open linked issues have been cloned here from the 3.1 sister issue (MDL-51580).    Usual discussions:    - PHP min. version.  - database versions.  - Linked issues.  - ...    Feel free to propose areas to be discussed here. A numbered list with all them will be created to vote and decide the final outcomes of this issue.    TIA and ciao :-),If you adjust the weight of a category itself you cannot un-override it,Put a category within a natural weight category and adjust its weight. For a regular grade item if you click the cog/settings icon the resulting page has weight and weight adjusted settings that allow the user to un-override the weight adjustment. These do not exist on the category page.,1,1,13,8,2026-05-14T15:07:19Z,2026-05-14T16:27:23Z,4804.133,"{""Decision"": 1}"
moodle,2,MDL-46772,MDL-51968,html_writer::table Ignore attributes for rows,"Although html_table_row can take attributes, they're completely ignored by html_writer's table() function.  Amongst other things, this prevents the addition of data attributes to a whole row.",Remove the ability to change the userid of a plan,Remove the user ID parameter from the external functions that allow a change of ownership in a plan. And ensure that the API methods prevent the change as well.,-1,1,5,1,2026-05-14T15:07:19Z,2026-05-14T16:27:23Z,4804.141,"{""Decision"": -1}"
moodle,2,MDL-51805,MDL-51791,Freeze a learning plan when it is marked as completed,"When a learning plan is marked as completed we will archive the status of its competencies into an archive table or equivalent. Any further change to the competencies by users who have the permissions will be stored in the archived table, but an evidence will be added to the competency.",Some improvements to persistent validation,"I noticed that:    # We should check that the validate_* methods are protected  # That an ID is NOT set when we call _create()_, that messes up with the validation  # We should apply the basic validation to all properties before applying the custom one",1,1,3,1,2026-05-14T15:07:19Z,2026-05-14T16:27:24Z,4804.937,"{""Decision"": 1}"
moodle,2,MDL-52757,MDL-47011,Course competencies: Problem when selecting users in the manual marking page,"The first time you try, it is not possible to select another user in the list of the course competencies manual marking page.    To reproduce:  * *You can only reproduce with all the cache systems ON -> ""mdk run undev""*  * Go in the course competencies section of a course and add a competency  * Click on the competency to display the user competency screen (manual marking)  * Try to show another user by selecting someone else in the list (See attachment)  * *You should see that you are not redirected to this user and that the user is not in the list anymore*  * *If you try again with another user, it works*  * You can do this over and over again by refreshing the page and selecting someone else in the list.",Apply natural weights to all grade items when setting up the gradebook.,"All assessments and categories should have a natural weight applied by default.  e.g.  assignment one 75 points - weight = 75%  assignment two 25 points - weight = 25%  Total weight = 100%    If one of the weights is manually altered, then the other assignments should be automatically updated to equal 100%  e.g.  assignment one 75 point - weight manually changed to 80%  assignment two 25 point - weight automatically updated to 20%  Total weight = 100%    We thought that perhaps an additional field could be added to the grade_item table of weightoverride like the demo code has, to determine if a weight was manually changed or not.",-1,-1,2,20,2026-05-14T15:07:19Z,2026-05-14T16:27:24Z,4805.149,"{""Decision"": -1}"
moodle,2,MDL-53189,MDL-46662,Create event for user competency viewed,"This event will be trigger when a _user competency_ is viewed, whether in a course, a plan or by itself.    - When it is viewed in a plan (or completed plan), the _other_ field will contain the plan ID.  - When it is viewed in a course, the context will be the course context.  - Else, it is viewed by itself.    Don't forget to add the _record snapshot_.",Accessibility improvements for gradereport course header and aggregation controls.,Provide accessibility improvements on the gradereport for screen readers. Specifically label-hides for the course header to indicate what is currently being displayed by the gradereport and altering the alt-text for the aggregation icon to better indicate it's functionality.,1,-1,2,20,2026-05-14T15:07:19Z,2026-05-14T16:27:24Z,4805.234,"{""Decision"": 1}"
moodle,2,MDL-47127,MDL-47059,"Update ""date till"" string in the grade history report","As discussed in the meeting ""date till"" should be updated to ""date to""",Investigate/fix handling of hidden and excluded grades within natural weights,"Simple description of this issue:    Make natural weighting compatible with excluded grades (either excluded by exclude empty grades, or manually excluded grades).     What needs to happen for this to work:  The ""automatic"" weights for each grade_item natural weighting will need to be adjusted ""per user"" depending on the grades that  are excluded.  The max grade for the category will need to be different ""per user"" depending on the grades that are excluded.  Very simple example:    ||Grade item||Max grade||Natural Weight||  | Assign 1 | 10 | 10 % |  | Assign 2 | 20 | 20 % |  | Assign 3 | 30 | 30 % |  | Assign 4 | 40 | 40 % |  Total = 100  If item 2 is excluded because the student has not submitted anything and ""exclude empty grades"" is enabled -   ||Grade item||Max grade||Natural Weight||  | Assign 1 | 10 | 12.5 % |  | Assign 3 | 30 | 37.5 % |  | Assign 4 | 40 | 50 % |  Total = 80    Further more - currently we recalculate the ""view"" if show totals excluding hidden items is enabled. Depending on the performance of recalculating all of the above at page load time - we may need to add additional columns to store the ""view"" for users without view hidden grades capability. (This would be 3 extra columns on grade_grade)            Older - more complicated description:    At the moment, excluded and empty grades not being calculated in the final grade, is not enabled with sum of grades (the basis of natural weights). Also currently we have not introduced code to handle displaying hidden grades in the reports.     To do:    # Update reports to not consider empty grades. This work will be partially solved by MDL-47078.  # Update reports to exclude hidden grade items. Please note that hidden grade items are items hidden to all students and doesn't cover conditional access to activities.    Examples : (Please note that this is the desired outcome)  *Exclude empty grades*  Student 1  ||Grade item||Grade||Percent||  | Assign 1 | 10 / 20 | 50 % |  | Assign 2 | 10 / 40 | 5 % |  | Assign 3 | - / 80 | - |  | Total | 20 / 60 | 33.33 % |    Student 2  ||Grade item||Grade||Percent||  | Assign 1 | - / 20 | - |  | Assign 2 | - / 40 | - |  | Assign 3 | 20 / 80 | 25% |  | Total | 20 / 80 | 25.00 % |    Student 1 20 (33.00%)  Student 2 20 (25.00 %)    *Exclude hidden grade items*  Student 1  ||Grade item||Grade||Percent||  | Assign 1 | 10 / 20 | 50 % |  | Assign 2 - hidden | - / 40 | - |  | Assign 3 | 40 / 80 | 50% |  | Total | 50 / 100 | 50.00 % |    Student 2  ||Grade item||Grade||Percent||  | Assign 1 | 15 / 20 | 75% |  | Assign 2 - hidden | - / 40 | - |  | Assign 3 | 20 / 80 | 25% |  | Total | 35 / 100 | 35.00 % |    Student 1 20 (50.00%)  Student 2 20 (35.00 %)    *Additional technical information:*    https://tracker.moodle.org/browse/MDL-46139 introduced a field, grade_grade::aggregationweight that may be helpful.    Currently, grade_category::auto_update_weights() adjust grade_item weights but does this trickle down to grade_grades?    If an individual student cannot see an activity is zeroing grade_grade::aggregationweight and recalculating the weights in that category for that student sufficient?    This code may want to living in get_hiding_affected() in grade_grade.php.",-1,-1,2,20,2026-05-14T15:07:19Z,2026-05-14T16:27:25Z,4806.198,"{""Decision"": -1}"
moodle,2,MDL-51645,MDL-52106,Rename the plan capabilities,"In order to improve the consistency we should assume that all capabilities mean _all_, except when they mention _own_, in which case they are only used when we are in a user context, and the context belongs to the logged in user.    Rename:  * planmanageall to planmanage  * plancreatedraft to plancreateown  * planviewall to planview",Remove competency rules on parent when children are being moved or deleted,"When used in rules, especially with the rule based on points, if a competency is moved then the validation for the parent will fail when edited. But more importantly the rule of the parent it is coming from and the rules of the parent where it is going to will be affected in a random way. Also our UI will not display rules that have been moved, or deleted.    In order to prevent managers from messing up a framework we will prevent _move_, _delete_ and perhaps _add_ when the competency is being used in a rule.",-1,-1,1,3,2026-05-14T15:07:19Z,2026-05-14T16:27:26Z,4807.021,"{""Decision"": -1}"
moodle,2,MDL-52463,MDL-52960,Learning plan templates: Cannot sync cohorts at category level,I just found out that you cannot sync a learning plan template with a cohorts created at category level.    Steps to reproduce :  * In a category administration:  ** Create a template and a cohort  ** Go to the learning plan templates page and click on cohorts link  ** *The cohort is not displayed in the selection list*,Created event for competency viewed,"This event needs to be triggered when a single competency is being viewed. Mainly when the core of the information is the competency itself (not a template competency, not a plan competency, not a user competency, ...), just the competency is being displayed we will trigger the event.    I can think of two places where we would do so:    - When viewing all the competencies in a framework and selecting a competency  - When opening the competency dialogue    The event will be compatible via Ajax and triggered, not via templates, but from the ""Controllers"" which are responsible for displaying the information (e.g. view.php, AMD module rendering the template). Note that Ajax refresh of a portion of a page should re-trigger the event, in other words if you were to edit the title of a competency ""in-line"", and the code would then refresh the whole competency region, that should not retrigger a ""viewed"" event.",-1,-1,1,2,2026-05-14T15:07:19Z,2026-05-14T16:27:26Z,4807.263,"{""Decision"": -1}"
moodle,2,MDL-52423,MDL-51735,Create a plan summary screen,"We will recycle the page listing the competencies in a plan and add more information to it.    The page currently does not display information about the plan itself, it should contain:    - Due date  - Status (Draft, Active, Complete) (Later we'll add review)  - Option to change the status from here (just like on the plans page)  - Reviewer (Added later when reviews are supported)  - The template the plan is based on, and a link to if the user can view the template.  - A button to unlink the plan from its template (warning required) (MDL-52423)  - A button to edit the plan (cancelling the edit, or saving should return to the plan)    The button to add competencies stays there.    Note that a plan based on a template cannot be modified, it can only be unlinked. Also note that relevant capability checks must be made.",Veiwing a lesson before questions / pages are added results in an exception,"When a student attempts to view a lesson activity prior to content / question pages being added, the lesson displays an exception to the student    Steps to reproduce:  1. As a teacher create a new lesson activity but do not add any pages to it  2. As a student view the newly created lesson activity    Expected result:  Student should get a message indicating that the lesson is not ready to be attempted.    Actual Result:    Debug info:   Error code: cannotfindfirstpage  Stack trace:  line 481 of /lib/setuplib.php: moodle_exception thrown  line 284 of /mod/lesson/view.php: call to print_error()",1,1,3,1,2026-05-14T15:07:19Z,2026-05-14T16:27:27Z,4808.16,"{""Decision"": 1}"
moodle,2,MDL-47110,MDL-53019,"Automatically normalise weights, and notify users","Currently the weights in the Natural weighting aggregation method are not normalised to percentages. If a user provides weights in a category that do not sum to 100, they need to be automatically proportionally adjusted.    It would be helpful to add a notification, possibly within the category that has been updated, that informs the user that their figures have been normalised to become percentages.",Decide Moodle 3.2 requirements and push them to environment.xml (due date: 13/06/2016),We need to decide ASAP about all the PHP/DB/Moodle versions requirements and put all them into the environmental tests (adding them to all supported branches).    All the still open linked issues have been cloned here from the 3.1 sister issue (MDL-51580).    Usual discussions:    - PHP min. version.  - database versions.  - Linked issues.  - ...    Feel free to propose areas to be discussed here. A numbered list with all them will be created to vote and decide the final outcomes of this issue.    TIA and ciao :-),1,1,20,13,2026-05-14T15:07:19Z,2026-05-14T16:27:27Z,4808.293,"{""Decision"": 1}"
moodle,2,MDL-49517,MDL-51645,Upgrade AdoDB library to 5.19 for Moodle 2.9 release,Library: AdoDB  Current version: 5.18  Latest version: 5.19  http://adodb.sourceforge.net/    (this library used by auth plugins only)    Make sure to update files:  - lib/adodb/ (library itself)  - lib/thirdpartylibs.xml (indicate the current version)  - lib/adodb/readme_moodle.txt (indicate the current version and/or changes made),Rename the plan capabilities,"In order to improve the consistency we should assume that all capabilities mean _all_, except when they mention _own_, in which case they are only used when we are in a user context, and the context belongs to the logged in user.    Rename:  * planmanageall to planmanage  * plancreatedraft to plancreateown  * planviewall to planview",-1,1,5,1,2026-05-14T15:07:19Z,2026-05-14T16:27:27Z,4808.464,"{""Decision"": -1}"
moodle,2,MDL-47009,MDL-47147,Update reports so that they display natural weights properly,The 'user' report and the 'grader' report will need to be able to display grades with the weighting applied.    Check out Damyon's patch for MDL-46139 for areas that need to be changed to implement this.,Review third party libraries for new versions,"There are a number of third-party libraries distributed with Moodle. Before the major release, the available versions of these libraries should be reviewed.    # Check the list at https://docs.moodle.org/dev/Moodle_libraries_credits, which should be up to date with lib/thirdpartylibs.xml and other thirdpartylibs.xml files distributed around Moodle.  # Add any newly incorporated libraries into the list  # Check the available versions of each library  #* If there is a significant new version and updating is recommended, the new version should be integrated by creating a sub-task to this issue and processing it through integration independently. If there is a readme_moodle.txt file with the plugin, this describes the customisations made for Moodle.",-1,1,20,13,2026-05-14T15:07:19Z,2026-05-14T16:27:29Z,4810.099,"{""Decision"": -1}"
moodle,2,MDL-52282,MDL-53070,Create a scheduled task to sync plans from template cohorts,The task will observe check if new users were added to a cohort and create the required plans. Note that when a plan is unlinked from a template the original template ID is stored. The cohort sync should not re-create plans that were unlinked.,Non-editing teachers missing view user competency capability,"Not high priority but just mentioning that you cannot suggest grade as a non-editing teacher because you cannot view the user competency page in course (lacking teacher archetype for tool/lp:usercompetencyview). It is also not possible to display the  ""Competency breakdown"" report. See attachments.",1,1,3,1,2026-05-14T15:07:19Z,2026-05-14T16:27:30Z,4810.537,"{""Decision"": 1}"
moodle,2,MDL-47152,MDL-46821,Event monitor: Add help icon on subscriptions manage page,"On subscriptions manage page, there should be a help icon which provide further details on each rule. This should be present in both the tables. This can possibly include information such as event name, module name, description, etc. Up to the assignee to decide the best amount of info.    Since our help icon infrastructure only supports static content at this point, this might involve writing some yui code to generate custom panels for displaying the help content.",Category colours not matching in Gradebook User report,"When viewing the User report, categories are nested within a table. Each nested category has a header and footer for its section within the table. Currently, colours are used to visually identify and link those headers and footers, but at the moment, the colours are not matching or are not extended between the header and footer correctly.",1,1,20,13,2026-05-14T15:07:19Z,2026-05-14T16:27:30Z,4810.556,"{""Decision"": 1}"
moodle,2,MDL-52714,MDL-47149,Behat tests for templates CRUD operations,"Those tests will assert the well functioning of the CRUD operations on templates. This will not cover the creation of plans from template, nor linking cohorts with templates.",Event monitor: Write QA tests for the tool,Write QA tests for the tool,-1,-1,2,20,2026-05-14T15:07:19Z,2026-05-14T16:27:31Z,4811.85,"{""Decision"": -1}"
moodle,2,MDL-51506,MDL-47006,Implement validation mechanisms in persistent derived classes,"We need the models (persistent classes) to be able to validate themselves. The main reason behind this is that we cannot trust the data that is coming from other sources than web services or forms, for instance data manipulated by a developer, data from other sources such as CSV files, etc...    The API methods are not the right place to put this validation because the persistent classes can be used directly and enforcing the API use will be very difficult.    Defining validation within the model is the first step, later on we could re-use the validation definitions in forms, or even in external functions parameters/return definitions.    When working on this, grep for TODOs related to MDL-51506.",Add weights to sum of grades / natural,"Add weights from weighted mean of grades. Leave as numbers for now, will change to percentages later    + Fix the display of the weight fields with natural aggregation to always display percentage (main screen, edit screen of grade item, edit screen of grade category, maybe outcome too) (was MDL-47125)  + When using aggregation method 'Simple weighted mean', the extra credit field is a input field, which name is aggregationcoef2. (was MDL-47112)",1,-1,2,40,2026-05-14T15:07:19Z,2026-05-14T16:27:31Z,4811.871,"{""Decision"": 1}"
moodle,2,MDL-52426,MDL-52272,Template competencies page should not require manage permissions,"This page should be accessible when the user can read the template, of course in that case they should not be able to change anything.","Rename ""Status"" and ""State"" on plan page","The _Status_ column currently described the grade of a scale, we'll rename it to ""Grade"".  The _State_ column showing the ""status"" of the competency (idle, in review, ...) should be changed to ""Status"".",1,1,2,1,2026-05-14T15:07:19Z,2026-05-14T16:27:31Z,4812.199,"{""Decision"": 1}"
moodle,2,MDL-52711,MDL-53196,Create C(R)UD events for templates,"This issue will create 3 events:    - \tool_lp\event\template_created  - \tool_lp\event\template_updated  - \tool_lp\event\template_deleted    From the top of my head I don't see any information to place in _other_.    Those events should be triggered anywhere where a template is created, updated, or deleted, if the code is well structured this should be limited to API methods.    Tests are required for each event. See _events_test.php_ files.",Add relevant record snapshot to existing events,"I failed to notice and explain what _record snapshots_ were and therefore most of the events in _tool_lp_ do not include any snapshot. This issue is about checking the existing events and where they are triggered from and add relevant snapshots where they are missing.    I think this means:    # Adding self to the _create_from_*()_ methods:  {noformat}  $event->add_record_snapshot(self::TABLE, $this->to_record());  {noformat}  # Add extra snapshots where they are triggered  #- For instance when a user competency is updated, adding the snapshot of the competency if we have it, etc...",-1,1,3,1,2026-05-14T15:07:19Z,2026-05-14T16:27:32Z,4812.525,"{""Decision"": -1}"
moodle,2,MDL-46936,MDL-46819,Restore AJAX editing,"After the import of UCLA code, the AJAX editing has broken. In addition    *Todo*  * -AJAX doesn't load at all. Missing id column so incorrect variables are supplied as arguments to module.js-  * -Click to edit fields-  * -Clicking on another element of the page should save-  * -On blur (deselect) the change should save-  * -Hitting escape should cancel - non edit mode-  * -Arrow keys - Ctrl+Arrow Key fine on everything except Safari (and then it's just control+command+key)-  * -Headings become misaligned when you edit an entry.-  * -Analysis icon being forced to second line when editing cell-      *Not handling*  * ""Cannot read property 'setStyle' of null"" error message - cannot reproduce  * 'Error click this box to remove it' - error box is just text and not a box Occurs when invalid text is submitted to a cell  * Javascript error - undefined is not a function (this._hideSpinner()) - will be handled in MDL-25544  * Totals at the bottom aren't updated when you edit a cell. - will be handled in MDL-46658  * Row not highlighted when you click in the name field - will be handled in MDL-46658, unrelated to AJAX editing  * TAB'ing behaviour only works as desired on FF. (and even then it's not great, at the end of the column it tabs out) In IE, Safari and Chrome it tabs to elements outside of the table.",Negative adjusted weights in the natural aggregation should not be allowed.,Entering negative weights when using the natural aggregation method should not be allowed.,1,1,20,13,2026-05-14T15:07:19Z,2026-05-14T16:27:32Z,4812.649,"{""Decision"": 1}"
moodle,2,MDL-52485,MDL-49461,Validate the duedate of a plan,"The plan persistent does not validate the due date field.    This issue should also ensure that updating a plan from a template will not cause problems because of this new validation. E.g. Can dates on templates be set in the past, or can latency in updating the plan be slow enough to fail due date validation?",Mark competencies complete when the course is completed,"Completing the course will complete any assigned competencies by assigning the default value from the competency scale.  Note that depending on the course competency rule we could set the competency as ""Recommended"", or do nothing.",1,-1,1,5,2026-05-14T15:07:19Z,2026-05-14T16:27:33Z,4813.898,"{""Decision"": 1}"
moodle,2,MDL-52775,MDL-49521,api::get_course_competency is identical to api::list_course_competencies,It's missing the param for the competency id.    Merge both.,Upgrade PHPMailer to 5.2.9 for Moodle 2.9 release,Library: PHPMailer	  Current version: 5.2.7	  Latest version: 5.2.9	  https://github.com/PHPMailer/PHPMailer    Make sure to update files:  - lib/phpmailer/ (library itself)  - lib/thirdpartylibs.xml (indicate the current version)  - lib/phpmailer/readme_moodle.txt (indicate the current version and/or changes made),1,-1,1,5,2026-05-14T15:07:19Z,2026-05-14T16:27:33Z,4814.131,"{""Decision"": 1}"
moodle,2,MDL-52754,MDL-46827,Dropdown list of scales is not displayed when there's single quotes in values,"When preparing a demo of the tool_lp plugin, I noticed that the dropdown list of scales is not displayed in the user competency screen when there's one or more single quotes (') in the scale values (See attachments).    It seems that this character (and possibly other special characters) is not escaped properly.",Allow weightings within a category to be reset,When a user manually sets a weight it becomes fixed and only other weights are changed when normalising the weights in a category.    It would be good to have an option to reset the weights within a category. This would remove the flag indicating individual weights have been manually edited so they can all be normalised.    This could be extended to reset the weights for the whole course.,-1,-1,2,20,2026-05-14T15:07:19Z,2026-05-14T16:27:34Z,4814.92,"{""Decision"": -1}"
moodle,2,MDL-54988,MDL-51602,Final deprecation of methods from lib/modinfolib.php,"I found is_user_access_restricted_by_group(), get_deprecated_group_members_only() and build_section_cache() deprecated in 2.8    Also $standardmethods also refer to deprecated methods (from 2.6)",Add ability to duplicate a competency framework,"The docs say ""A competency framework can be duplicated,"" but currently this behaviour does not exist.    A framework can be duplicated. When duplicating a framework all the competencies linked must be duplicated as well. However, the new framework and competencies must not be linked to any course or template. The idnumber of the new framework will be updated following the same process than the one used for updating course shortnames upon restore, basically adding n where n is the first unique number found. See restore_dbops::calculate_course_names().",-1,-1,1,5,2026-05-14T15:07:19Z,2026-05-14T16:27:34Z,4815.436,"{""Decision"": -1}"
moodle,2,MDL-54751,MDL-52744,Recycle Bin - deleting large complex objects forces user to wait,"With the recycle bin enabled, deleting large, complex objects forces the user to wait until the backup process has completed before they can do anything else. When you delete small objects (e.g., labels, simple pages), the deletion occurs quickly. By ""deletion,"" I mean this workflow:    1.  Turn editing on  2.  Delete item  3.  Turn editing off    But when you delete a larger, complex object, step 3 above -- turning editing off -- can take a long time ( up to > 2 minutes), and there is no indication (other than what the browser provides) that something is happening. You basically have to wait for it to finish. Something that used to happen immediately -- turning editing off after deleting something (regardless of its complexity) -- can take minutes with the Recycle Bin enabled. An example of a ""large, complex object"" is a quiz with 95 questions and 155 student responses. Obviously, Moodle is working on backing up the quiz, and since it's rather complex (lots of responses), it takes time. The same thing happens on restore. Restoring this kind of quiz can take some time, but there isn't any kind of progress indicator to let the user know that something is happening and that it may take some time.    The concern here is that with the recycle bin enabled, a fundamental aspect of the Moodle experience has changed; i.e., deleting some objects no longer happens quickly if they are complex. How long it takes for Moodle to return control when turning editing back off after deleting an object depends on how large/complex that object is. And Moodle provides no progress indicator that something is happening.    We also saw this behavior when testing the recycle bin plugin our Moodle 2.7 site (we also saw session lock errors for large object deletions). We also see this issue on a test Moodle 3.1 server with the recycle bin enabled. While this quiz example may represent an outlier, users delete all sort of things... small and large objects.",grade_competency_in_course missing security check,This function needs to check that the user has the tool/lp:coursecompetencygradable capability in the course.,1,1,5,2,2026-05-14T15:07:19Z,2026-05-14T16:27:34Z,4815.438,"{""Decision"": 1}"
moodle,2,MDL-46951,MDL-49463,Make the grader report work on theme_base and derivatives,* Offsets are whacky - could be related to negative margins  * Tooltips are not working,A user can upload evidence or prior learning,"This issue is about creating a model and interface for a user to add evidence. User evidences are stored using the persistent _user_evidence_. They may contain a title, description, one URL and files. Only one URL can be linked, others should be added to the description, this can be clarified in the help popup for the URL.    At this stage the evidence will not be linked to a competency.",1,1,20,13,2026-05-14T15:07:19Z,2026-05-14T16:27:35Z,4816.252,"{""Decision"": 1}"
moodle,2,MDL-51644,MDL-53188,Create persistent model for user_competency,"This issue is about creating the basic API create CRUD user competencies.    User competencies are links between the user and a competency, often they will be transparently created from a user plan.    This issue should not be creating any external function or API yet as we will not even have a view, and also because the capability checks are tricky in this case as the model is only used to store information at this stage. Later on when we add competency reviews then we will have API and external functions.    The _persistent_ model is the only thing we need.     Non-exhaustive list of columns needed:  * int id  * int userid  * int competencyid  * int status (idle, in review, etc, will be defined later) (use constants)  * int reviewerid  * bool proficiency  * int grade (from a scale)    At this stage we will consider that the linked competency cannot be deleted without deleting the user_competency, therefore we do not need to duplicate the competency information like scale, etc...",Add event for when an evidence is attached to a user competency,"This issue is about a single event, which is triggered when an evidence is added (api::add_evidence):    - \tool_lp\event\evidence_created    The event should include information in other such as:    - usercompetencyid  - competencyid  - the action constant  - the recommend flag    I'm suggesting these because they are integers and may be useful for observers. Also the evidence ->to_record() data should be attached as a _record snapshot_. Same goes with the user_competency if we have it.    Note that the _actionuserid_ will be the _userid_ in the event, whereas the user the user competency belongs to will be the _relateduserid_.",1,1,3,1,2026-05-14T15:07:19Z,2026-05-14T16:27:36Z,4816.87,"{""Decision"": 1}"
moodle,2,MDL-47059,MDL-50182,Investigate/fix handling of hidden and excluded grades within natural weights,"Simple description of this issue:    Make natural weighting compatible with excluded grades (either excluded by exclude empty grades, or manually excluded grades).     What needs to happen for this to work:  The ""automatic"" weights for each grade_item natural weighting will need to be adjusted ""per user"" depending on the grades that  are excluded.  The max grade for the category will need to be different ""per user"" depending on the grades that are excluded.  Very simple example:    ||Grade item||Max grade||Natural Weight||  | Assign 1 | 10 | 10 % |  | Assign 2 | 20 | 20 % |  | Assign 3 | 30 | 30 % |  | Assign 4 | 40 | 40 % |  Total = 100  If item 2 is excluded because the student has not submitted anything and ""exclude empty grades"" is enabled -   ||Grade item||Max grade||Natural Weight||  | Assign 1 | 10 | 12.5 % |  | Assign 3 | 30 | 37.5 % |  | Assign 4 | 40 | 50 % |  Total = 80    Further more - currently we recalculate the ""view"" if show totals excluding hidden items is enabled. Depending on the performance of recalculating all of the above at page load time - we may need to add additional columns to store the ""view"" for users without view hidden grades capability. (This would be 3 extra columns on grade_grade)            Older - more complicated description:    At the moment, excluded and empty grades not being calculated in the final grade, is not enabled with sum of grades (the basis of natural weights). Also currently we have not introduced code to handle displaying hidden grades in the reports.     To do:    # Update reports to not consider empty grades. This work will be partially solved by MDL-47078.  # Update reports to exclude hidden grade items. Please note that hidden grade items are items hidden to all students and doesn't cover conditional access to activities.    Examples : (Please note that this is the desired outcome)  *Exclude empty grades*  Student 1  ||Grade item||Grade||Percent||  | Assign 1 | 10 / 20 | 50 % |  | Assign 2 | 10 / 40 | 5 % |  | Assign 3 | - / 80 | - |  | Total | 20 / 60 | 33.33 % |    Student 2  ||Grade item||Grade||Percent||  | Assign 1 | - / 20 | - |  | Assign 2 | - / 40 | - |  | Assign 3 | 20 / 80 | 25% |  | Total | 20 / 80 | 25.00 % |    Student 1 20 (33.00%)  Student 2 20 (25.00 %)    *Exclude hidden grade items*  Student 1  ||Grade item||Grade||Percent||  | Assign 1 | 10 / 20 | 50 % |  | Assign 2 - hidden | - / 40 | - |  | Assign 3 | 40 / 80 | 50% |  | Total | 50 / 100 | 50.00 % |    Student 2  ||Grade item||Grade||Percent||  | Assign 1 | 15 / 20 | 75% |  | Assign 2 - hidden | - / 40 | - |  | Assign 3 | 20 / 80 | 25% |  | Total | 35 / 100 | 35.00 % |    Student 1 20 (50.00%)  Student 2 20 (35.00 %)    *Additional technical information:*    https://tracker.moodle.org/browse/MDL-46139 introduced a field, grade_grade::aggregationweight that may be helpful.    Currently, grade_category::auto_update_weights() adjust grade_item weights but does this trickle down to grade_grades?    If an individual student cannot see an activity is zeroing grade_grade::aggregationweight and recalculating the weights in that category for that student sufficient?    This code may want to living in get_hiding_affected() in grade_grade.php.",Decide Moodle 3.0 requirements and push them to environment.xml,"We need to decide ASAP about all the PHP/DB/Moodle versions requirements and put all them into the environmental tests (adding them to all supported branches).    At the same time, if there is any change in the PHP version... some changes have to be populated to various installers and replace them by the new one when corresponding. To get a list of candidates:    grep -r '5\.x\.y' * | grep '\.php'    (and look for MDL-39007 status, about to unify all those duplicated checks)    Ciao :-)",1,1,20,13,2026-05-14T15:07:19Z,2026-05-14T16:27:36Z,4816.874,"{""Decision"": 1}"
moodle,2,MDL-49533,MDL-46732,Move alfresco repository to plugins DB,It relies on a no longer maintained php library that does not work against current versions of alfresco.    http://code.google.com/p/alfresco-php-sdk/,Review and move AJAX grading code to YUI module,"We have an AJAX interface for updating grades in the gradebook, but it's off by default and it's also pretty buggy.    [~johno] has started looking at it, the issues currently surrounding it, and is trying establish whether we want to enable this by default and move it into the YUI module.    This is currently exploratory work and we'll need to discuss whether this is something we want enabled by default, or whether it will lead to overridden grades too frequently.    https://docs.moodle.org/dev/Grader_report_2014#Main_display",1,-1,2,40,2026-05-14T15:07:19Z,2026-05-14T16:27:36Z,4817.094,"{""Decision"": 1}"
moodle,2,MDL-53188,MDL-46748,Add event for when an evidence is attached to a user competency,"This issue is about a single event, which is triggered when an evidence is added (api::add_evidence):    - \tool_lp\event\evidence_created    The event should include information in other such as:    - usercompetencyid  - competencyid  - the action constant  - the recommend flag    I'm suggesting these because they are integers and may be useful for observers. Also the evidence ->to_record() data should be attached as a _record snapshot_. Same goes with the user_competency if we have it.    Note that the _actionuserid_ will be the _userid_ in the event, whereas the user the user competency belongs to will be the _relateduserid_.",Mathjax default SSL CDN address is down causing atto to fail to load,"I just noticed on Moodle.org that atto wouldn't load on an forum post page.    It was failing to load https://c328740.ssl.cf1.rackcdn.com/mathjax/2.3-latest/MathJax.js    Looks like that CDN url has gone. On the plus side it looks like they've got https on their normal cdn address now so I configured moodle.org to use https://cdn.mathjax.org/mathjax/2.3-latest/MathJax.js instead.    But this caused atto to completely fail to load (and the repository) - so the failure is quite dramatic    h3.Steps to reproduce  # Disable tex filter, enable mathjax filter  # Set mathjax url to https://c328740.ssl.cf1.rackcdn.com/mathjax/2.3-latest/MathJax.js (or if that url starts working again, another broken url)  # Try and add a forum post    h3.Expected results  * The atto editor loads and repository uploader loads  * Mathjax is not available    h3.Actual results  * The editor doesn't load  * The repo picker doesn't load",1,-1,1,5,2026-05-14T15:07:19Z,2026-05-14T16:27:37Z,4817.892,"{""Decision"": 1}"
moodle,2,MDL-50328,MDL-52741,Allow competencies to be assigned to a user learning plan,"Followup from MDL-49460.    This issue assumes that there already is a competency picker, or existing code, to select a competency using Javascript.    Also, this issue should allow for a user to remove a competency from a plan. Implement reordering if you wish to, otherwise please raise a follow-up.",Show the taxonomy level for a competency in the competency summary template,"IE - everywhere the competency summary is shown it should include the term from the taxonomy (Level, Skill etc).     The generic term is still competency - ie when you are displaying a list or generating a notification.",1,1,5,2,2026-05-14T15:07:19Z,2026-05-14T16:27:38Z,4818.776,"{""Decision"": 1}"
moodle,2,MDL-52960,MDL-51036,Created event for competency viewed,"This event needs to be triggered when a single competency is being viewed. Mainly when the core of the information is the competency itself (not a template competency, not a plan competency, not a user competency, ...), just the competency is being displayed we will trigger the event.    I can think of two places where we would do so:    - When viewing all the competencies in a framework and selecting a competency  - When opening the competency dialogue    The event will be compatible via Ajax and triggered, not via templates, but from the ""Controllers"" which are responsible for displaying the information (e.g. view.php, AMD module rendering the template). Note that Ajax refresh of a portion of a page should re-trigger the event, in other words if you were to edit the title of a competency ""in-line"", and the code would then refresh the whole competency region, that should not retrigger a ""viewed"" event.","Create a workflow for requesting a competency be reviewed, and reviewing outstanding requests",See Spec: https://docs.moodle.org/dev/Competency_Based_Education#User_learning_plans,-1,1,2,1,2026-05-14T15:07:19Z,2026-05-14T16:27:38Z,4819.199,"{""Decision"": -1}"
moodle,2,MDL-46827,MDL-48145,Allow weightings within a category to be reset,When a user manually sets a weight it becomes fixed and only other weights are changed when normalising the weights in a category.    It would be good to have an option to reset the weights within a category. This would remove the flag indicating individual weights have been manually edited so they can all be normalised.    This could be extended to reset the weights for the whole course.,Decide Moodle 2.9 requirements and push them to environment.xml,"We need to decide ASAP about all the PHP/DB/Moodle versions requirements and put all them into the environmental tests (adding them to all supported branches).    At the same time, if there is any change in the PHP version... some changes have to be populated to various installers and replace them by the new one when corresponding. To get a list of candidates:    grep -r '5\.x\.y' * | grep '\.php'    (and look for MDL-39007 status, about to unify all those duplicated checks)  (and don't forget about the MyISAM thing @ MDL-46064)    Ciao :-)",-1,1,20,13,2026-05-14T15:07:19Z,2026-05-14T16:27:38Z,4819.304,"{""Decision"": -1}"
moodle,2,MDL-46862,MDL-47171,"Create a mockup/prototype of the simplified, combined Gradebook Setup page","Before we can estimate the complexity of shifting and combining elements in the Gradebook Setup page, a quick prototype should be created to inform scaling.",Event monitor: Remove dependency on MDL-46155,"Either remove dependency on MDL-46155, or get MDL-46155 integrated",-1,1,20,13,2026-05-14T15:07:19Z,2026-05-14T16:27:39Z,4819.595,"{""Decision"": -1}"
moodle,2,MDL-52122,MDL-51029,Create an API to register evidence to competencies,"We need to create an API that can be used to attach evidence to competencies, or more precisely user competencies. Perhaps api::create_evidence is all we need.    At present I do not think we need to create an external function for an evidence as it's unlikely that an evidence will be added manually. Most of the time the evidence will be added following an event (course completion, manual grading, evidence of prior learning linked, ...).    Evidences should never be removed or updated therefore we will not need other API functions for now.    Note that a user_competency record must exist before an evidence can be attached to it therefore this issue will have to ensure that the record exists.","Add ""completion rules"" for all competencies in a framework that are branches","If a competency framework is configured to use 3 levels - levels 1 and 2 will allow completion rules to be configured so that when the ""leaves"" are marked complete - the ""branches"" can be marked as complete (or recommended) by the rule.    https://docs.moodle.org/dev/images_dev/c/c9/cbe_spec06_v2.jpg    One last option would be to leave the competency unchanged regardless of the status of its children.",-1,-1,2,8,2026-05-14T15:07:19Z,2026-05-14T16:27:39Z,4819.666,"{""Decision"": -1}"
moodle,2,MDL-55126,MDL-46988,Deprecated get_records_csv() and put_records_csv(),"While searching for php 7.1 incompatible code I found methods get_record_csv() and put_records_csv() that are never used, have some debug echo and also use \r\n as the line separator....     We need to deprecate them",Fix RTL styling of the new grader report,"The CSS styles are not always very well set up for RTL languages. For instance the margin between the user picture and the full name. Or some text alignment, etc...",-1,-1,1,5,2026-05-14T15:07:19Z,2026-05-14T16:27:40Z,4820.961,"{""Decision"": -1}"
moodle,2,MDL-47345,MDL-51513,Category max grade is not properly updated when using extra credit,"# Set up a gradebook with a sub category  #- 2 items in the sub category (leave defaults)  #- 2 items in the top category (leave defaults)  # Set all categories to use 'Natural weighting'  #- All the weights should have been set automatically  #- Notice the sub category max grade is 200, and both items are weighted as 50  # Tick the extra credit checkbox of one of the items in the sub category  # Click ""Save changes""    *Expected*    - The category max grade is 100  - The category weight is equal to other items in the parent category    *Actual*    - The category max grade is 200  - The category weight is not equal to the other items in the parent category",Properly delete a competency,"When doing task MDL-51130, we realized that we had to first properly complete the deletion of competency before working on deleting the entire framework.    The tech spec are, at the moment, not completed and must be before starting the development. See some possible spec scenarios in the comments of MDL-51130.     To be determined: can we allow the deletion of competencies when some students are already marked as proficient in those? We could ask a user to confirm, or create a special permission for deletion of such competencies.    Note: competency::delete() removes the course competencies, that shouldn't be done there.",-1,1,8,3,2026-05-14T15:07:19Z,2026-05-14T16:27:41Z,4821.646,"{""Decision"": -1}"
moodle,2,MDL-52242,MDL-46696,Competencies listed in a completed plan must never change,"When we get the competencies of a _completed_ learning plan, we need to get the list of competencies from the archived we created when the plan was marked as complete. The reason for this is because while a plan cannot be changed once it's complete, a template could change and those changes would be reflected in the plan. Once a plan is complete it should be frozen.    There are a few ways to fix this:  # Unlink the plan from its template upon completion (not recommended, heavy, relationship lost)  # Copy the template_competencies to plan_competencies (almost acts unlink, heavy, adds weird conditional getters in $plan->get_competencies()  # Add an additional condition to $plan->get_competencies() to generate the list of competencies from the archived competencies (sortorder of competencies is hard to figure out)    I have started a patch for this, but tests failed because it broke the archiving mechanism.    {noformat}  diff --git a/admin/tool/lp/classes/plan.php b/admin/tool/lp/classes/plan.php  index f55d4a7..3d84889 100644  --- a/admin/tool/lp/classes/plan.php  +++ b/admin/tool/lp/classes/plan.php  @@ -121,13 +121,19 @@ class plan extends persistent {        */       public function get_competencies() {           $competencies = array();  -        if ($this->get_templateid()) {  +        if ($this->get_status() == self::STATUS_COMPLETE) {  +            // Get the competencies from the archive of the plan.  +            $competencies = user_competency_plan::list_competencies($this->get_id(), $this->get_userid());  +  +        } else if ($this->is_based_on_template()) {               // Get the competencies from the template.               $competencies = template_competency::list_competencies($this->get_templateid(), true);  +           } else {               // Get the competencies from the plan.               $competencies = plan_competency::list_competencies($this->get_id());           }  +           return $competencies;       }     diff --git a/admin/tool/lp/classes/user_competency_plan.php b/admin/tool/lp/classes/user_competency_plan.php  index f89ed1d..8315a69 100644  --- a/admin/tool/lp/classes/user_competency_plan.php  +++ b/admin/tool/lp/classes/user_competency_plan.php  @@ -143,6 +143,38 @@ class user_competency_plan extends persistent {       }          /**  +     * List the competencies in this plan.  +     *  +     * @param int $planid The plan ID  +     * @param int $userid The user ID  +     * @return competency[]  +     */  +    public static function list_competencies($planid, $userid) {  +        global $DB;  +  +        // TODO Fix ordering. The order set in template_competency, or plan_competency is not applied here.  +        // Perhaps we should have copied the sortorder here as well.  +        $sql = 'SELECT c.*  +                  FROM {' . competency::TABLE . '} c  +                  JOIN {' . self::TABLE . '} ucp  +                    ON ucp.competencyid = c.id  +                   AND ucp.userid = :userid  +                 WHERE ucp.planid = :planid';  +        $params = array('userid' => $userid, 'planid' => $planid);  +  +        // TODO MDL-52229 Handle hidden competencies.  +        $results = $DB->get_recordset_sql($sql, $params);  +  +        $instances = array();  +        foreach ($results as $key => $result) {  +            $instances[$key] = new competency(0, $result);  +        }  +        $results->close();  +  +        return $instances;  +    }  +  +    /**        * Get multiple user_competency_plan for a user.        *        * @param int $userid The user ID.    {noformat}    Along with this, this issue should also ensure that a user can not:    - Remove a competency from a completed plan  - Add a new competency from a completed plan",Implement backup and restore of the grades history,"The backup interface provides an option to include the grade history, but this checkbox does not do anything. Now that we are providing a user interface to view the grade history (MDL-46191), we should support backup and restore of those data.",1,-1,2,40,2026-05-14T15:07:19Z,2026-05-14T16:27:41Z,4821.925,"{""Decision"": 1}"
moodle,2,MDL-53195,MDL-46797,Undefined variable: coursecompetency warning in \tool_lp\api::get_user_competency_in_course(),"There is an undefined variable $coursecompetency in \tool_lp\api::get_user_competency_in_course() (see [here|https://github.com/FMCorz/moodle/blob/cbe/admin/tool/lp/classes/api.php#L1129]. I think that it should be {{$competency}}    I am not sure how to trigger the issue but, by setting {{$found}} to false, the following will be shown in the user course competency page.  {code}  Notice: Undefined variable: coursecompetency in /home/jun/moodles/cbe/moodle/admin/tool/lp/classes/api.php on line 1130  {code}","Rename ""Sum of grades"" aggregation to ""Natural""","It was considered acceptable that the Natural Weighting aggregation method would replace the Sum of grades aggregation, rather than being an additional, new aggregation method. The upgrade path to achieve this replacement is clear.    A number of name suggestions were the new aggregation method, including:  * Natural weighted,  * Default,  * Simple,  * Easy,  * Standard and  * Natural.    It was accepted by consensus that ""Natural"" concisely represented the meaning of the aggregation method and would also be consistent if it was adopted as the new default method, potentially the only default method selectable on new sites.",-1,-1,1,5,2026-05-14T15:07:19Z,2026-05-14T16:27:41Z,4821.933,"{""Decision"": -1}"
moodle,2,MDL-46967,MDL-52242,Remove grade/lib.php update_field(),Replace it by using Moodle's existing database methods or at least something that cannot be used to update anything in the database.  Perhaps something like update_weight() in grade_items and another one for grade_grade instances.,Competencies listed in a completed plan must never change,"When we get the competencies of a _completed_ learning plan, we need to get the list of competencies from the archived we created when the plan was marked as complete. The reason for this is because while a plan cannot be changed once it's complete, a template could change and those changes would be reflected in the plan. Once a plan is complete it should be frozen.    There are a few ways to fix this:  # Unlink the plan from its template upon completion (not recommended, heavy, relationship lost)  # Copy the template_competencies to plan_competencies (almost acts unlink, heavy, adds weird conditional getters in $plan->get_competencies()  # Add an additional condition to $plan->get_competencies() to generate the list of competencies from the archived competencies (sortorder of competencies is hard to figure out)    I have started a patch for this, but tests failed because it broke the archiving mechanism.    {noformat}  diff --git a/admin/tool/lp/classes/plan.php b/admin/tool/lp/classes/plan.php  index f55d4a7..3d84889 100644  --- a/admin/tool/lp/classes/plan.php  +++ b/admin/tool/lp/classes/plan.php  @@ -121,13 +121,19 @@ class plan extends persistent {        */       public function get_competencies() {           $competencies = array();  -        if ($this->get_templateid()) {  +        if ($this->get_status() == self::STATUS_COMPLETE) {  +            // Get the competencies from the archive of the plan.  +            $competencies = user_competency_plan::list_competencies($this->get_id(), $this->get_userid());  +  +        } else if ($this->is_based_on_template()) {               // Get the competencies from the template.               $competencies = template_competency::list_competencies($this->get_templateid(), true);  +           } else {               // Get the competencies from the plan.               $competencies = plan_competency::list_competencies($this->get_id());           }  +           return $competencies;       }     diff --git a/admin/tool/lp/classes/user_competency_plan.php b/admin/tool/lp/classes/user_competency_plan.php  index f89ed1d..8315a69 100644  --- a/admin/tool/lp/classes/user_competency_plan.php  +++ b/admin/tool/lp/classes/user_competency_plan.php  @@ -143,6 +143,38 @@ class user_competency_plan extends persistent {       }          /**  +     * List the competencies in this plan.  +     *  +     * @param int $planid The plan ID  +     * @param int $userid The user ID  +     * @return competency[]  +     */  +    public static function list_competencies($planid, $userid) {  +        global $DB;  +  +        // TODO Fix ordering. The order set in template_competency, or plan_competency is not applied here.  +        // Perhaps we should have copied the sortorder here as well.  +        $sql = 'SELECT c.*  +                  FROM {' . competency::TABLE . '} c  +                  JOIN {' . self::TABLE . '} ucp  +                    ON ucp.competencyid = c.id  +                   AND ucp.userid = :userid  +                 WHERE ucp.planid = :planid';  +        $params = array('userid' => $userid, 'planid' => $planid);  +  +        // TODO MDL-52229 Handle hidden competencies.  +        $results = $DB->get_recordset_sql($sql, $params);  +  +        $instances = array();  +        foreach ($results as $key => $result) {  +            $instances[$key] = new competency(0, $result);  +        }  +        $results->close();  +  +        return $instances;  +    }  +  +    /**        * Get multiple user_competency_plan for a user.        *        * @param int $userid The user ID.    {noformat}    Along with this, this issue should also ensure that a user can not:    - Remove a competency from a completed plan  - Add a new competency from a completed plan",-1,1,5,2,2026-05-14T15:07:19Z,2026-05-14T16:27:41Z,4822.5,"{""Decision"": -1}"
moodle,2,MDL-49516,MDL-47127,Upgrade S3 library in repository_s3 to 0.5.1-dev for Moodle 2.9 release,Library S3  Current version: 0.5.1-dev 8413f6f70ad3bb79ae756958d4ba2238514b00af  Latest version: 0.5.1-dev 2cf80b2  https://github.com/tpyo/amazon-s3-php-class  changes: https://github.com/tpyo/amazon-s3-php-class/compare/8413f6f70ad3bb79ae756958d4ba2238514b00af...2cf80b2    Make sure to update files:  - repository/s3/S3.php (library itself)  - repository/s3/thirdpartylibs.xml (indicate the current version)  - repository/s3/readme_moodle.txt (indicate the current version and/or changes made),"Update ""date till"" string in the grade history report","As discussed in the meeting ""date till"" should be updated to ""date to""",1,1,5,2,2026-05-14T15:07:19Z,2026-05-14T16:27:42Z,4823.319,"{""Decision"": 1}"
moodle,2,MDL-54847,MDL-50267,HTML audio tag removed from forum post,"A user wishes to embed a .wav file into a forum post.  Adding the .wav file via the text editor's media button only inserts a hyperlink to the file (see MDL-54846).  Using the text editor's source mode, the user attempts to embed the uploaded .wav file using the HTML 5 audio tag.  However, upon saving, the audio tag is automatically removed so the file is not embedded.  Using the same code in a page resource, the audio tag is not removed.     *STEPS TO REPLICATE*      	1. Create a forum activity.  	2. Add a new post to the forum.  	3. Click the Media button on the text editor.  	4. Upload a .wav file and then click the insert media button.  The .wav file is added to the page as a hyperlink.  	5. Click the HTML button on the text editor to switch into source mode.  	6. Update the HTML using the HTML 5 audio tag to embed the .wav file into the page.  Same code:  {noformat}  <p>The wav file should be embedded.</p>  <audio controls>  <source src=""http://core2next-sandbox.mrooms.net/draftfile.php/612/user/draft/162587154/a2002011001-e02.wav"" type=""audio/wav"">  Your browser does not support the audio element.  </audio>  {noformat}  	7. Submit the post.  	8. Read the post.  Also edit the post and click the HTML button on the text editor.     OBSERVED BEHAVIOR:   The .wav file is not embedded in the HTML.  The audio tag has been removed.  The resulting HTML:  {noformat}  <p>The wav file should be embedded.</p>Your browser does not support the audio element.  {noformat}     EXPECTED BEHAVIOR:   The audio tag is retained in the HTML.  The .wav file is embedded into the forum post allowing the audio file to be played directly from the post.     *REPLICATION LOCATIONS*   Behavior has been replicated in 3.0.4 and 2.9.3.    *ADDITIONAL INVESTIGATION NOTES*   	1. The audio tag is removed from the forum post HTML regardless of the file type being embedded.  For example, attempting to embed an .mp3 file with the audio tag also results in the audio tag being removed.  	2. Behavior was replicated with both the Atto and TinyMCE text editors.     *USER IMPACT*   An instructor teaching a sound design course would like for students to be able to share their .wav files within forums.  The .wav file format is not among the file formats currently handled by Moodle's media embedding features (see MDL-54846).  A potential work-around would be manually entered the necessary HTML to embed the file, but this cannot be done when the audio tag is automatically removed.",Remove strings deprecated in 2.9,"Remove strings from language files under the heading ""Deprecated in Moodle 2.9"" and the respective lines in deprecated.txt files    See also https://docs.moodle.org/dev/String_Deprecation",1,1,3,1,2026-05-14T15:07:19Z,2026-05-14T16:27:43Z,4823.934,"{""Decision"": 1}"
moodle,2,MDL-52743,MDL-52463,Add a statistics report to the course (competencies),"Show the percentage completed,    Top X users  Bottom X users    Top X competencies  Bottom X competencies",Learning plan templates: Cannot sync cohorts at category level,I just found out that you cannot sync a learning plan template with a cohorts created at category level.    Steps to reproduce :  * In a category administration:  ** Create a template and a cohort  ** Go to the learning plan templates page and click on cohorts link  ** *The cohort is not displayed in the selection list*,1,1,5,1,2026-05-14T15:07:19Z,2026-05-14T16:27:43Z,4824.118,"{""Decision"": 1}"
moodle,2,MDL-47373,MDL-50051,Fix bug where categories do not show Adjusted when they are,"h4. Reproduction  # Create three categories:  A - Natural  > B - Simple weighted  >> C - Simple weighted  # Adjust category B  # B does not display ""Adjusted"" even though it is",Make sure all functions in lib/deprecatedlib.php have debugging message,"Go through all functions in lib/deprecatedlib.php and make sure they all:  * display developer debugging message  * have {{@deprecated since X.X}} phpdocs token    If some functions do not do any of that, add {{@deprecated since 3.0}} and debugging message.    AFAIK some of functions are still used in Moodle. *Make sure to grep* !",1,1,8,3,2026-05-14T15:07:19Z,2026-05-14T16:27:43Z,4824.446,"{""Decision"": 1}"
moodle,2,MDL-46907,MDL-47492,Refactor user_button class to remove js methods,"As per the review on the parent epic the user_button class needs to be refactored as well -  {quote}      This user_button class is terrible. It just exposes methods to allow calling the js init functions it requires - but those functions are called from outside the class - ie the caller has to know all the functions and params that are required for the JS. Further - it builds up arrays of init functions and modules of which there is only one, and then calls them, in an inefficient way which prevents comboloading. {quote}",Add behat tests for displaying scales in gradebook,Some behat tests that ensure that scales are treated correctly in the Gradebook and we did not break it in the natural weighting branch. This also includes improvement to the table-reading behat steps that allows to specify column indexes instead of column headers,1,1,20,13,2026-05-14T15:07:19Z,2026-05-14T16:27:44Z,4824.855,"{""Decision"": 1}"
moodle,2,MDL-52233,MDL-47301,Show the idnumber of the competency in the user learning plan (and template),"Very small improvement I think should be made to make visible the idnumber of the competencies in a user learning plan for the following reasons :  * Makes it standard with the way it is displayed in the competency frameworks.  * Makes it easier for the user to know that a competency is a parent of another when the plan is containing multi-levels competencies. For example :  ** Photograph S1  ** Compose S1.1  ** Expose S1.2    Note : Maybe having a method in persistent that returns the right output would be a good idea, since it would be used at many places.",Upgrade Typo3 library to 4.7.19 for Moodle 2.8 release,Library: Typo3	  Current version: 4.7.15	  Latest version: 4.7.19  http://typo3.org/download/    Make sure to update files:  - lib/typo3/ (library itself)  - lib/thirdpartylibs.xml (indicate the current version)  - lib/typo3/readme_moodle.txt (indicate the current version and/or changes made),-1,-1,1,5,2026-05-14T15:07:19Z,2026-05-14T16:27:45Z,4826.112,"{""Decision"": -1}"
moodle,2,MDL-47492,MDL-47260,Add behat tests for displaying scales in gradebook,Some behat tests that ensure that scales are treated correctly in the Gradebook and we did not break it in the natural weighting branch. This also includes improvement to the table-reading behat steps that allows to specify column indexes instead of column headers,Undefined offset when using another aggregation method than Natural,# Set the aggregation method to 'Simple weighted mean of grades'  # Set a weight on an item  # Press 'Save changes'    *Expected*    - Nothing happens    *Actual*    - A wild notice appears,1,1,13,8,2026-05-14T15:07:19Z,2026-05-14T16:27:46Z,4826.698,"{""Decision"": 1}"
moodle,2,MDL-53070,MDL-47418,Non-editing teachers missing view user competency capability,"Not high priority but just mentioning that you cannot suggest grade as a non-editing teacher because you cannot view the user competency page in course (lacking teacher archetype for tool/lp:usercompetencyview). It is also not possible to display the  ""Competency breakdown"" report. See attachments.",Missing table header in behat step causes debugging.,"This doesn't cause the test to fail - but I see this in the output:    PHP Warning:  array_shift() expects parameter 1 to be array, boolean given in /home/damyonw/Documents/Moodle/instances/im_demo1/moodle/lib/tests/behat/behat_general.php on line 1085  PHP Stack trace:  PHP   1. {main}() /home/damyonw/Documents/Moodle/instances/im_demo1/moodle/vendor/behat/behat/bin/behat:0  PHP   2. Symfony\Component\Console\Application->run() /home/damyonw/Documents/Moodle/instances/im_demo1/moodle/vendor/behat/behat/bin/behat:32  PHP   3. Behat\Behat\Console\BehatApplication->doRun() /home/damyonw/Documents/Moodle/instances/im_demo1/moodle/vendor/symfony/symfony/src/Symfony/Component/Console/Application.php:121  PHP   4. Symfony\Component\Console\Application->doRun() /home/damyonw/Documents/Moodle/instances/im_demo1/moodle/vendor/behat/behat/src/Behat/Behat/Console/BehatApplication.php:68  PHP   5. Symfony\Component\Console\Application->doRunCommand() /home/damyonw/Documents/Moodle/instances/im_demo1/moodle/vendor/symfony/symfony/src/Symfony/Component/Console/Application.php:191  PHP   6. Symfony\Component\Console\Command\Command->run() /home/damyonw/Documents/Moodle/instances/im_demo1/moodle/vendor/symfony/symfony/src/Symfony/Component/Console/Application.php:895  PHP   7. Behat\Behat\Console\Command\BehatCommand->execute() /home/damyonw/Documents/Moodle/instances/im_demo1/moodle/vendor/symfony/symfony/src/Symfony/Component/Console/Command/Command.php:241  PHP   8. Behat\Behat\Console\Command\BehatCommand->runFeatures() /home/damyonw/Documents/Moodle/instances/im_demo1/moodle/vendor/behat/behat/src/Behat/Behat/Console/Command/B",1,-1,1,5,2026-05-14T15:07:19Z,2026-05-14T16:27:46Z,4826.732,"{""Decision"": 1}"
moodle,2,MDL-52710,MDL-46663,Create event for framework viewed,"This issue will create 1 event:    - \tool_lp\event\framework_viewed    This event needs to be triggered in the views that display the framework. As Ajax, and WS, do not access the page directly a new WS function needs to be created to trigger the event remotely. See _mod_book_view_book_ for example.    I would say that the only view we have displaying the framework so far is _competencies.php_.    The event needs to be tested.",Remove old functionality,"Note, these changes relate purely to features which have been replaced or superseded by new functionality, and new ways of doing things in Moodle.    * r0/r1 CSS classes should be removed - deprecation policy should not apply as the interface is largely a rewrite  * fixed columns system - this new method replaces them  * scrollview JS - this new method replaces this code",1,-1,2,20,2026-05-14T15:07:19Z,2026-05-14T16:27:46Z,4826.83,"{""Decision"": 1}"
moodle,2,MDL-47430,MDL-47373,Natural aggregation normalizes values to the range mingrade -> maxgrade - it should use 0 -> maxgrade,"While this behaviour is logical - it is different to the old behaviour - and since nothing in the spec says to change it - we need to update the code to work like ""sum of grades"" used to and write a behat test to lock it in.     Quick explanation of what should happen:  Manual grade item with a min grade of 10 and a max grade of 20  If I get 15 for this item - 20 should be added to the category grademax and 15 added to the total (Assuming automatic weights).     Manual grade item with a min grade of -10 and a max grade of 20  If I get 15 for this item - 20 should be added to the category grademax and 15 added to the total (Assuming automatic weights).     A Scale should use the values 0 - number items in the scale. The first item in the scale gets a grade of 1, 0 is for items set to ""No grade""",Fix bug where categories do not show Adjusted when they are,"h4. Reproduction  # Create three categories:  A - Natural  > B - Simple weighted  >> C - Simple weighted  # Adjust category B  # B does not display ""Adjusted"" even though it is",1,1,13,8,2026-05-14T15:07:19Z,2026-05-14T16:27:46Z,4826.879,"{""Decision"": 1}"
moodle,2,MDL-52690,MDL-46873,Do not automatically create plans for big cohort,We should not create the plans automatically when template_cohorts are created if there are too many plans.,Publish prototype and publicise,Publish prototype and publicise,-1,-1,1,8,2026-05-14T15:07:19Z,2026-05-14T16:27:47Z,4827.519,"{""Decision"": -1}"
moodle,2,MDL-52713,MDL-47148,Add behat tests for CRUD operations on frameworks,The tests will assert the well functioning of the competency frameworks CRUD operations. This issue is not about CRUD on competencies.,Event monitor: Write behat tests for the tool,Write behat tests for the tool,1,-1,2,20,2026-05-14T15:07:19Z,2026-05-14T16:27:47Z,4828.235,"{""Decision"": 1}"
moodle,2,MDL-51942,MDL-47299,Ensure that constant MOODLE_INTERNAL is used everywhere,I noticed that some of the files in tool_lp do not have:    {noformat}  defined('MOODLE_INTERNAL') || die();  {noformat}    We should add it to any file that is not directly accessed.,Upgrade PHPMailer to 5.2.9 for Moodle 2.8 release,Library: PHPMailer	  Current version: 5.2.7	  Latest version: 5.2.9	  https://github.com/PHPMailer/PHPMailer    Make sure to update files:  - lib/phpmailer/ (library itself)  - lib/thirdpartylibs.xml (indicate the current version)  - lib/phpmailer/readme_moodle.txt (indicate the current version and/or changes made),-1,-1,1,5,2026-05-14T15:07:19Z,2026-05-14T16:27:47Z,4828.441,"{""Decision"": -1}"
moodle,2,MDL-46962,MDL-51130,Handle floating objects with RTL languages,"RTL does not work so far, we have to invert the computations as everything aligned on the right should be aligned on the left, etc...",Deleting frameworks should delete associated data,Currently deleting a framework leaves orphan competencies behind.,1,1,8,3,2026-05-14T15:07:19Z,2026-05-14T16:27:48Z,4828.565,"{""Decision"": 1}"
moodle,2,MDL-54770,MDL-51039,PayPal enrolment plugin to support required SSLVERSION TLS v1.2 if possible,"PayPal enrolment plugin to support required SSLVERSION TLS v1.2 if possible.  As of June 17, 2016 PayPal will require HTTP 1.1 and SSL version TLS v1.2  see: https://devblog.paypal.com/upcoming-security-changes-notice/",Add completion rules to course - competency links,"For competencies linked to a course - the link should be able to be configured to allow either:    The competency should be ""Completed/Recommended"" when the course is completed. There should also be an option to do nothing.    The screen should explain that in any case when the course is completed an evidence attached to the user's evidence for that competency.",-1,-1,1,3,2026-05-14T15:07:19Z,2026-05-14T16:27:49Z,4829.873,"{""Decision"": -1}"
moodle,2,MDL-47301,MDL-51758,Upgrade Typo3 library to 4.7.19 for Moodle 2.8 release,Library: Typo3	  Current version: 4.7.15	  Latest version: 4.7.19  http://typo3.org/download/    Make sure to update files:  - lib/typo3/ (library itself)  - lib/thirdpartylibs.xml (indicate the current version)  - lib/typo3/readme_moodle.txt (indicate the current version and/or changes made),Remove password_compat library,"Once we have increased our minimum version to PHP 5.5.0, we can drop use of this library in Moodle.",-1,1,5,1,2026-05-14T15:07:19Z,2026-05-14T16:27:49Z,4829.879,"{""Decision"": -1}"
moodle,2,MDL-46695,MDL-52229,"Get prototype onto prototype.moodle.net, promote and request feedback","Once the UMN prototype has been checked and possibly modified to meet Moodle coding standards, the prototype should be shared publicly, with an opportunity for feedback.",Handle hidden templates/frameworks when linking competencies,"When a user is building a framework they can set their framework as hidden, in which case it will not show up in the different areas where a framework can be picked to then select some of its competencies. The same applies to templates, when the template is hidden it can not be selected to create a plan from that template.    There is no security risks attached to this issue, which means that the functions listing the frameworks and templates use an optional argument to filter out the invisible template/frameworks. Everyone can list hidden frameworks/templates but the UI will only display the relevant ones (visible). Crafting a request will report the hidden frameworks/templates, and that's fine.    However, the methods that are linking competencies to a framework/template should first check that the competency is not part of a hidden framework, in which case it cannot be linked. The method creating a plan from a template will perform the same check to ensure that the template is visible.    Note that if a framework/template is hidden after the competency/plan was created nothing happens. The hidden option is just there to act as a draft/archived flag to only display the relevant options in the UI. If the competency/plan was already created then it remains visible regardless of the status of its origin.    At a later stage we may decide to rename _visible_ to something more relevant. Or to have a _status_ on the framework/template (draft, active, archived). In that case a framework/template would have to be made ""Active"" to be visible in the relevant UI, and it could not be sent back as draft when used. Later maybe.",-1,1,8,3,2026-05-14T15:07:19Z,2026-05-14T16:27:49Z,4829.943,"{""Decision"": -1}"
moodle,2,MDL-51557,MDL-46777,Add learning plans to the administration block in categories,"Now that MDL-51107 is resolved we need to add links to the learning plans in the setting navigation of the categories.    For now, let's start with the same nodes than the ones defined under _Site administration_.    Note that those should not be displayed if the user does not have the required permissions.    To find the category administration, go to /course/index.php?categoryid=2","Improve behaviour of grader header, footer and sidebar on iOS 8 + IE","This issue relates to jankiness of the grader report on IE and iOS 8 Beta 4 (Safari).    In iOS versions < 8, the scroll event is only fired at the end of the action, and not throughout so this is not an issue.  From iOS 8 (tested with beta 4 on Safari), the scroll event is fired throughout. However, it is not fired frequently enough, resulting in a stuttering feeling.    IE just sucks at tables and with a large table in the DOM, it stutters without any javascript at all. Adding the floating headers makes this more apparent for the same reason that iOS 8 appears to stutter - the scroll event is not called frequently enough, and it looks like it's stuttering as a result.    We've tried several fixes for this already, and at present the code is highly optimised so that the fewest number of calculations occurs. The code also batches UI changes to reduce layout thrashing.    In one sense, it would be nice to use a position of fixed, but this has it's own issues too:  * iOS has a long-standing known issue where fixed items gradually disappear off the screen.    As far as I can tell, there is no known fix for the iOS fixed issue, so to keep it from disappearing off screen, we would have to maintain the current solution of relative positioned elements. Maintaining two methods for this is not an ideal situation - especially just for a single ecosystem.",-1,-1,1,5,2026-05-14T15:07:19Z,2026-05-14T16:27:49Z,4830.321,"{""Decision"": -1}"
moodle,2,MDL-51602,MDL-51647,Add ability to duplicate a competency framework,"The docs say ""A competency framework can be duplicated,"" but currently this behaviour does not exist.    A framework can be duplicated. When duplicating a framework all the competencies linked must be duplicated as well. However, the new framework and competencies must not be linked to any course or template. The idnumber of the new framework will be updated following the same process than the one used for updating course shortnames upon restore, basically adding n where n is the first unique number found. See restore_dbops::calculate_course_names().",Create a schedule task to close the plans that reached their due date,"The summary says it all.    If you have any concern about timezones, let's talk about it.    When a plan is completed, all the _user_competency_ associated with that plan will be copied over to _user_competency_plan_.",1,1,5,2,2026-05-14T15:07:19Z,2026-05-14T16:27:50Z,4831.207,"{""Decision"": 1}"
moodle,2,MDL-51968,MDL-46902,Remove the ability to change the userid of a plan,Remove the user ID parameter from the external functions that allow a change of ownership in a plan. And ensure that the API methods prevent the change as well.,When searching for a course that does not exist a non-sensical string is displayed.,"# Search for a course from the course management page that does not exist, eg. ""NOWAYTHISCOURSEEXISTSIFITDOESWOWYOUCRAZY"".  # You will get the strange string ""Showing courses -19 to 0 of 0 courses"" due to Moodle performing arithmetic with the value of 0 (($page * $perpage) + 1).",1,-1,1,5,2026-05-14T15:07:19Z,2026-05-14T16:27:50Z,4831.408,"{""Decision"": 1}"
moodle,2,MDL-50253,MDL-47244,Competencies can be related to other competencies,"You need to be able to link competencies to each other. This has no effect on the code logic, only display. Where we show the details we should also show the related competencies.    In order for the migration from one framework to another to work we will only permit linking to competencies within the same framework at this stage.    Note: duplicating frameworks should support this as well. Please consider this and raise another or report it to the related issue MDL-51602 if it's not finished yet.",Dividers don't display well in responsive layouts,"Identified during MDL-45893, dividers appear as horizontal lines in responsive menus when they should be vertical instead.",1,1,8,3,2026-05-14T15:07:19Z,2026-05-14T16:27:51Z,4832.026,"{""Decision"": 1}"
moodle,2,MDL-47353,MDL-52711,Test the Grader report on a number of third-party themes,"To ensure that the changes made to base and bootstrapbase themes are correctly affecting derivative themes, a number of third-party themes (including Standard) should be tested.",Create C(R)UD events for templates,"This issue will create 3 events:    - \tool_lp\event\template_created  - \tool_lp\event\template_updated  - \tool_lp\event\template_deleted    From the top of my head I don't see any information to place in _other_.    Those events should be triggered anywhere where a template is created, updated, or deleted, if the code is well structured this should be limited to API methods.    Tests are required for each event. See _events_test.php_ files.",-1,1,8,3,2026-05-14T15:07:19Z,2026-05-14T16:27:51Z,4832.433,"{""Decision"": -1}"
moodle,2,MDL-48145,MDL-47062,Decide Moodle 2.9 requirements and push them to environment.xml,"We need to decide ASAP about all the PHP/DB/Moodle versions requirements and put all them into the environmental tests (adding them to all supported branches).    At the same time, if there is any change in the PHP version... some changes have to be populated to various installers and replace them by the new one when corresponding. To get a list of candidates:    grep -r '5\.x\.y' * | grep '\.php'    (and look for MDL-39007 status, about to unify all those duplicated checks)  (and don't forget about the MyISAM thing @ MDL-46064)    Ciao :-)",Create an update script for natural grading,We need an upgrade script to calculate natural weights on grade items when changing from 'sum of grades' to 'natural'. Currently all weights are set to 0.0 when upgrading to this code.,1,1,13,8,2026-05-14T15:07:19Z,2026-05-14T16:27:52Z,4833.001,"{""Decision"": 1}"
moodle,2,MDL-51035,MDL-51034,"Create workflow for requesting approval, and approving draft learning plans.",https://docs.moodle.org/dev/Competency_Based_Education#User_learning_plans,Add page to list competencies in a user learning plan,"This page is linked in the menu, but doesn't exist currently.    https://docs.moodle.org/dev/images_dev/b/ba/cbe_spec12.jpg    -Also, this issue should allow for a user to remove a competency from a plan. Implement reordering if you wish to, otherwise please raise a follow-up.- Moved to MDL-50328",1,-1,1,3,2026-05-14T15:07:19Z,2026-05-14T16:27:52Z,4833.042,"{""Decision"": 1}"
moodle,2,MDL-53084,MDL-46824,Unclear what we are viewing when in a user competency in a plan,"When viewing a user competency from a plan, especially when the plan is completed, it is very unclear what we are viewing and why we can not rate a user any more.    When the plan is not completed, I think we should display the plan as part of the content.    When the plan is completed, we should also display a link to the plan, but emphasise that the plan is completed and that the competency being viewed is in the state it was when the plan was marked as complete.    I don't know how to achieve this visually.",Only allow drop lowest/keep highest when items in category are equally weighted,"The rule to allow the functionality to drop N lowest or keep N highest grades in a category needs to be enforced in the category settings and there needs to be help that explains when and how these options can be used.    See https://tracker.moodle.org/browse/MDL-46576 for the code to branch from, unless that issue has already been integrated.    See the spec at https://docs.moodle.org/dev/Natural_weighting    See https://github.com/MoodleGradebookWorkingGroup/moodle/compare/master...28_natural_weights for the original prototype implementation.    Weights need to take into account that some grade items will be dropped. This needs to reflected in the UI somehow. For example, maybe the weight would be ""25% or dropped""",-1,-1,2,40,2026-05-14T15:07:19Z,2026-05-14T16:27:52Z,4833.238,"{""Decision"": -1}"
moodle,2,MDL-53160,MDL-54751,Create C(R)UD events for evidence of prior learning,"This issue will add, trigger and test the following events:        Evidence of prior learning created      Evidence of prior learning deleted      Evidence of prior learning updated",Recycle Bin - deleting large complex objects forces user to wait,"With the recycle bin enabled, deleting large, complex objects forces the user to wait until the backup process has completed before they can do anything else. When you delete small objects (e.g., labels, simple pages), the deletion occurs quickly. By ""deletion,"" I mean this workflow:    1.  Turn editing on  2.  Delete item  3.  Turn editing off    But when you delete a larger, complex object, step 3 above -- turning editing off -- can take a long time ( up to > 2 minutes), and there is no indication (other than what the browser provides) that something is happening. You basically have to wait for it to finish. Something that used to happen immediately -- turning editing off after deleting something (regardless of its complexity) -- can take minutes with the Recycle Bin enabled. An example of a ""large, complex object"" is a quiz with 95 questions and 155 student responses. Obviously, Moodle is working on backing up the quiz, and since it's rather complex (lots of responses), it takes time. The same thing happens on restore. Restoring this kind of quiz can take some time, but there isn't any kind of progress indicator to let the user know that something is happening and that it may take some time.    The concern here is that with the recycle bin enabled, a fundamental aspect of the Moodle experience has changed; i.e., deleting some objects no longer happens quickly if they are complex. How long it takes for Moodle to return control when turning editing back off after deleting an object depends on how large/complex that object is. And Moodle provides no progress indicator that something is happening.    We also saw this behavior when testing the recycle bin plugin our Moodle 2.7 site (we also saw session lock errors for large object deletions). We also see this issue on a test Moodle 3.1 server with the recycle bin enabled. While this quiz example may represent an outlier, users delete all sort of things... small and large objects.",-1,-1,1,5,2026-05-14T15:07:19Z,2026-05-14T16:27:53Z,4834.076,"{""Decision"": -1}"
moodle,2,MDL-47490,MDL-49599,Finish VERP work in current sprint,"Rather than pulling in work which was largely created in other sprints, this issue is a placeholder for the VERP-related work remaining in this sprint.",Deprecate old boxnet v1 API,"Just noticed this in a TODO from MDL-42666    [~fred], any chance we can do this for 2.9? Cheers    {code}  /**   * Migrate the references to local files.   *   * As the APIv1 is reaching its end of life on the 14th of Dec 2013, and we cannot   * convert the existing references to new references, we need to convert them   * to real files.   *   * @todo   Deprecate/remove this function after the 14th of December 2013.   * @return void   */  {code}",-1,1,40,1,2026-05-14T15:07:19Z,2026-05-14T16:27:53Z,4834.079,"{""Decision"": -1}"
moodle,2,MDL-47026,MDL-52860,The tooltip prevents the user from entering the feedback field,"When editing is turned on, the tooltip appears over the field ""quick feedback"" which prevents the user from entering text in it.",Add confirmation dialogue when removing a competency from a course,As the summary says.,1,1,5,1,2026-05-14T15:07:19Z,2026-05-14T16:27:54Z,4834.695,"{""Decision"": 1}"
moodle,2,MDL-52847,MDL-50328,Error when duplicating framework whitout competencies,When we duplicate a framework without competency we get the following error:    error/Error while duplicating the competency framework.  File:  ...l/lp/classes/api.php  Line:  487,Allow competencies to be assigned to a user learning plan,"Followup from MDL-49460.    This issue assumes that there already is a competency picker, or existing code, to select a competency using Javascript.    Also, this issue should allow for a user to remove a competency from a plan. Implement reordering if you wish to, otherwise please raise a follow-up.",-1,-1,1,5,2026-05-14T15:07:19Z,2026-05-14T16:27:55Z,4835.607,"{""Decision"": -1}"
moodle,2,MDL-47377,MDL-52104,Do not include items with a weight of 0 in the max grade.,"This allows items to be graded, but have no effect on the final grade. E.g. a practice quiz.",Improve UI for the change of states in plan,"It was said in MDL-51805 that change of states in plan should work as follow :  Always prevent a plan to be marked as completed from the plan editing form. Instead we will add an option ""Complete this plan""/""Reopen this plan"" in the plans page which will warn the user that reopening the plan will delete any customization done to the competencies.    Note : A good implementation in api would be to prevent switching status (from/to complete) in api::update_plan and create a new specific method for that.    This issue should also ensure that a plan cannot be modified when it is complete, only its user_competency_plan in some occasions (plan.php).",-1,1,8,3,2026-05-14T15:07:19Z,2026-05-14T16:27:55Z,4835.699,"{""Decision"": -1}"
moodle,2,MDL-47307,MDL-53152,Upgrade Markdown to 1.4.1 for Moodle 2.8 release,Library: Markdown original+extra	  Current version: 1.4.0	  Latest version: 1.4.1	  http://michelf.ca/projects/php-markdown/    Make sure to update files:  - lib/markdown/ (library itself)  - lib/thirdpartylibs.xml (indicate the current version)  - lib/markdown/readme_moodle.txt (indicate the current version and/or changes made),lessc Less compilation computes variable mathematics at a different time,"I use a moodle theme which is based on bootstrapbase. After upgraded the moodle from 2.9 to 3.0-latest, the dropdown menu cannot be shown correctly. Compared with 2.9, I found the 3.0 missed one css style which is defined in  theme/bootstrapbase/style/moodle.css:  @media (min-width:{color:red}980px{color}){.nav-collapse.collapse{height:auto !important;overflow:visible !important}}  In 3.0 it changed to :  @media (min-width:{color:red}979px + 1{color}){.nav-collapse.collapse{height:auto !important;overflow:visible !important}}    It is generated from theme/bootstrapbase/less/bootstrap/responsive-navbar.less, in which the variable @navbarCollapseDesktopWidth is refered. And the @navbarCollapseDesktopWidth is defined in theme/bootstrapbase/less/bootstrap/variables.less, like:  @navbarCollapseWidth:             979px;  @navbarCollapseDesktopWidth:      @navbarCollapseWidth + 1;    The solution is adding parentheses for @navbarCollapseDesktopWidth in  theme/bootstrapbase/less/bootstrap/responsive-navbar.less, like:  @media (min-width: (@navbarCollapseDesktopWidth)) {  then generating the moodle.css file again by using: grunt css.",-1,1,5,1,2026-05-14T15:07:19Z,2026-05-14T16:27:55Z,4836.123,"{""Decision"": -1}"
moodle,2,MDL-47299,MDL-53189,Upgrade PHPMailer to 5.2.9 for Moodle 2.8 release,Library: PHPMailer	  Current version: 5.2.7	  Latest version: 5.2.9	  https://github.com/PHPMailer/PHPMailer    Make sure to update files:  - lib/phpmailer/ (library itself)  - lib/thirdpartylibs.xml (indicate the current version)  - lib/phpmailer/readme_moodle.txt (indicate the current version and/or changes made),Create event for user competency viewed,"This event will be trigger when a _user competency_ is viewed, whether in a course, a plan or by itself.    - When it is viewed in a plan (or completed plan), the _other_ field will contain the plan ID.  - When it is viewed in a course, the context will be the course context.  - Else, it is viewed by itself.    Don't forget to add the _record snapshot_.",-1,1,5,2,2026-05-14T15:07:19Z,2026-05-14T16:27:55Z,4836.481,"{""Decision"": -1}"
moodle,2,MDL-47025,MDL-53084,Fix highlighting behaviour in the new grader report,"It does not appear to work any more, probably due to recent changes.",Unclear what we are viewing when in a user competency in a plan,"When viewing a user competency from a plan, especially when the plan is completed, it is very unclear what we are viewing and why we can not rate a user any more.    When the plan is not completed, I think we should display the plan as part of the content.    When the plan is completed, we should also display a link to the plan, but emphasise that the plan is completed and that the competency being viewed is in the state it was when the plan was marked as complete.    I don't know how to achieve this visually.",-1,1,5,2,2026-05-14T15:07:19Z,2026-05-14T16:27:56Z,4836.677,"{""Decision"": -1}"
moodle,2,MDL-52051,MDL-53193,Migrate to Dropbox API v2,"Dropbox have release a new API increment, we probably should update to v2 before we get caught out when they drop v1:    https://blogs.dropbox.com/developers/2015/11/dropbox-api-v2-launches-today/  {quote}  At some point we'll likely deprecate the previous API v1, but we don't have specific plans to share now. We'll be sure to give developers plenty of warning.  {quote}",Add behat tests for CRUD of evidence of prior learning,Add some tests for when the evidence of prior learning are:    - Created  - Deleted  - Edited  - Viewed  - Listed,1,1,5,2,2026-05-14T15:07:19Z,2026-05-14T16:27:56Z,4836.799,"{""Decision"": 1}"
moodle,2,MDL-47254,MDL-54770,Backup / restore aggregationcoef2 and weightoverride,The aggregationcoef2 needs to be backed up when a course using it is backed up.,PayPal enrolment plugin to support required SSLVERSION TLS v1.2 if possible,"PayPal enrolment plugin to support required SSLVERSION TLS v1.2 if possible.  As of June 17, 2016 PayPal will require HTTP 1.1 and SSL version TLS v1.2  see: https://devblog.paypal.com/upcoming-security-changes-notice/",-1,1,5,1,2026-05-14T15:07:19Z,2026-05-14T16:27:56Z,4837.348,"{""Decision"": -1}"
moodle,2,MDL-46678,MDL-51442,Move sql in index.php to an api,"Index.php has the following hardcoded sql  {code}  $sql = ""SELECT u.id, "".$DB->sql_concat('u.lastname', ""' '"", 'u.firstname').""          FROM {user} u          JOIN {grade_grades_history} ggh ON ggh.usermodified = u.id          JOIN {grade_items} gi ON gi.id = ggh.itemid          WHERE gi.courseid = :courseid          GROUP BY u.id          ORDER BY u.lastname ASC, u.firstname ASC"";  {code}    It needs to be moved to an api.",Framework scales configuration must be mandatory,Currently it is possible for scales to be set without a default or proficiency value set. The form needs to throw a validation error when the scale was not properly defined when creating a competency framework.    We consider the scale properly configured when:    - It defines a default value  - It defines at least one proficiency value    Search for TODOs in the existing code.,1,1,5,2,2026-05-14T15:07:19Z,2026-05-14T16:27:57Z,4837.945,"{""Decision"": 1}"
moodle,2,MDL-51758,MDL-52426,Remove password_compat library,"Once we have increased our minimum version to PHP 5.5.0, we can drop use of this library in Moodle.",Template competencies page should not require manage permissions,"This page should be accessible when the user can read the template, of course in that case they should not be able to change anything.",-1,-1,1,2,2026-05-14T15:07:19Z,2026-05-14T16:27:57Z,4838.424,"{""Decision"": -1}"
moodle,2,MDL-47124,MDL-51506,Update table row/column sizes when AJAX quick editing,"Update table row/column sizes when AJAX quick editing    Needs to use either a global namespace, or a global event.",Implement validation mechanisms in persistent derived classes,"We need the models (persistent classes) to be able to validate themselves. The main reason behind this is that we cannot trust the data that is coming from other sources than web services or forms, for instance data manipulated by a developer, data from other sources such as CSV files, etc...    The API methods are not the right place to put this validation because the persistent classes can be used directly and enforcing the API use will be very difficult.    Defining validation within the model is the first step, later on we could re-use the validation definitions in forms, or even in external functions parameters/return definitions.    When working on this, grep for TODOs related to MDL-51506.",-1,1,5,2,2026-05-14T15:07:19Z,2026-05-14T16:27:58Z,4839.089,"{""Decision"": -1}"
moodle,2,MDL-47253,MDL-52745,"Change default aggregation method to ""Natural""","At the moment the default visible aggregation methods is ""Natural"" only but at the same time the default aggregation method is ""weighed means""    Make sure that all behat tests pass!",Only show evidence for a completency in a completed plan up to the timestamp the plan was completed.,"When viewing a completed plan, we do not want to see evidences created after the plan was completed.",-1,1,8,3,2026-05-14T15:07:19Z,2026-05-14T16:27:58Z,4839.498,"{""Decision"": -1}"
moodle,2,MDL-49523,MDL-49464,Upgrade Typo3 library to ??? for Moodle 2.9 release,Library: Typo3	  Current version: 4.7.15	  Latest version: ???  http://typo3.org/download/    Make sure to update files:  - lib/typo3/ (library itself)  - lib/thirdpartylibs.xml (indicate the current version)  - lib/typo3/readme_moodle.txt (indicate the current version and/or changes made)      Sorry - I can't actually tell which branch we pulled the code from. The readme_moodle.txt is not detailed enough.,Course competency links should be included in course backup/restore,"The course competency should be restored, if the competency exists in the site (match of idnumber of both the competency and the framework).",1,1,5,2,2026-05-14T15:07:19Z,2026-05-14T16:27:59Z,4839.748,"{""Decision"": 1}"
moodle,2,MDL-51791,MDL-46678,Some improvements to persistent validation,"I noticed that:    # We should check that the validate_* methods are protected  # That an ID is NOT set when we call _create()_, that messes up with the validation  # We should apply the basic validation to all properties before applying the custom one",Move sql in index.php to an api,"Index.php has the following hardcoded sql  {code}  $sql = ""SELECT u.id, "".$DB->sql_concat('u.lastname', ""' '"", 'u.firstname').""          FROM {user} u          JOIN {grade_grades_history} ggh ON ggh.usermodified = u.id          JOIN {grade_items} gi ON gi.id = ggh.itemid          WHERE gi.courseid = :courseid          GROUP BY u.id          ORDER BY u.lastname ASC, u.firstname ASC"";  {code}    It needs to be moved to an api.",-1,-1,1,5,2026-05-14T15:07:19Z,2026-05-14T16:27:59Z,4840.114,"{""Decision"": -1}"
moodle,2,MDL-50051,MDL-53190,Make sure all functions in lib/deprecatedlib.php have debugging message,"Go through all functions in lib/deprecatedlib.php and make sure they all:  * display developer debugging message  * have {{@deprecated since X.X}} phpdocs token    If some functions do not do any of that, add {{@deprecated since 3.0}} and debugging message.    AFAIK some of functions are still used in Moodle. *Make sure to grep* !",Create event for evidence of prior learning viewed,"Just an event for when a specific evidence of prior learning is viewed, triggered from the user_evidence.php file.",1,1,3,1,2026-05-14T15:07:19Z,2026-05-14T16:28:00Z,4840.531,"{""Decision"": 1}"
moodle,2,MDL-47171,MDL-47027,Event monitor: Remove dependency on MDL-46155,"Either remove dependency on MDL-46155, or get MDL-46155 integrated",Styling for the grader report when editing is turned on,"Due to the changes in MDL-46950, a couple of styles are missing and the editing interface does not look very sexy any more.",1,1,13,8,2026-05-14T15:07:19Z,2026-05-14T16:28:00Z,4840.818,"{""Decision"": 1}"
moodle,2,MDL-51026,MDL-54988,A competency framework can customise the terms for up to 4 competency levels,"We will restrict the depth of the competency frameworks so that we can allow customisable language to describe each level of a competency.     From the spec: ""The taxonomy refers to the naming for each level in the framework. Up to 4 levels are supported, and the name for each level can be set from the following list: Domain, Competency, Behaviour, Indicator, Outcome, Level, Concept, Value, Practice, Skill, Proficiency""    These will be provided by language strings, so they can be displayed in different languages (not taken from user input).    All other screens should replace the word ""Competency"" and ""Competencies"" with the correct term depending on the depth of the competency.    The number of terms will be fetched from a method in the framework class, just to ensure that later on we can change this number, or make it match a configuration variable. The term levels can either be saved in 4 columns, or in 1 column (_taxonomies_) with serialised data. The serialised data is less flexible but it seems unlikely that we will need to fetch just 1 term, or filter per term without loading the framework object.    The terms are using constants and will be mapped to language strings, e.g.:    {noformat}  const TAXONOMY_DOMAIN = 'domain';  const TAXONOMY_COMPETENCY = 'competency';  <lang_string> public function get_taxonomy($level);  <lang_string> public static function get_taxonomy_for_term($constant);  {noformat}",Final deprecation of methods from lib/modinfolib.php,"I found is_user_access_restricted_by_group(), get_deprecated_group_members_only() and build_section_cache() deprecated in 2.8    Also $standardmethods also refer to deprecated methods (from 2.6)",1,1,3,1,2026-05-14T15:07:19Z,2026-05-14T16:28:00Z,4841.342,"{""Decision"": 1}"
moodle,2,MDL-51507,MDL-49520,External functions to create/update competency frameworks lack scale information,"Frameworks must have a scale and the scale configured when they are created, and/or updated. The external functions associated with the frameworks lack the parameters to set those.    It is understand that those parameters cannot be extensively validated until we fix MDL-51506, however this issue could still be worked on, and a ""TODO MDL-51506"" comment can be added to the code to notify of the missing bits.",Upgrade Compatible password hashing library for Moodle 2.9 release,"Library: Compatible password hashing  There are no versions, just github branch, changes from the last pull: https://github.com/ircmaxell/password_compat/compare/c91b1168bc53c26f56fc65f16958b5be45ca5dc9...master    Make sure to update files:  - lib/password_compat/ (library itself)  - lib/thirdpartylibs.xml (indicate the current version)  - lib/password_compat/readme_moodle.txt (indicate the current version and/or changes made)",1,-1,1,5,2026-05-14T15:07:19Z,2026-05-14T16:28:01Z,4842.161,"{""Decision"": 1}"
moodle,2,MDL-52744,MDL-46864,grade_competency_in_course missing security check,This function needs to check that the user has the tool/lp:coursecompetencygradable capability in the course.,Integrate Natural weighting code,This issue is to review the code ready for modification within Moodle.    This will establish a working branch for collaboration in relation to this issues siblings.,-1,-1,2,40,2026-05-14T15:07:19Z,2026-05-14T16:28:01Z,4842.371,"{""Decision"": -1}"
moodle,2,MDL-55173,MDL-46774,Forum final deprecations to 2.8,"Perform final deprecations for all forum functions deprecated up to, and including, Moodle 2.8.",Migrate row/column highlight code to YUI module,"Reduce code duplication, improve performance reduce number of event handlers.",-1,-1,1,5,2026-05-14T15:07:19Z,2026-05-14T16:28:02Z,4842.57,"{""Decision"": -1}"
moodle,2,MDL-49519,MDL-47280,Upgrade Google APIs Client Library to 1.1.2 for Moodle 2.9 release,Library: Google APIs Client Library	  Current version: 1.0.5-beta	  Latest version: 1.1.2	  https://github.com/google/google-api-php-client    Make sure to update files:  - lib/google/ (library itself)  - lib/thirdpartylibs.xml (indicate the current version)  - lib/google/readme_moodle.txt (indicate the current version and/or changes made),Include YUI gallery modules properly,As per topic.,-1,1,8,3,2026-05-14T15:07:19Z,2026-05-14T16:28:02Z,4842.605,"{""Decision"": -1}"
moodle,2,MDL-47420,MDL-52709,Fix unit tests broken in the dev branch.,Currently they are failing:    PHP Fatal error:  Call to a member function get_aggregation_hint() on a non-object in /home/damyonw/Documents/Moodle/instances/im_demo1/moodle/grade/report/lib.php on line 436,Create C(R)UD events for competency frameworks,"This issue will create 3 events:    - \tool_lp\event\framework_created  - \tool_lp\event\framework_updated  - \tool_lp\event\framework_deleted    From the top of my head I don't see any information to place in _other_.    Those events should be triggered anywhere where a framework is created, updated, or deleted, if the code is well structured this should be 3 API methods.    Tests are required for each event. See _events_test.php_ files.    Documentation: https://docs.moodle.org/dev/Event_2#Properties",-1,1,8,3,2026-05-14T15:07:19Z,2026-05-14T16:28:02Z,4843.492,"{""Decision"": -1}"
moodle,2,MDL-51045,MDL-52710,"Create a way to import a competency framework from a set of Moodle ""Outcomes"".",A simple way to create a competency framework from an existing set of outcomes.,Create event for framework viewed,"This issue will create 1 event:    - \tool_lp\event\framework_viewed    This event needs to be triggered in the views that display the framework. As Ajax, and WS, do not access the page directly a new WS function needs to be created to trigger the event remotely. See _mod_book_view_book_ for example.    I would say that the only view we have displaying the framework so far is _competencies.php_.    The event needs to be tested.",1,1,5,2,2026-05-14T15:07:19Z,2026-05-14T16:28:03Z,4844.004,"{""Decision"": 1}"
moodle,2,MDL-51042,MDL-46846,Create a statistics report for a learning plan template,https://docs.moodle.org/dev/images_dev/2/2a/cbe_spec13.jpg,Grade export does not support grade display type anymore,The format of grade is now ignored.,1,1,5,2,2026-05-14T15:07:19Z,2026-05-14T16:28:04Z,4844.823,"{""Decision"": 1}"
moodle,2,MDL-49599,MDL-47026,Deprecate old boxnet v1 API,"Just noticed this in a TODO from MDL-42666    [~fred], any chance we can do this for 2.9? Cheers    {code}  /**   * Migrate the references to local files.   *   * As the APIv1 is reaching its end of life on the 14th of Dec 2013, and we cannot   * convert the existing references to new references, we need to convert them   * to real files.   *   * @todo   Deprecate/remove this function after the 14th of December 2013.   * @return void   */  {code}",The tooltip prevents the user from entering the feedback field,"When editing is turned on, the tooltip appears over the field ""quick feedback"" which prevents the user from entering text in it.",1,-1,1,5,2026-05-14T15:07:19Z,2026-05-14T16:28:04Z,4845.232,"{""Decision"": 1}"
moodle,2,MDL-46902,MDL-55173,When searching for a course that does not exist a non-sensical string is displayed.,"# Search for a course from the course management page that does not exist, eg. ""NOWAYTHISCOURSEEXISTSIFITDOESWOWYOUCRAZY"".  # You will get the strange string ""Showing courses -19 to 0 of 0 courses"" due to Moodle performing arithmetic with the value of 0 (($page * $perpage) + 1).",Forum final deprecations to 2.8,"Perform final deprecations for all forum functions deprecated up to, and including, Moodle 2.8.",-1,1,5,1,2026-05-14T15:07:19Z,2026-05-14T16:28:05Z,4845.847,"{""Decision"": -1}"
moodle,2,MDL-46777,MDL-52122,"Improve behaviour of grader header, footer and sidebar on iOS 8 + IE","This issue relates to jankiness of the grader report on IE and iOS 8 Beta 4 (Safari).    In iOS versions < 8, the scroll event is only fired at the end of the action, and not throughout so this is not an issue.  From iOS 8 (tested with beta 4 on Safari), the scroll event is fired throughout. However, it is not fired frequently enough, resulting in a stuttering feeling.    IE just sucks at tables and with a large table in the DOM, it stutters without any javascript at all. Adding the floating headers makes this more apparent for the same reason that iOS 8 appears to stutter - the scroll event is not called frequently enough, and it looks like it's stuttering as a result.    We've tried several fixes for this already, and at present the code is highly optimised so that the fewest number of calculations occurs. The code also batches UI changes to reduce layout thrashing.    In one sense, it would be nice to use a position of fixed, but this has it's own issues too:  * iOS has a long-standing known issue where fixed items gradually disappear off the screen.    As far as I can tell, there is no known fix for the iOS fixed issue, so to keep it from disappearing off screen, we would have to maintain the current solution of relative positioned elements. Maintaining two methods for this is not an ideal situation - especially just for a single ecosystem.",Create an API to register evidence to competencies,"We need to create an API that can be used to attach evidence to competencies, or more precisely user competencies. Perhaps api::create_evidence is all we need.    At present I do not think we need to create an external function for an evidence as it's unlikely that an evidence will be added manually. Most of the time the evidence will be added following an event (course completion, manual grading, evidence of prior learning linked, ...).    Evidences should never be removed or updated therefore we will not need other API functions for now.    Note that a user_competency record must exist before an evidence can be attached to it therefore this issue will have to ensure that the record exists.",1,1,5,2,2026-05-14T15:07:19Z,2026-05-14T16:28:05Z,4846.051,"{""Decision"": 1}"
moodle,2,MDL-46920,MDL-52233,Data-target does nothing,Currently on themes based off bootstrap base have a button that expands the header and displays the users logged in status. This button has a data-target property which is meant to specify (or so I would think) what DOM elements are to be hidden or displayed at narrow screen resolutions,Show the idnumber of the competency in the user learning plan (and template),"Very small improvement I think should be made to make visible the idnumber of the competencies in a user learning plan for the following reasons :  * Makes it standard with the way it is displayed in the competency frameworks.  * Makes it easier for the user to know that a competency is a parent of another when the plan is containing multi-levels competencies. For example :  ** Photograph S1  ** Compose S1.1  ** Expose S1.2    Note : Maybe having a method in persistent that returns the right output would be a good idea, since it would be used at many places.",1,1,3,1,2026-05-14T15:07:19Z,2026-05-14T16:28:06Z,4846.666,"{""Decision"": 1}"
moodle,2,MDL-52861,MDL-47294,The grading dialogue should show who is being graded,"Noticed on the prototype site, after the dialogue opens there is no reference to the user that we're grading. (From the competency breakdown).",Upgrade S3 library in repository_s3 to 0.5.1-dev for Moodle 2.8 release,Library S3  Current version: 0.5.0-dev  Latest version: 0.5.1-dev  https://github.com/tpyo/amazon-s3-php-class  changes: https://github.com/tpyo/amazon-s3-php-class/compare/56770370c33a5310c5e07a9d22aef8c162f150ee...master    Make sure to update files:  - repository/s3/S3.php (library itself)  - repository/s3/thirdpartylibs.xml (indicate the current version)  - repository/s3/readme_moodle.txt (indicate the current version and/or changes made),1,-1,1,5,2026-05-14T15:07:19Z,2026-05-14T16:28:06Z,4846.793,"{""Decision"": 1}"
moodle,2,MDL-52104,MDL-51963,Improve UI for the change of states in plan,"It was said in MDL-51805 that change of states in plan should work as follow :  Always prevent a plan to be marked as completed from the plan editing form. Instead we will add an option ""Complete this plan""/""Reopen this plan"" in the plans page which will warn the user that reopening the plan will delete any customization done to the competencies.    Note : A good implementation in api would be to prevent switching status (from/to complete) in api::update_plan and create a new specific method for that.    This issue should also ensure that a plan cannot be modified when it is complete, only its user_competency_plan in some occasions (plan.php).",Support custom scales per competency,"It may be useful for each competency to declare a different scale, though we won't exactly implement support for it just yet. This issue is about creating a getter in competency persistent to retrieve the scale and scale config. For now it will only be retrieving the scale from its framework but it will be useful in the future if we want to add support for scale competencies.",1,1,3,1,2026-05-14T15:07:19Z,2026-05-14T16:28:06Z,4847.383,"{""Decision"": 1}"
moodle,2,MDL-47148,MDL-47520,Event monitor: Write behat tests for the tool,Write behat tests for the tool,Styling changes for gradebook design improvements,"Barbara needs more CSS classes for her work on MDL-47363  Seems reasonable to add those classes inside natural aggregation branch so she will (hopefully) only need to work with .less and .css    1. Add classes 'levelodd' and 'leveleven' (or 'depthodd' and 'deptheven') for cells in user report and setup page, and also make sure that 'level1', 'level2', etc. are added to each cell. This classes will be used for swapping background color for netsted categories and adding indentation to some fields. Add missing classes specifying which column cell belongs to, the table itself, the empty row, etc  -2. Remove ""Category total"" row from setup page and move it's contents into the category header row. This will involve changing some behat tests checking the contents of the table.-",-1,1,20,8,2026-05-14T15:07:19Z,2026-05-14T16:28:06Z,4847.416,"{""Decision"": -1}"
moodle,2,MDL-52959,MDL-52485,Create C(R)UD events for competencies,"This issue will add, trigger and test the following events:    - Competency created  - Competency deleted  - Competency updated",Validate the duedate of a plan,"The plan persistent does not validate the due date field.    This issue should also ensure that updating a plan from a template will not cause problems because of this new validation. E.g. Can dates on templates be set in the past, or can latency in updating the plan be slow enough to fail due date validation?",1,1,3,1,2026-05-14T15:07:19Z,2026-05-14T16:28:07Z,4848.407,"{""Decision"": 1}"
moodle,2,MDL-47055,MDL-52675,reimplement extra credit handling with natural weights.,"See https://tracker.moodle.org/browse/MDL-46576 for the code to branch from, unless that issue has already been integrated.    See the spec at https://docs.moodle.org/dev/Natural_weighting    See https://github.com/MoodleGradebookWorkingGroup/moodle/compare/master...28_natural_weights for the original prototype implementation.",When deleting a template delete or unlink derived plans,"When a user delete a template, we have to ask:    # Whether the derived plans should be deleted  # Whether the derived plans should be unlinked    _No need to ask them when there are no derived plans._    Deleting relations/dependencies should be delayed to other issues.",1,1,8,3,2026-05-14T15:07:19Z,2026-05-14T16:28:08Z,4849.089,"{""Decision"": 1}"
moodle,2,MDL-49520,MDL-51962,Upgrade Compatible password hashing library for Moodle 2.9 release,"Library: Compatible password hashing  There are no versions, just github branch, changes from the last pull: https://github.com/ircmaxell/password_compat/compare/c91b1168bc53c26f56fc65f16958b5be45ca5dc9...master    Make sure to update files:  - lib/password_compat/ (library itself)  - lib/thirdpartylibs.xml (indicate the current version)  - lib/password_compat/readme_moodle.txt (indicate the current version and/or changes made)",Validate that the grade set in user_competency is valid,The grade in a user_competency should be validated against the scale.,1,1,5,1,2026-05-14T15:07:19Z,2026-05-14T16:28:08Z,4849.272,"{""Decision"": 1}"
moodle,2,MDL-52272,MDL-46997,"Rename ""Status"" and ""State"" on plan page","The _Status_ column currently described the grade of a scale, we'll rename it to ""Grade"".  The _State_ column showing the ""status"" of the competency (idle, in review, ...) should be changed to ""Status"".",Sum of Grades still not calculating correctly with hidden items,"In the following example on a vanilla instance of core 2.6.4+ with ""exclude hidden items from totals"" set on the course, I created two categories (aggregation set to Sum of Grades), each with two 100-point items, and gave the student 100 points for each item (400 total points). I then hid item 4 which should change the totals to 300/300.    Gradebook Testing     Category 1      Item 1 	             100.00 	0–100 	100.00 % 	       Item 2 	             100.00 	0–100 	100.00 % 	     Category total     200.00 	0–200 	100.00 % 	       Category 2      Item 3 	            100.00 	0–100 	100.00 % 	       Item 4 (hid)	      - 	        0–100 	- 	     Category total    100.00 	0–100 	200.00 % 	     Course total         200.00 	0–200 	200.00 %    As you can see from the results, the hidden item results in the course total of 200 points (and 200%), and Category 2 has the wrong percentage.",-1,-1,1,8,2026-05-14T15:07:19Z,2026-05-14T16:28:09Z,4849.841,"{""Decision"": -1}"
moodle,2,MDL-52979,MDL-52676,Only show course ratings / proficiency when viewing a competency in a course,"Currently, when a rating is suggested for a competency, it is only displayed in the list of evidences - and so becomes lost in the long list of evidence.    We should provide a hint of the suggested rating based on the aggregate of all the suggestions.    E.g.    Suggested ratings: Met (4), Not met (1) (possibly with hyper links to scroll to the most recent suggestion for each scale value).    When rating in a course - we should also limit the evidence list to only the evidence provided in that course.",When deleting a template delete associated template_cohorts,Deleting a template should not leave template_cohorts behind.,1,1,3,1,2026-05-14T15:07:19Z,2026-05-14T16:28:09Z,4849.991,"{""Decision"": 1}"
moodle,2,MDL-52418,MDL-51682,Invalid responses in learning plan templates and course competencies pages,Invalid responses javascript pop-ups in learning plan templates and course competencies pages when adding or deleting competencies. See attachments for more details.,"Fix all persistent sortorder handling to prevent ""holes""","There are a few problems with the handling of sortorder in the models. Those points are all related to each other:    # New sortorders are created based on the number of rows in a table  # When an entry is deleted, the sortorder is left untouched perhaps causing holes  #- E.g. sortorders 1, 2, 3, 4 and 3 is deleted leads to 1, 2, 4  # Reordering is substracting/adding 1 to the sortorder, which is the problem when holes already exist.",-1,-1,1,2,2026-05-14T15:07:19Z,2026-05-14T16:28:09Z,4850.454,"{""Decision"": -1}"
moodle,2,MDL-46774,MDL-54984,Migrate row/column highlight code to YUI module,"Reduce code duplication, improve performance reduce number of event handlers.",Final deprecation / removal of MUC stuff deprecated in 2.6,"From [~mr-russ], in devs chat:    {quote}  As a current example, the MUC is_persist set of functions was deprecated in 2.6, and is still there.  At what point is it possible to remove it?  {quote}    It seems that we missed those (have not found them in this epic list), and there are a number of them:    {code}  $ ag  'deprecated since 2.'  classes/definition.php  251:     * @deprecated since 2.9  848:     * @deprecated since 2.6  878:     * @deprecated since 2.6    classes/store.php  269:     * @deprecated since 2.5    classes/loaders.php  954:     * @deprecated since 2.6  976:     * @deprecated since 2.6  1003:     * @deprecated since 2.6  1058:     * @deprecated since 2.6  1109:     * @deprecated since 2.6    tests/fixtures/lib.php  299: * @deprecated since 2.9  {quote}    Ciao :-)",1,1,5,1,2026-05-14T15:07:19Z,2026-05-14T16:28:11Z,4852.403,"{""Decision"": 1}"
moodle,2,MDL-47062,MDL-52747,Create an update script for natural grading,We need an upgrade script to calculate natural weights on grade items when changing from 'sum of grades' to 'natural'. Currently all weights are set to 0.0 when upgrading to this code.,Show the courses a competency is linked to from the competency summary in plan page.,This allows students to discover courses that could teach them a skill or competency.,1,1,8,3,2026-05-14T15:07:19Z,2026-05-14T16:28:11Z,4852.407,"{""Decision"": 1}"
moodle,2,MDL-47298,MDL-52713,Upgrade Compatible password hashing library for Moodle 2.8 release,"Library: Compatible password hashing  There are no versions, just github branch, changes from the last pull: https://github.com/ircmaxell/password_compat/compare/2a7b6355d27c65f7e0de1fbbc0016b5b6cd8226b...master    Make sure to update files:  - lib/password_compat/ (library itself)  - lib/thirdpartylibs.xml (indicate the current version)  - lib/password_compat/readme_moodle.txt (indicate the current version and/or changes made)",Add behat tests for CRUD operations on frameworks,The tests will assert the well functioning of the competency frameworks CRUD operations. This issue is not about CRUD on competencies.,-1,1,5,2,2026-05-14T15:07:19Z,2026-05-14T16:28:11Z,4852.444,"{""Decision"": -1}"
moodle,2,MDL-46818,MDL-52803,Add form change checking to Gradebook setup page,"Currently, if you change a weight or some other setting on the Gradebook setup page(s) and then move away from the page without clicking ""Save changes"", the changes you have made will be lost without warning.    Change checking should be added to warn users of potentially losing changes before leaving the page.",Provide a way to hide/disable comments on competencies and plans,"In a situation where competencies, or plans, can not be sent for review, it is unlikely that comments will be used at all. In this scenario we need to provide a way to disable the comments altogether.    So far we thought of this:    # Adding a capability to _cancomment_, and  # Hiding the ""Comments"" area when the user can not comment and there are no comments.",1,1,8,3,2026-05-14T15:07:19Z,2026-05-14T16:28:12Z,4852.505,"{""Decision"": 1}"
moodle,2,MDL-55066,MDL-46862,Create a script to compare all grades for a 57% letter boundary problem.,Currently the upgrade step for checking if a course should be frozen with a 57%letter boundary problem only checks if the course has the potential that grades will be affected. It does not check individual grades to see if they are affected.    It's quite possible that courses will be flagged as frozen when they do not need to be.    This task is to create a script that can be used to check each grade and ensure that the course will only be frozen if there will definitely be a grade change.,"Create a mockup/prototype of the simplified, combined Gradebook Setup page","Before we can estimate the complexity of shifting and combining elements in the Gradebook Setup page, a quick prototype should be created to inform scaling.",1,-1,2,20,2026-05-14T15:07:19Z,2026-05-14T16:28:12Z,4852.857,"{""Decision"": 1}"
moodle,2,MDL-47045,MDL-51580,Bring in code from UCLA,Just a stub task to bring the code from UCLA into the working branch.,Decide Moodle 3.1 requirements and push them to environment.xml (due date: 30/11/2015),"We need to decide ASAP about all the PHP/DB/Moodle versions requirements and put all them into the environmental tests (adding them to all supported branches).    At the same time, if there is any change in the PHP version... some changes have to be populated to various installers and replace them by the new one when corresponding. To get a list of candidates:    grep -r '5\.x\.y' * | grep '\.php'    (and look for MDL-39007 status, about to unify all those duplicated checks)    Ciao :-)",-1,1,20,13,2026-05-14T15:07:19Z,2026-05-14T16:28:13Z,4853.525,"{""Decision"": -1}"
moodle,2,MDL-46732,MDL-47009,Review and move AJAX grading code to YUI module,"We have an AJAX interface for updating grades in the gradebook, but it's off by default and it's also pretty buggy.    [~johno] has started looking at it, the issues currently surrounding it, and is trying establish whether we want to enable this by default and move it into the YUI module.    This is currently exploratory work and we'll need to discuss whether this is something we want enabled by default, or whether it will lead to overridden grades too frequently.    https://docs.moodle.org/dev/Grader_report_2014#Main_display",Update reports so that they display natural weights properly,The 'user' report and the 'grader' report will need to be able to display grades with the weighting applied.    Check out Damyon's patch for MDL-46139 for areas that need to be changed to implement this.,1,1,40,20,2026-05-14T15:07:19Z,2026-05-14T16:28:13Z,4853.986,"{""Decision"": 1}"
moodle,2,MDL-46748,MDL-53192,Mathjax default SSL CDN address is down causing atto to fail to load,"I just noticed on Moodle.org that atto wouldn't load on an forum post page.    It was failing to load https://c328740.ssl.cf1.rackcdn.com/mathjax/2.3-latest/MathJax.js    Looks like that CDN url has gone. On the plus side it looks like they've got https on their normal cdn address now so I configured moodle.org to use https://cdn.mathjax.org/mathjax/2.3-latest/MathJax.js instead.    But this caused atto to completely fail to load (and the repository) - so the failure is quite dramatic    h3.Steps to reproduce  # Disable tex filter, enable mathjax filter  # Set mathjax url to https://c328740.ssl.cf1.rackcdn.com/mathjax/2.3-latest/MathJax.js (or if that url starts working again, another broken url)  # Try and add a forum post    h3.Expected results  * The atto editor loads and repository uploader loads  * Mathjax is not available    h3.Actual results  * The editor doesn't load  * The repo picker doesn't load",Rebase CBE to latest Moodle core,Fred needs to rebase CBE...,1,1,5,2,2026-05-14T15:07:19Z,2026-05-14T16:28:13Z,4854.064,"{""Decision"": 1}"
moodle,2,MDL-53193,MDL-47243,Add behat tests for CRUD of evidence of prior learning,Add some tests for when the evidence of prior learning are:    - Created  - Deleted  - Edited  - Viewed  - Listed,Outcome items weight cannot be edited,"Presently, the outcome weight is not editable when using the natural weighting aggregation method. I should be editable.",-1,-1,2,20,2026-05-14T15:07:19Z,2026-05-14T16:28:14Z,4854.6,"{""Decision"": -1}"
moodle,2,MDL-46997,MDL-53163,Sum of Grades still not calculating correctly with hidden items,"In the following example on a vanilla instance of core 2.6.4+ with ""exclude hidden items from totals"" set on the course, I created two categories (aggregation set to Sum of Grades), each with two 100-point items, and gave the student 100 points for each item (400 total points). I then hid item 4 which should change the totals to 300/300.    Gradebook Testing     Category 1      Item 1 	             100.00 	0–100 	100.00 % 	       Item 2 	             100.00 	0–100 	100.00 % 	     Category total     200.00 	0–200 	100.00 % 	       Category 2      Item 3 	            100.00 	0–100 	100.00 % 	       Item 4 (hid)	      - 	        0–100 	- 	     Category total    100.00 	0–100 	200.00 % 	     Course total         200.00 	0–200 	200.00 %    As you can see from the results, the hidden item results in the course total of 200 points (and 200%), and Category 2 has the wrong percentage.",Behat tests for plans workflow,- request review  - cancel review   - start review  - finish review  - make active  - move to draft  - complete plan  - ....,-1,1,8,3,2026-05-14T15:07:19Z,2026-05-14T16:28:14Z,4854.726,"{""Decision"": -1}"
moodle,2,MDL-53187,MDL-47346,Create events for user competency workflow,Create the events associated with the changes in status of a user competency:    # \tool_lp\event\user_competency_review_requested  # \tool_lp\event\user_competency_review_started  # ...,Record aggregationstatus and aggregationweight in the history tables,"The grade_grades table defines:    - aggregationstatus  - aggregationweight    but those fields are not recorded in the history report. We have to decide whether or not this information is valuable enough to be saved.    Implementing those fields after release might lead to inconsistent history as it will be very tricky (read impossible) to recompute the values of those columns during an upgrade.    This issue should also answer the question ""Should these fields be displayed in the history report"" and if yes, add them.",-1,-1,2,20,2026-05-14T15:07:19Z,2026-05-14T16:28:16Z,4856.599,"{""Decision"": -1}"
moodle,2,MDL-47295,MDL-52432,Upgrade AdoDB library to 5.19 for Moodle 2.8 release,Library: AdoDB  Current version: 5.18  Latest version: 5.19  http://adodb.sourceforge.net/    (this library used by auth plugins only)    Make sure to update files:  - lib/adodb/ (library itself)  - lib/thirdpartylibs.xml (indicate the current version)  - lib/adodb/readme_moodle.txt (indicate the current version and/or changes made),Add ability to unlink a plan from its template,On the page that shows the details of a plan we need to add an option to unlink the plan from its template. This should show a warning explaining that this not a reversible action.,-1,1,5,2,2026-05-14T15:07:19Z,2026-05-14T16:28:16Z,4857.052,"{""Decision"": -1}"
moodle,2,MDL-46696,MDL-46921,Implement backup and restore of the grades history,"The backup interface provides an option to include the grade history, but this checkbox does not do anything. Now that we are providing a user interface to view the grade history (MDL-46191), we should support backup and restore of those data.",Allow sorting on additional name fields.,"The sorting of tables can only be done on the users first name and surname. There should be a way to sort on the additional name fields (firstnamephonetic, lastnamephonetic, middlename, alternatename).",1,1,40,20,2026-05-14T15:07:19Z,2026-05-14T16:28:16Z,4857.054,"{""Decision"": 1}"
moodle,2,MDL-46821,MDL-47377,Category colours not matching in Gradebook User report,"When viewing the User report, categories are nested within a table. Each nested category has a header and footer for its section within the table. Currently, colours are used to visually identify and link those headers and footers, but at the moment, the colours are not matching or are not extended between the header and footer correctly.",Do not include items with a weight of 0 in the max grade.,"This allows items to be graded, but have no effect on the final grade. E.g. a practice quiz.",1,1,13,8,2026-05-14T15:07:19Z,2026-05-14T16:28:17Z,4857.883,"{""Decision"": 1}"
moodle,2,MDL-46825,MDL-46822,Allow categories to be collapsed in the Gradebook setup page,"The setup page(s) for the gradebook can get long and complicated when there are numerous grade items and categories. One way of potentially reducing the complexity is by allowing the categories to be collapsed on this page, much like settings pages allow sections of settings to be collapsed.",Allow editing of weights within single category,"Currently, to allow editing of weights, the cog icon at the top of the weights column needs to be clicked. The user can then edit weights all categories/items.    It would be useful to be able to turn on such editing within a category.    The icon for editing might need to be replaced with another icon or text to avoid confusing with the Edit icon to the right.",-1,1,40,20,2026-05-14T15:07:19Z,2026-05-14T16:28:17Z,4858.435,"{""Decision"": -1}"
moodle,2,MDL-46824,MDL-46951,Only allow drop lowest/keep highest when items in category are equally weighted,"The rule to allow the functionality to drop N lowest or keep N highest grades in a category needs to be enforced in the category settings and there needs to be help that explains when and how these options can be used.    See https://tracker.moodle.org/browse/MDL-46576 for the code to branch from, unless that issue has already been integrated.    See the spec at https://docs.moodle.org/dev/Natural_weighting    See https://github.com/MoodleGradebookWorkingGroup/moodle/compare/master...28_natural_weights for the original prototype implementation.    Weights need to take into account that some grade items will be dropped. This needs to reflected in the UI somehow. For example, maybe the weight would be ""25% or dropped""",Make the grader report work on theme_base and derivatives,* Offsets are whacky - could be related to negative margins  * Tooltips are not working,1,1,40,20,2026-05-14T15:07:19Z,2026-05-14T16:28:18Z,4858.841,"{""Decision"": 1}"
moodle,2,MDL-47063,MDL-49533,Classes .overridden and .ajaxoverridden are not changing the styles,"The styles for .ajaxoverridden were lost in another issue, they should be restored. Though they will suffer from the same problem than the one happening for .overridden: some other rules (with nth-child()) takes precedence over it and so the background color is not updated. We should make overridden more important.",Move alfresco repository to plugins DB,It relies on a no longer maintained php library that does not work against current versions of alfresco.    http://code.google.com/p/alfresco-php-sdk/,-1,1,5,2,2026-05-14T15:07:19Z,2026-05-14T16:28:18Z,4858.993,"{""Decision"": -1}"
moodle,2,MDL-52561,MDL-47254,Plan created from cohort and deleted are recreated by sync task,"When we delete a user plan created from a template and a cohort all information associated to the plan is deleted from the database. So when the scheduled task to sync plans runs, it recreates the plan because there is no way to know that the plan was there before.",Backup / restore aggregationcoef2 and weightoverride,The aggregationcoef2 needs to be backed up when a course using it is backed up.,1,-1,1,5,2026-05-14T15:07:19Z,2026-05-14T16:28:19Z,4859.671,"{""Decision"": 1}"
moodle,2,MDL-53162,MDL-47255,Behat tests for plans CRUD operations,"Test behat for:   - create plan (form, template, et template cohort)  - update plan  - delete plan  - view plan",Record aggregationcoef2 and weightoverride in grade history,"When aggregationcoef2 is modified, it should store in grade history, and when something else is modified, the aggregationcoef should be stored",1,-1,1,5,2026-05-14T15:07:19Z,2026-05-14T16:28:19Z,4859.888,"{""Decision"": 1}"
moodle,2,MDL-46846,MDL-47022,Grade export does not support grade display type anymore,The format of grade is now ignored.,"Implement ""Export since"" filter on grade export","The current grade export feature does not have a way to filter the results by date.  While working on MDL-46599 we found the necessity of create a new filter by date and time, in order to fix this bug properly.  The main concept is allow users to export grades from a past date to now, and save the last export date for further reference.  Another benefit of this new feature would be standardize all export formats (OpenDocument, Plain Text, Excel and XML).   We're still considering about the possibility of replace the *Export new or updated grades only* by this date filter.  However this could turn this issue too expensive because the XML structure is different of other export formats and is being used by OU and it rely on a config: *gradeexport*.",-1,-1,2,40,2026-05-14T15:07:19Z,2026-05-14T16:28:19Z,4859.947,"{""Decision"": -1}"
moodle,2,MDL-51647,MDL-47490,Create a schedule task to close the plans that reached their due date,"The summary says it all.    If you have any concern about timezones, let's talk about it.    When a plan is completed, all the _user_competency_ associated with that plan will be copied over to _user_competency_plan_.",Finish VERP work in current sprint,"Rather than pulling in work which was largely created in other sprints, this issue is a placeholder for the VERP-related work remaining in this sprint.",1,-1,2,40,2026-05-14T15:07:19Z,2026-05-14T16:28:19Z,4860.44,"{""Decision"": 1}"
moodle,2,MDL-47243,MDL-51024,Outcome items weight cannot be edited,"Presently, the outcome weight is not editable when using the natural weighting aggregation method. I should be editable.",Create a new page that can migrate a set of courses from one competency framework to another,"The use case is for updating to a newer curriculum, but leaving already completed competencies un-modified.    The workflow would be to either duplicate the old framework and make changes to it, or create a new one and import from file, then choose which courses should be moved to the new framework and trigger a script that will look for competencies that exist in both frameworks (matched on idnumber) and update the course / activity competencies to point to the new framework. This process should produce a report of competencies that were mapped, competencies that could not be mapped, as well as new competencies that did not exist in the old framework.     From the spec: ""A competency framework can be duplicated, and there is an admin tool for migrating courses from one framework to another (as long as the idnumbers between the competencies in the frameworks can be matched).""",-1,1,20,13,2026-05-14T15:07:19Z,2026-05-14T16:28:20Z,4861.244,"{""Decision"": -1}"
moodle,2,MDL-52432,MDL-47053,Add ability to unlink a plan from its template,On the page that shows the details of a plan we need to add an option to unlink the plan from its template. This should show a warning explaining that this not a reversible action.,Add floating title for the footer,"When scrolling right, the title for the footer needs to float hard too.",1,-1,2,8,2026-05-14T15:07:19Z,2026-05-14T16:28:21Z,4861.514,"{""Decision"": 1}"
moodle,2,MDL-51682,MDL-52690,"Fix all persistent sortorder handling to prevent ""holes""","There are a few problems with the handling of sortorder in the models. Those points are all related to each other:    # New sortorders are created based on the number of rows in a table  # When an entry is deleted, the sortorder is left untouched perhaps causing holes  #- E.g. sortorders 1, 2, 3, 4 and 3 is deleted leads to 1, 2, 4  # Reordering is substracting/adding 1 to the sortorder, which is the problem when holes already exist.",Do not automatically create plans for big cohort,We should not create the plans automatically when template_cohorts are created if there are too many plans.,1,1,2,1,2026-05-14T15:07:19Z,2026-05-14T16:28:21Z,4862.106,"{""Decision"": 1}"
moodle,2,MDL-52803,MDL-53194,Provide a way to hide/disable comments on competencies and plans,"In a situation where competencies, or plans, can not be sent for review, it is unlikely that comments will be used at all. In this scenario we need to provide a way to disable the comments altogether.    So far we thought of this:    # Adding a capability to _cancomment_, and  # Hiding the ""Comments"" area when the user can not comment and there are no comments.",Add behat tests for linking evidence of prior learning with competencies,"This behat test will ensure that user can link evidence of prior learning with their competencies. There are mutiple places where linking can occur, at this stage there is the list of evidence of prior learning, or the evidence of prior learning page itself.",-1,1,3,1,2026-05-14T15:07:19Z,2026-05-14T16:28:21Z,4862.147,"{""Decision"": -1}"
moodle,2,MDL-52062,MDL-51862,User's learning plan pages do not have a breadcrumb,"When viewing a user's plans page, or a plan itself, there is not breadcrumb which makes it hard to navigate back and forth.",Create a persistent model user_competency_plan,This model will archive the _user_competency_ records for a specific plan when the plan is frozen. It should contain the same information than the user_competency with the addition of the plan ID.    This issue is just about creating the model.,1,-1,1,3,2026-05-14T15:07:19Z,2026-05-14T16:28:21Z,4862.482,"{""Decision"": 1}"
moodle,2,MDL-51036,MDL-53211,"Create a workflow for requesting a competency be reviewed, and reviewing outstanding requests",See Spec: https://docs.moodle.org/dev/Competency_Based_Education#User_learning_plans,Create a user_competency_course model and populate it on suggest,"It has occurred that we need to store the suggestions that were applied in a course. Simply relying on the _evidence_ will make it hard to compute data for that course only, join, etc... so we will introduce a new model _user_competency_course_ which stores the proficiency and rating of a user in the context of a course.    So, when a teacher is suggesting a rate from a course we will populate the table _user_competency_course_ and attach an evidence as we are currently doing. When a suggestion happens within an activity (e.g. triggered by auto completion) we will also record that at the course level. When the suggestion is in a context parent to a course we proceed as normal.    MDL-52979 will take care of displaying the information in the views.    At a later stage we may decide to rephrase ""Suggest"" if another word works better.",1,-1,1,3,2026-05-14T15:07:19Z,2026-05-14T16:28:22Z,4863.051,"{""Decision"": 1}"
moodle,2,MDL-47153,MDL-46923,Event monitor: Trigger various events,"When a rule critieria is met, an event should be triggered.    In this issue we should create the event + unit tests",Typo in behat function name,The functions 'following_should_exit_in_the_table' and 'following_should_not_exit_in_the_table' have typos.,1,1,8,3,2026-05-14T15:07:19Z,2026-05-14T16:28:22Z,4863.398,"{""Decision"": 1}"
moodle,2,MDL-50482,MDL-47295,Add ability to duplicate a learning plan template,"The docs say ""Learning plan templates should allow ""duplication"" to create a new template for a new year (for example)"" but currently this behaviour does not exist.",Upgrade AdoDB library to 5.19 for Moodle 2.8 release,Library: AdoDB  Current version: 5.18  Latest version: 5.19  http://adodb.sourceforge.net/    (this library used by auth plugins only)    Make sure to update files:  - lib/adodb/ (library itself)  - lib/thirdpartylibs.xml (indicate the current version)  - lib/adodb/readme_moodle.txt (indicate the current version and/or changes made),1,-1,1,5,2026-05-14T15:07:19Z,2026-05-14T16:28:24Z,4864.789,"{""Decision"": 1}"
moodle,2,MDL-51130,MDL-51967,Deleting frameworks should delete associated data,Currently deleting a framework leaves orphan competencies behind.,Create a dialogue to view all the information about a competency,There will be many places where being able to view the full details of a competency will be very useful. For example when a student is viewing their plan they should be able to view the information about a competency without having to leave the page. Or when a teacher is linking competencies to a course. Or when a teacher is grading a bunch of competencies.,-1,1,3,1,2026-05-14T15:07:19Z,2026-05-14T16:28:24Z,4864.966,"{""Decision"": -1}"
moodle,2,MDL-49521,MDL-52755,Upgrade PHPMailer to 5.2.9 for Moodle 2.9 release,Library: PHPMailer	  Current version: 5.2.7	  Latest version: 5.2.9	  https://github.com/PHPMailer/PHPMailer    Make sure to update files:  - lib/phpmailer/ (library itself)  - lib/thirdpartylibs.xml (indicate the current version)  - lib/phpmailer/readme_moodle.txt (indicate the current version and/or changes made),Competencies sort order is not preserved when plan is completed,"The sort order is changing when a plan status is set to completed and it should not (See attachments).    To reproduce :  * Create a new plan with status active  * Add two competencies in the plan in the following order, name and idnumber :  ** Competency 1.2 _cpt12_  ** Competency 1.1 _cpt11_  * Complete the plan  * *You should see the competencies in the same sort order but it changed (now sorted by idnumber ASC)*",-1,1,5,2,2026-05-14T15:07:19Z,2026-05-14T16:28:24Z,4865.18,"{""Decision"": -1}"
moodle,2,MDL-46864,MDL-46936,Integrate Natural weighting code,This issue is to review the code ready for modification within Moodle.    This will establish a working branch for collaboration in relation to this issues siblings.,Restore AJAX editing,"After the import of UCLA code, the AJAX editing has broken. In addition    *Todo*  * -AJAX doesn't load at all. Missing id column so incorrect variables are supplied as arguments to module.js-  * -Click to edit fields-  * -Clicking on another element of the page should save-  * -On blur (deselect) the change should save-  * -Hitting escape should cancel - non edit mode-  * -Arrow keys - Ctrl+Arrow Key fine on everything except Safari (and then it's just control+command+key)-  * -Headings become misaligned when you edit an entry.-  * -Analysis icon being forced to second line when editing cell-      *Not handling*  * ""Cannot read property 'setStyle' of null"" error message - cannot reproduce  * 'Error click this box to remove it' - error box is just text and not a box Occurs when invalid text is submitted to a cell  * Javascript error - undefined is not a function (this._hideSpinner()) - will be handled in MDL-25544  * Totals at the bottom aren't updated when you edit a cell. - will be handled in MDL-46658  * Row not highlighted when you click in the name field - will be handled in MDL-46658, unrelated to AJAX editing  * TAB'ing behaviour only works as desired on FF. (and even then it's not great, at the end of the column it tabs out) In IE, Safari and Chrome it tabs to elements outside of the table.",-1,1,40,20,2026-05-14T15:07:19Z,2026-05-14T16:28:24Z,4865.214,"{""Decision"": -1}"
moodle,2,MDL-52745,MDL-51870,Only show evidence for a completency in a completed plan up to the timestamp the plan was completed.,"When viewing a completed plan, we do not want to see evidences created after the plan was completed.","Use new ""ajax"" definition of external functions","Looking at the logs we can notice a log of debugging messages because we are using _is_allowed_from_ajax_. We need to update all the functions definition to support ajax and remove these definitions.    Example:    {noformat}      'core_output_load_template' => array(          ...          'ajax'        => true,      ),  {noformat}",1,1,3,1,2026-05-14T15:07:19Z,2026-05-14T16:28:24Z,4865.293,"{""Decision"": 1}"
moodle,2,MDL-47147,MDL-49519,Review third party libraries for new versions,"There are a number of third-party libraries distributed with Moodle. Before the major release, the available versions of these libraries should be reviewed.    # Check the list at https://docs.moodle.org/dev/Moodle_libraries_credits, which should be up to date with lib/thirdpartylibs.xml and other thirdpartylibs.xml files distributed around Moodle.  # Add any newly incorporated libraries into the list  # Check the available versions of each library  #* If there is a significant new version and updating is recommended, the new version should be integrated by creating a sub-task to this issue and processing it through integration independently. If there is a readme_moodle.txt file with the plugin, this describes the customisations made for Moodle.",Upgrade Google APIs Client Library to 1.1.2 for Moodle 2.9 release,Library: Google APIs Client Library	  Current version: 1.0.5-beta	  Latest version: 1.1.2	  https://github.com/google/google-api-php-client    Make sure to update files:  - lib/google/ (library itself)  - lib/thirdpartylibs.xml (indicate the current version)  - lib/google/readme_moodle.txt (indicate the current version and/or changes made),1,1,13,8,2026-05-14T15:07:19Z,2026-05-14T16:28:25Z,4866.327,"{""Decision"": 1}"
moodle,2,MDL-52424,MDL-51646,Plans page should show the template the plan is based on,"On the page listing all the plans for a user we must show the template the plan is based on when there is one. ""Unlinking"" the plan from its template is done within the plan page, not from the list.",Implement plan status,"When a user is lacking permissions, their plan will automatically be created with the status ""Draft"". When a user has permissions, they can choose whether the plan is ""Draft"" or ""Active"".  A user that only has the permission to _create_ their own plan cannot change the plan (including linked competencies) once it was set ""Active"" or ""Completed"", more will come with MDL-51035. Users with the permission to manage a plan can.  The page listing the plans should contain tabs to display the list of Draft/Active/Completed plans. We can look at MDL-50976, if it does not seem to be closed to finish we can ignore that fact and raise a follow-up issue to implement the tabs.  Note, in MDL-51805 we will freeze the result of the competencies of a user when the plan becomes complete.  Also note that there will be more status added in the future when the plans will be reviewed, etc...  The actions to be taken when the plan is marked as completed will be set in MDL-51805.",-1,-1,1,3,2026-05-14T15:07:19Z,2026-05-14T16:28:26Z,4867.006,"{""Decision"": -1}"
moodle,2,MDL-52860,MDL-46772,Add confirmation dialogue when removing a competency from a course,As the summary says.,html_writer::table Ignore attributes for rows,"Although html_table_row can take attributes, they're completely ignored by html_writer's table() function.  Amongst other things, this prevents the addition of data attributes to a whole row.",-1,-1,1,5,2026-05-14T15:07:19Z,2026-05-14T16:28:26Z,4867.052,"{""Decision"": -1}"
moodle,2,MDL-51963,MDL-47124,Support custom scales per competency,"It may be useful for each competency to declare a different scale, though we won't exactly implement support for it just yet. This issue is about creating a getter in competency persistent to retrieve the scale and scale config. For now it will only be retrieving the scale from its framework but it will be useful in the future if we want to add support for scale competencies.",Update table row/column sizes when AJAX quick editing,"Update table row/column sizes when AJAX quick editing    Needs to use either a global namespace, or a global event.",1,-1,1,5,2026-05-14T15:07:19Z,2026-05-14T16:28:27Z,4867.657,"{""Decision"": 1}"
moodle,2,MDL-54984,MDL-51869,Final deprecation / removal of MUC stuff deprecated in 2.6,"From [~mr-russ], in devs chat:    {quote}  As a current example, the MUC is_persist set of functions was deprecated in 2.6, and is still there.  At what point is it possible to remove it?  {quote}    It seems that we missed those (have not found them in this epic list), and there are a number of them:    {code}  $ ag  'deprecated since 2.'  classes/definition.php  251:     * @deprecated since 2.9  848:     * @deprecated since 2.6  878:     * @deprecated since 2.6    classes/store.php  269:     * @deprecated since 2.5    classes/loaders.php  954:     * @deprecated since 2.6  976:     * @deprecated since 2.6  1003:     * @deprecated since 2.6  1058:     * @deprecated since 2.6  1109:     * @deprecated since 2.6    tests/fixtures/lib.php  299: * @deprecated since 2.9  {quote}    Ciao :-)",Users can link evidence of prior learning to their competencies,"Users can link evidence to their competencies if they have the capability _tool/lp:planaddevidence_. When they link an evidence to their competency, an _evidence_ is attached to the competency indicating that the user has linked evidence or prior learning, providing the link to the user's evidence page.    Note: discuss the capability name, perhaps it's better to have _tool/lp:addevidence_ which would control both the upload of evidence and the linking of evidence. Confusion with the persistent _evidence_ need to be addressed as they are different.",1,-1,1,3,2026-05-14T15:07:19Z,2026-05-14T16:28:27Z,4867.82,"{""Decision"": 1}"
moodle,2,MDL-46663,MDL-51033,Remove old functionality,"Note, these changes relate purely to features which have been replaced or superseded by new functionality, and new ways of doing things in Moodle.    * r0/r1 CSS classes should be removed - deprecation policy should not apply as the interface is largely a rewrite  * fixed columns system - this new method replaces them  * scrollview JS - this new method replaces this code",Create User Learning Plans from a Learning Plan Template,"See screenshot and description from spec:    https://docs.moodle.org/dev/Competency_Based_Education#User_learning_plans    The data in easy user plan will be exactly the same as the template, but also include the template ID as a reference to the original template. The user plan will be updated so that it gets its competencies from the template competencies when a link is present, this in order make it more efficient to update a template and related plans.    The most complex part of this issue will probably be about creating the user interface which allows to pick users and cohorts. We can raise another issue to resolve this if need be. Note: Perhaps we can use the newly introduced auto complete field (MDL-51247?).",-1,1,20,8,2026-05-14T15:07:19Z,2026-05-14T16:28:28Z,4868.682,"{""Decision"": -1}"
moodle,2,MDL-52235,MDL-49528,"Button ""Add new learning plan"" should not be displayed when permissions are missing","I found out this small bug in the user list of learning plans (plans.php) :  * Users with only ""tool/lp:planviewown"" or ""tool/lp:planview"", see the ""Add new learning plan"" button when they should not.",Upgrade Markdown to 1.5.0 for Moodle 2.9 release,Library: Markdown original+extra	  Current version: 1.4.1	  Latest version: 1.5.0	  http://michelf.ca/projects/php-markdown/    Make sure to update files:  - lib/markdown/ (library itself)  - lib/thirdpartylibs.xml (indicate the current version)  - lib/markdown/readme_moodle.txt (indicate the current version and/or changes made),1,-1,1,5,2026-05-14T15:07:19Z,2026-05-14T16:28:28Z,4868.9,"{""Decision"": 1}"
moodle,2,MDL-47149,MDL-47252,Event monitor: Write QA tests for the tool,Write QA tests for the tool,Discussion subscriptions visible (and broken) to guests,"Discussion subscriptions visible (and broken) to guests    # Create a new forum on the course front page  # Create a discussion in the forum  # Logout  # View the forum as a guest  #* *The envelope icons are visible, and clicking them gives an error*",1,1,20,8,2026-05-14T15:07:19Z,2026-05-14T16:28:28Z,4869.15,"{""Decision"": 1}"
moodle,2,MDL-47418,MDL-52754,Missing table header in behat step causes debugging.,"This doesn't cause the test to fail - but I see this in the output:    PHP Warning:  array_shift() expects parameter 1 to be array, boolean given in /home/damyonw/Documents/Moodle/instances/im_demo1/moodle/lib/tests/behat/behat_general.php on line 1085  PHP Stack trace:  PHP   1. {main}() /home/damyonw/Documents/Moodle/instances/im_demo1/moodle/vendor/behat/behat/bin/behat:0  PHP   2. Symfony\Component\Console\Application->run() /home/damyonw/Documents/Moodle/instances/im_demo1/moodle/vendor/behat/behat/bin/behat:32  PHP   3. Behat\Behat\Console\BehatApplication->doRun() /home/damyonw/Documents/Moodle/instances/im_demo1/moodle/vendor/symfony/symfony/src/Symfony/Component/Console/Application.php:121  PHP   4. Symfony\Component\Console\Application->doRun() /home/damyonw/Documents/Moodle/instances/im_demo1/moodle/vendor/behat/behat/src/Behat/Behat/Console/BehatApplication.php:68  PHP   5. Symfony\Component\Console\Application->doRunCommand() /home/damyonw/Documents/Moodle/instances/im_demo1/moodle/vendor/symfony/symfony/src/Symfony/Component/Console/Application.php:191  PHP   6. Symfony\Component\Console\Command\Command->run() /home/damyonw/Documents/Moodle/instances/im_demo1/moodle/vendor/symfony/symfony/src/Symfony/Component/Console/Application.php:895  PHP   7. Behat\Behat\Console\Command\BehatCommand->execute() /home/damyonw/Documents/Moodle/instances/im_demo1/moodle/vendor/symfony/symfony/src/Symfony/Component/Console/Command/Command.php:241  PHP   8. Behat\Behat\Console\Command\BehatCommand->runFeatures() /home/damyonw/Documents/Moodle/instances/im_demo1/moodle/vendor/behat/behat/src/Behat/Behat/Console/Command/B",Dropdown list of scales is not displayed when there's single quotes in values,"When preparing a demo of the tool_lp plugin, I noticed that the dropdown list of scales is not displayed in the user competency screen when there's one or more single quotes (') in the scale values (See attachments).    It seems that this character (and possibly other special characters) is not escaped properly.",-1,1,5,2,2026-05-14T15:07:19Z,2026-05-14T16:28:29Z,4869.708,"{""Decision"": -1}"
moodle,2,MDL-47053,MDL-52959,Add floating title for the footer,"When scrolling right, the title for the footer needs to float hard too.",Create C(R)UD events for competencies,"This issue will add, trigger and test the following events:    - Competency created  - Competency deleted  - Competency updated",-1,1,8,3,2026-05-14T15:07:19Z,2026-05-14T16:28:29Z,4869.712,"{""Decision"": -1}"
moodle,2,MDL-46950,MDL-47358,Re-organised CSS of the grader report,#NAME?,Ensure changes to categories and effects on grade items are recorded in Grade history,"Changes made to and within categories in the Setup page should be recorded in the Grade history. These include changes to aggregation method, weight, max grade and other category settings.    Where these changes affect grade items (through recalculation) these changes should also be recorded and shown in the Grade history report.",-1,1,13,8,2026-05-14T15:07:19Z,2026-05-14T16:28:29Z,4870.274,"{""Decision"": -1}"
moodle,2,MDL-47280,MDL-52775,Include YUI gallery modules properly,As per topic.,api::get_course_competency is identical to api::list_course_competencies,It's missing the param for the competency id.    Merge both.,-1,1,3,1,2026-05-14T15:07:19Z,2026-05-14T16:28:29Z,4870.411,"{""Decision"": -1}"
moodle,2,MDL-49528,MDL-52714,Upgrade Markdown to 1.5.0 for Moodle 2.9 release,Library: Markdown original+extra	  Current version: 1.4.1	  Latest version: 1.5.0	  http://michelf.ca/projects/php-markdown/    Make sure to update files:  - lib/markdown/ (library itself)  - lib/thirdpartylibs.xml (indicate the current version)  - lib/markdown/readme_moodle.txt (indicate the current version and/or changes made),Behat tests for templates CRUD operations,"Those tests will assert the well functioning of the CRUD operations on templates. This will not cover the creation of plans from template, nor linking cohorts with templates.",-1,1,5,2,2026-05-14T15:07:19Z,2026-05-14T16:28:30Z,4871.241,"{""Decision"": -1}"
moodle,2,MDL-51953,MDL-51045,Missing four services definitions,"When working on MDL-51870, I realized that 4 services definition were missing from db/services.php :  * count_templates_using_competency  * list_templates_using_competency  * count_competencies_in_template  * list_competencies_in_template    These services are not currently used in the plugin, that's why we never had any problems.","Create a way to import a competency framework from a set of Moodle ""Outcomes"".",A simple way to create a competency framework from an existing set of outcomes.,-1,-1,1,5,2026-05-14T15:07:19Z,2026-05-14T16:28:30Z,4871.259,"{""Decision"": -1}"
moodle,2,MDL-53163,MDL-51557,Behat tests for plans workflow,- request review  - cancel review   - start review  - finish review  - make active  - move to draft  - complete plan  - ....,Add learning plans to the administration block in categories,"Now that MDL-51107 is resolved we need to add links to the learning plans in the setting navigation of the categories.    For now, let's start with the same nodes than the ones defined under _Site administration_.    Note that those should not be displayed if the user does not have the required permissions.    To find the category administration, go to /course/index.php?categoryid=2",1,1,3,1,2026-05-14T15:07:19Z,2026-05-14T16:28:31Z,4871.855,"{""Decision"": 1}"
moodle,2,MDL-47294,MDL-52757,Upgrade S3 library in repository_s3 to 0.5.1-dev for Moodle 2.8 release,Library S3  Current version: 0.5.0-dev  Latest version: 0.5.1-dev  https://github.com/tpyo/amazon-s3-php-class  changes: https://github.com/tpyo/amazon-s3-php-class/compare/56770370c33a5310c5e07a9d22aef8c162f150ee...master    Make sure to update files:  - repository/s3/S3.php (library itself)  - repository/s3/thirdpartylibs.xml (indicate the current version)  - repository/s3/readme_moodle.txt (indicate the current version and/or changes made),Course competencies: Problem when selecting users in the manual marking page,"The first time you try, it is not possible to select another user in the list of the course competencies manual marking page.    To reproduce:  * *You can only reproduce with all the cache systems ON -> ""mdk run undev""*  * Go in the course competencies section of a course and add a competency  * Click on the competency to display the user competency screen (manual marking)  * Try to show another user by selecting someone else in the list (See attachment)  * *You should see that you are not redirected to this user and that the user is not in the list anymore*  * *If you try again with another user, it works*  * You can do this over and over again by refreshing the page and selecting someone else in the list.",-1,1,5,2,2026-05-14T15:07:19Z,2026-05-14T16:28:31Z,4872.075,"{""Decision"": -1}"
moodle,2,MDL-47027,MDL-52282,Styling for the grader report when editing is turned on,"Due to the changes in MDL-46950, a couple of styles are missing and the editing interface does not look very sexy any more.",Create a scheduled task to sync plans from template cohorts,The task will observe check if new users were added to a cohort and create the required plans. Note that when a plan is unlinked from a template the original template ID is stored. The cohort sync should not re-create plans that were unlinked.,-1,1,8,3,2026-05-14T15:07:19Z,2026-05-14T16:28:31Z,4872.115,"{""Decision"": -1}"
moodle,2,MDL-51029,MDL-54847,"Add ""completion rules"" for all competencies in a framework that are branches","If a competency framework is configured to use 3 levels - levels 1 and 2 will allow completion rules to be configured so that when the ""leaves"" are marked complete - the ""branches"" can be marked as complete (or recommended) by the rule.    https://docs.moodle.org/dev/images_dev/c/c9/cbe_spec06_v2.jpg    One last option would be to leave the competency unchanged regardless of the status of its children.",HTML audio tag removed from forum post,"A user wishes to embed a .wav file into a forum post.  Adding the .wav file via the text editor's media button only inserts a hyperlink to the file (see MDL-54846).  Using the text editor's source mode, the user attempts to embed the uploaded .wav file using the HTML 5 audio tag.  However, upon saving, the audio tag is automatically removed so the file is not embedded.  Using the same code in a page resource, the audio tag is not removed.     *STEPS TO REPLICATE*      	1. Create a forum activity.  	2. Add a new post to the forum.  	3. Click the Media button on the text editor.  	4. Upload a .wav file and then click the insert media button.  The .wav file is added to the page as a hyperlink.  	5. Click the HTML button on the text editor to switch into source mode.  	6. Update the HTML using the HTML 5 audio tag to embed the .wav file into the page.  Same code:  {noformat}  <p>The wav file should be embedded.</p>  <audio controls>  <source src=""http://core2next-sandbox.mrooms.net/draftfile.php/612/user/draft/162587154/a2002011001-e02.wav"" type=""audio/wav"">  Your browser does not support the audio element.  </audio>  {noformat}  	7. Submit the post.  	8. Read the post.  Also edit the post and click the HTML button on the text editor.     OBSERVED BEHAVIOR:   The .wav file is not embedded in the HTML.  The audio tag has been removed.  The resulting HTML:  {noformat}  <p>The wav file should be embedded.</p>Your browser does not support the audio element.  {noformat}     EXPECTED BEHAVIOR:   The audio tag is retained in the HTML.  The .wav file is embedded into the forum post allowing the audio file to be played directly from the post.     *REPLICATION LOCATIONS*   Behavior has been replicated in 3.0.4 and 2.9.3.    *ADDITIONAL INVESTIGATION NOTES*   	1. The audio tag is removed from the forum post HTML regardless of the file type being embedded.  For example, attempting to embed an .mp3 file with the audio tag also results in the audio tag being removed.  	2. Behavior was replicated with both the Atto and TinyMCE text editors.     *USER IMPACT*   An instructor teaching a sound design course would like for students to be able to share their .wav files within forums.  The .wav file format is not among the file formats currently handled by Moodle's media embedding features (see MDL-54846).  A potential work-around would be manually entered the necessary HTML to embed the file, but this cannot be done when the audio tag is automatically removed.",1,1,8,3,2026-05-14T15:07:19Z,2026-05-14T16:28:33Z,4873.617,"{""Decision"": 1}"
moodle,2,MDL-53152,MDL-47460,lessc Less compilation computes variable mathematics at a different time,"I use a moodle theme which is based on bootstrapbase. After upgraded the moodle from 2.9 to 3.0-latest, the dropdown menu cannot be shown correctly. Compared with 2.9, I found the 3.0 missed one css style which is defined in  theme/bootstrapbase/style/moodle.css:  @media (min-width:{color:red}980px{color}){.nav-collapse.collapse{height:auto !important;overflow:visible !important}}  In 3.0 it changed to :  @media (min-width:{color:red}979px + 1{color}){.nav-collapse.collapse{height:auto !important;overflow:visible !important}}    It is generated from theme/bootstrapbase/less/bootstrap/responsive-navbar.less, in which the variable @navbarCollapseDesktopWidth is refered. And the @navbarCollapseDesktopWidth is defined in theme/bootstrapbase/less/bootstrap/variables.less, like:  @navbarCollapseWidth:             979px;  @navbarCollapseDesktopWidth:      @navbarCollapseWidth + 1;    The solution is adding parentheses for @navbarCollapseDesktopWidth in  theme/bootstrapbase/less/bootstrap/responsive-navbar.less, like:  @media (min-width: (@navbarCollapseDesktopWidth)) {  then generating the moodle.css file again by using: grunt css.",Event monitor: Fix missing alt on icons,"The delete, edit and copy icons don't have an alt message, this is necessary to behat tests.",1,-1,1,3,2026-05-14T15:07:19Z,2026-05-14T16:28:33Z,4873.688,"{""Decision"": 1}"
moodle,2,MDL-51504,MDL-47307,Template due date must not be set in the past,We need to validate the due date so that it cannot be set in the past:    - For new templates.  - For existing templates updating their due date.    No need to bother about user plans for now.,Upgrade Markdown to 1.4.1 for Moodle 2.8 release,Library: Markdown original+extra	  Current version: 1.4.0	  Latest version: 1.4.1	  http://michelf.ca/projects/php-markdown/    Make sure to update files:  - lib/markdown/ (library itself)  - lib/thirdpartylibs.xml (indicate the current version)  - lib/markdown/readme_moodle.txt (indicate the current version and/or changes made),1,-1,1,5,2026-05-14T15:07:19Z,2026-05-14T16:28:33Z,4874.447,"{""Decision"": 1}"
moodle,2,MDL-53196,MDL-51042,Add relevant record snapshot to existing events,"I failed to notice and explain what _record snapshots_ were and therefore most of the events in _tool_lp_ do not include any snapshot. This issue is about checking the existing events and where they are triggered from and add relevant snapshots where they are missing.    I think this means:    # Adding self to the _create_from_*()_ methods:  {noformat}  $event->add_record_snapshot(self::TABLE, $this->to_record());  {noformat}  # Add extra snapshots where they are triggered  #- For instance when a user competency is updated, adding the snapshot of the competency if we have it, etc...",Create a statistics report for a learning plan template,https://docs.moodle.org/dev/images_dev/2/2a/cbe_spec13.jpg,-1,-1,1,5,2026-05-14T15:07:19Z,2026-05-14T16:28:34Z,4874.678,"{""Decision"": -1}"
moodle,2,MDL-46662,MDL-47430,Accessibility improvements for gradereport course header and aggregation controls.,Provide accessibility improvements on the gradereport for screen readers. Specifically label-hides for the course header to indicate what is currently being displayed by the gradereport and altering the alt-text for the aggregation icon to better indicate it's functionality.,Natural aggregation normalizes values to the range mingrade -> maxgrade - it should use 0 -> maxgrade,"While this behaviour is logical - it is different to the old behaviour - and since nothing in the spec says to change it - we need to update the code to work like ""sum of grades"" used to and write a behat test to lock it in.     Quick explanation of what should happen:  Manual grade item with a min grade of 10 and a max grade of 20  If I get 15 for this item - 20 should be added to the category grademax and 15 added to the total (Assuming automatic weights).     Manual grade item with a min grade of -10 and a max grade of 20  If I get 15 for this item - 20 should be added to the category grademax and 15 added to the total (Assuming automatic weights).     A Scale should use the values 0 - number items in the scale. The first item in the scale gets a grade of 1, 0 is for items set to ""No grade""",-1,1,20,13,2026-05-14T15:07:19Z,2026-05-14T16:28:34Z,4875.237,"{""Decision"": -1}"
moodle,2,MDL-47457,MDL-52847,We need a log in icon for the user menu.,"We need a log in icon for the user menu.    There is a todo in code for this issue (around user/lib.php line 688).  The user menu usually shows an icon for each item, however if you log in as guest there is no icon for logging in as a valid user.",Error when duplicating framework whitout competencies,When we duplicate a framework without competency we get the following error:    error/Error while duplicating the competency framework.  File:  ...l/lp/classes/api.php  Line:  487,-1,1,3,1,2026-05-14T15:07:19Z,2026-05-14T16:44:16Z,5817.241,"{""Decision"": -1}"
moodle,2,MDL-51962,MDL-51598,Validate that the grade set in user_competency is valid,The grade in a user_competency should be validated against the scale.,Wrong number of competencies displayed in the list of competency frameworks,In the list of competency frameworks all frameworks have the same number of competencies.  The number displayed looks to be the number of records in table tool_lp_competency.,1,-1,1,2,2026-05-14T15:07:19Z,2026-05-14T16:44:18Z,5819.12,"{""Decision"": 1}"
moodle,2,MDL-47146,MDL-47153,Implement the prototyped changes,See MDL-46862. The changes in the prototype were made by commenting out code and similar. They changes can serve as a guide for the final version but do not meet acceptable coding standards.,Event monitor: Trigger various events,"When a rule critieria is met, an event should be triggered.    In this issue we should create the event + unit tests",1,1,20,8,2026-05-14T15:07:19Z,2026-05-14T16:44:18Z,5819.473,"{""Decision"": 1}"
moodle,2,MDL-52712,MDL-46736,Create event for template viewed,"This issue will create 1 event:    - \tool_lp\event\template_viewed    This event needs to be triggered in the views that display the template. As Ajax, and WS, do not access the page directly a new WS function needs to be created to trigger the event remotely. See _mod_book_view_book_ for example.    I would say that the only view we have displaying the template so far is _templatecompetencies.php_.    The event needs to be tested.",Handle grades associated with deleted grade items in the history report,"The query getting all the grades joins on grade_item to filter on course ID. Whenever a grade item is not found, the course ID would be considered as null and thus not being used.    We need to update the SQL query to handle the deleted grade items, possibly by joining on the grade_item_history table rather than the grade_item one.    {code}  $ git grep MDL-46736  grade/report/history/tests/report_test.php:        // TODO MDL-46736 Handle deleted/non-existing grade items.  {code}",1,-1,2,20,2026-05-14T15:07:19Z,2026-05-14T16:44:19Z,5819.504,"{""Decision"": 1}"
moodle,2,MDL-46873,MDL-51460,Publish prototype and publicise,Publish prototype and publicise,List frameworks' API function does not support order,"This is a recent regression, the parameters $sort and $order need to be combined because passed to _get_records_select_ otherwise the $order is not respected.    Unit tests should be added to confirm this behaviour.",-1,1,8,1,2026-05-14T15:07:19Z,2026-05-14T16:44:19Z,5819.986,"{""Decision"": -1}"
