method,pearson_correlation,spearman_correlation,mae,rmse,accuracy_within_1,accuracy_within_2,avg_response_time,total_predictions
zero_shot,0.3317987912983728,0.31681975155520137,0,0,0.24615384615384617,0.4461538461538462,0,65
few_shot,0.3006442463937184,0.5583408364085931,0,0,0.08695652173913043,0.17391304347826086,0,65
