metric,zero_shot_value,few_shot_value,difference,better_method,improvement_percentage
pearson_correlation,0.36548461216568695,0.25720044988142926,-0.10828416228425769,zero_shot,-29.627557133696424
spearman_correlation,0.43269671207745247,0.24710267276518813,-0.18559403931226434,zero_shot,-42.89240803822958
mean_absolute_error,2.6307692307692307,2.8153846153846156,-0.18461538461538485,zero_shot,7.017543859649132
accuracy_within_1,0.24615384615384617,0.2923076923076923,0.046153846153846156,few_shot,18.75
accuracy_within_2,0.5384615384615384,0.5384615384615384,0.0,zero_shot,0.0
