method,pearson_correlation,spearman_correlation,mae,rmse,accuracy_within_1,accuracy_within_2,avg_response_time,total_predictions,successful_predictions
zero_shot,0.36548461216568695,0.43269671207745247,2.6307692307692307,3.2081626661233518,0.24615384615384617,0.5384615384615384,0.4567928130810077,65,65
few_shot,0.25720044988142926,0.24710267276518813,2.8153846153846156,3.6563958715148406,0.2923076923076923,0.5384615384615384,4.6722174167633055,65,65
