method,pearson_correlation,spearman_correlation,mae,rmse,accuracy_within_1,accuracy_within_2,avg_response_time,total_predictions
zero_shot,0.45513283501743373,0.45594041066616453,0,0,0.26153846153846155,0.4461538461538462,0,65
few_shot,0.4554832071954891,0.5242179884962173,0,0,0.18461538461538463,0.26153846153846155,0,65
