{
  "project_name": "jirasoftware_filtered",
  "test_samples": 65,
  "few_shot_examples": 5,
  "zero_shot_metrics": {
    "pearson_correlation": 0.3680355856865881,
    "spearman_correlation": 0.37137002845398326,
    "mean_absolute_error": 5.338461538461538,
    "root_mean_squared_error": 6.671408569986724,
    "accuracy_within_1": 0.15384615384615385,
    "accuracy_within_2": 0.27692307692307694,
    "total_predictions": 65
  },
  "few_shot_metrics": {
    "pearson_correlation": 0.5037355178120414,
    "spearman_correlation": 0.5305178545601603,
    "mean_absolute_error": 1.4,
    "root_mean_squared_error": 2.123132663705287,
    "accuracy_within_1": 0.5692307692307692,
    "accuracy_within_2": 0.8153846153846154,
    "total_predictions": 65
  }
}