{
  "project_name": "jirasoftware_filtered",
  "test_samples": 65,
  "few_shot_examples": 5,
  "zero_shot_metrics": {
    "pearson_correlation": 0.3317987912983728,
    "spearman_correlation": 0.31681975155520137,
    "mean_absolute_error": 3.076923076923077,
    "root_mean_squared_error": 3.7580682435364214,
    "accuracy_within_1": 0.24615384615384617,
    "accuracy_within_2": 0.4461538461538462,
    "total_predictions": 65
  },
  "few_shot_metrics": {
    "pearson_correlation": 0.3006442463937184,
    "spearman_correlation": 0.5583408364085931,
    "mean_absolute_error": 4.782608695652174,
    "root_mean_squared_error": 5.868115763061909,
    "accuracy_within_1": 0.08695652173913043,
    "accuracy_within_2": 0.17391304347826086,
    "total_predictions": 65
  }
}